#
# There is insufficient memory for the Java Runtime Environment to continue.
# Native memory allocation (mmap) failed to map 369098752 bytes. Error detail: G1 virtual space
# Possible reasons:
#   The system is out of physical RAM or swap space
#   This process is running with CompressedOops enabled, and the Java Heap may be blocking the growth of the native heap
# Possible solutions:
#   Reduce memory load on the system
#   Increase physical memory or swap space
#   Check if swap backing store is full
#   Decrease Java heap size (-Xmx/-Xms)
#   Decrease number of Java threads
#   Decrease Java thread stack sizes (-Xss)
#   Set larger code cache with -XX:ReservedCodeCacheSize=
#   JVM is running with Unscaled Compressed Oops mode in which the Java heap is
#     placed in the first 4GB address space. The Java Heap base address is the
#     maximum limit for the native heap growth. Please use -XX:HeapBaseMinAddress
#     to set the Java Heap base and to place the Java Heap above 4GB virtual address.
# This output file may be truncated or incomplete.
#
#  Out of Memory Error (os_windows.cpp:3926), pid=28164, tid=36064
#
# JRE version: OpenJDK Runtime Environment (21.0.10) (build 21.0.10+-14961533-b1163.108)
# Java VM: OpenJDK 64-Bit Server VM (21.0.10+-14961533-b1163.108, mixed mode, tiered, compressed oops, compressed class ptrs, g1 gc, windows-amd64)
# No core dump will be written. Minidumps are not enabled by default on client versions of Windows
#

---------------  S U M M A R Y ------------

Command Line: --add-opens=java.base/java.lang=ALL-UNNAMED --add-opens=java.base/java.lang.invoke=ALL-UNNAMED --add-opens=java.base/java.util=ALL-UNNAMED --add-opens=java.prefs/java.util.prefs=ALL-UNNAMED --add-exports=jdk.compiler/com.sun.tools.javac.api=ALL-UNNAMED --add-exports=jdk.compiler/com.sun.tools.javac.util=ALL-UNNAMED --add-opens=java.base/java.util=ALL-UNNAMED --add-opens=java.prefs/java.util.prefs=ALL-UNNAMED --add-opens=java.base/java.nio.charset=ALL-UNNAMED --add-opens=java.base/java.net=ALL-UNNAMED --add-opens=java.base/java.util.concurrent=ALL-UNNAMED --add-opens=java.base/java.util.concurrent.atomic=ALL-UNNAMED --add-opens=java.xml/javax.xml.namespace=ALL-UNNAMED --add-opens=java.base/java.time=ALL-UNNAMED -Xmx2048m -Dfile.encoding=UTF-8 -Duser.country=ZA -Duser.language=en -Duser.variant -javaagent:C:\Users\Windows 10\.gradle\wrapper\dists\gradle-9.3.1-bin\23ovyewtku6u96viwx3xl3oks\gradle-9.3.1\lib\agents\gradle-instrumentation-agent-9.3.1.jar org.gradle.launcher.daemon.bootstrap.GradleDaemon 9.3.1

Host: AMD Ryzen 7 5700U with Radeon Graphics         , 16 cores, 7G,  Windows 11 , 64 bit Build 26100 (10.0.26100.8328)
Time: Mon Jun  8 20:16:54 2026 South Africa Standard Time elapsed time: 42.518736 seconds (0d 0h 0m 42s)

---------------  T H R E A D  ---------------

Current thread (0x00000188e2284bf0):  VMThread "VM Thread"          [id=36064, stack(0x0000001c4df00000,0x0000001c4e000000) (1024K)]

Stack: [0x0000001c4df00000,0x0000001c4e000000]
Native frames: (J=compiled Java code, j=interpreted, Vv=VM code, C=native code)
V  [jvm.dll+0x6d78a9]
V  [jvm.dll+0x8665b3]
V  [jvm.dll+0x868bde]
V  [jvm.dll+0x8692c3]
V  [jvm.dll+0x280ee6]
V  [jvm.dll+0x6d4165]
V  [jvm.dll+0x6c77fa]
V  [jvm.dll+0x358f4b]
V  [jvm.dll+0x360bc6]
V  [jvm.dll+0x3b2ea6]
V  [jvm.dll+0x3b3178]
V  [jvm.dll+0x32b65c]
V  [jvm.dll+0x32b6e7]
V  [jvm.dll+0x3715cc]
V  [jvm.dll+0x36fd7e]
V  [jvm.dll+0x32adb1]
V  [jvm.dll+0x36f480]
V  [jvm.dll+0x86f048]
V  [jvm.dll+0x870394]
V  [jvm.dll+0x8708d0]
V  [jvm.dll+0x870b63]
V  [jvm.dll+0x80fd28]
V  [jvm.dll+0x6d60fd]
C  [ucrtbase.dll+0x37b0]
C  [KERNEL32.DLL+0x2e957]
C  [ntdll.dll+0x427c]

VM_Operation (0x0000001c544fd010): G1CollectForAllocation, mode: safepoint, requested by thread 0x00000188eaec91d0


---------------  P R O C E S S  ---------------

Threads class SMR info:
_java_thread_list=0x00000188e8216a00, length=239, elements={
0x00000188c7ac70e0, 0x00000188e2316bc0, 0x00000188e23277f0, 0x00000188e2328250,
0x00000188e234d560, 0x00000188e234dfc0, 0x00000188e234fa80, 0x00000188e2358d00,
0x00000188e2379bd0, 0x00000188e237e0b0, 0x00000188e26773e0, 0x00000188e892c420,
0x00000188e29d11f0, 0x00000188e8c496a0, 0x00000188e88ca8b0, 0x00000188e8c6d1e0,
0x00000188e8d82050, 0x00000188e8ce2a30, 0x00000188e8ce30c0, 0x00000188e8ce3750,
0x00000188e8ce1680, 0x00000188e8ce02d0, 0x00000188e8ce0960, 0x00000188e8ce1d10,
0x00000188ea248550, 0x00000188ea2471a0, 0x00000188ea248be0, 0x00000188ea247830,
0x00000188ea246480, 0x00000188ea245df0, 0x00000188ea249270, 0x00000188ea249900,
0x00000188ea249f90, 0x00000188ea247ec0, 0x00000188ea24acb0, 0x00000188ea24b340,
0x00000188ea24b9d0, 0x00000188ea24c6f0, 0x00000188ea24cd80, 0x00000188ea24d410,
0x00000188e9ba43c0, 0x00000188e9ba4a50, 0x00000188e9ba3d30, 0x00000188e9ba50e0,
0x00000188e9ba5e00, 0x00000188e9ba5770, 0x00000188e9ba6490, 0x00000188e9ba3010,
0x00000188e9ba6b20, 0x00000188e9ba36a0, 0x00000188e9ba9280, 0x00000188e9ba8bf0,
0x00000188e9baa630, 0x00000188e9ba9910, 0x00000188e9ba9fa0, 0x00000188e9ba8560,
0x00000188e9ba71b0, 0x00000188e9ba7840, 0x00000188e9ba7ed0, 0x00000188ea32b600,
0x00000188ea32af70, 0x00000188ea328180, 0x00000188ea329530, 0x00000188ea32a8e0,
0x00000188ea32bc90, 0x00000188ea328810, 0x00000188ea32c320, 0x00000188ea328ea0,
0x00000188ea32d040, 0x00000188ea329bc0, 0x00000188ea32d6d0, 0x00000188ea32f7a0,
0x00000188ea32c9b0, 0x00000188eaec4310, 0x00000188eaec6a70, 0x00000188eaec3c80,
0x00000188eaec63e0, 0x00000188eaec7100, 0x00000188eaec5030, 0x00000188eaec7790,
0x00000188eaec56c0, 0x00000188eaec5d50, 0x00000188eaec49a0, 0x00000188eaec84b0,
0x00000188eaecac10, 0x00000188eaec91d0, 0x00000188eaec8b40, 0x00000188eaec9ef0,
0x00000188eaec9860, 0x00000188eaeca580, 0x00000188eaecb2a0, 0x00000188eaec7e20,
0x00000188ea074b10, 0x00000188ea0751a0, 0x00000188ea075830, 0x00000188ea074480,
0x00000188ea073df0, 0x00000188ea078620, 0x00000188ea076550, 0x00000188ea077900,
0x00000188ea076be0, 0x00000188ea077f90, 0x00000188ea078cb0, 0x00000188ea077270,
0x00000188ea079340, 0x00000188ea075ec0, 0x00000188ea07ad80, 0x00000188ea07b410,
0x00000188ea0799d0, 0x00000188ea07a060, 0x00000188ea07a6f0, 0x00000188ea7c3f30,
0x00000188ea7c52e0, 0x00000188ea7c4c50, 0x00000188ea7c5970, 0x00000188ea7c45c0,
0x00000188ea7c6000, 0x00000188ea7c2b80, 0x00000188ea7c38a0, 0x00000188ea7c9480,
0x00000188eb5817d0, 0x00000188f30cdeb0, 0x00000188f30cd820, 0x00000188f30cb750,
0x00000188f30cf260, 0x00000188f30ce540, 0x00000188f30cbde0, 0x00000188f30cc470,
0x00000188f30cf8f0, 0x00000188f30cff80, 0x00000188f30ccb00, 0x00000188f30d0610,
0x00000188f30cd190, 0x00000188f30d0ca0, 0x00000188f30d1330, 0x00000188f30d26e0,
0x00000188f30d2050, 0x00000188f30d19c0, 0x00000188eb582b80, 0x00000188eb57f700,
0x00000188eb57fd90, 0x00000188eb585970, 0x00000188eb5838a0, 0x00000188eb583f30,
0x00000188eb584c50, 0x00000188ea7c73b0, 0x00000188ea7c7a40, 0x00000188ea7c8df0,
0x00000188ebf68d60, 0x00000188ebf686d0, 0x00000188ebf68040, 0x00000188ebf67320,
0x00000188ebf693f0, 0x00000188ebf69a80, 0x00000188ebf679b0, 0x00000188ebf6a110,
0x00000188ebf6b4c0, 0x00000188ebf6ae30, 0x00000188ebf6cf00, 0x00000188ebf6c870,
0x00000188ebf6c1e0, 0x00000188ebf6d590, 0x00000188ebf6dc20, 0x00000188ebf6e2b0,
0x00000188ebf6e940, 0x00000188ebf6efd0, 0x00000188ebf6bb50, 0x00000188ebf71730,
0x00000188ebf72450, 0x00000188ebf71dc0, 0x00000188ebf72ae0, 0x00000188ebf6f660,
0x00000188ebf73170, 0x00000188ebf70380, 0x00000188ebf710a0, 0x00000188ebf70a10,
0x00000188ebf6fcf0, 0x00000188ebf75240, 0x00000188ebf758d0, 0x00000188ebf75f60,
0x00000188ebf765f0, 0x00000188ebf74bb0, 0x00000188ebf73800, 0x00000188ebf73e90,
0x00000188ebf74520, 0x00000188eb586000, 0x00000188f30cb0c0, 0x00000188f1cdcba0,
0x00000188f1cdc510, 0x00000188f1cde5e0, 0x00000188f1cdf300, 0x00000188f1ce0020,
0x00000188f1cdd230, 0x00000188f1ce0d40, 0x00000188f1cdd8c0, 0x00000188f1cdec70,
0x00000188f1cdf990, 0x00000188f1ce13d0, 0x00000188f1ce06b0, 0x00000188f1ce1a60,
0x00000188f1ce3b30, 0x00000188f1ce20f0, 0x00000188f1ce2e10, 0x00000188f1ce2780,
0x00000188f24d5f20, 0x00000188f24d8680, 0x00000188f24d7960, 0x00000188f24d9a30,
0x00000188f24d72d0, 0x00000188f24d6c40, 0x00000188f24d65b0, 0x00000188f24da0c0,
0x00000188f24da750, 0x00000188f24d7ff0, 0x00000188f24db470, 0x00000188f24dade0,
0x00000188f24d8d10, 0x00000188f24de8f0, 0x00000188f24def80, 0x00000188f24dceb0,
0x00000188f24e4b60, 0x00000188f24e16e0, 0x00000188f24e1d70, 0x00000188f1ce34a0,
0x00000188ebd98ee0, 0x00000188ebd97b30, 0x00000188ebd95a60, 0x00000188ebd9eac0,
0x00000188ebd9fe70, 0x00000188ebd9c9f0, 0x00000188ebda0500, 0x00000188ebda0b90,
0x00000188ebd9d710, 0x00000188ebda32f0, 0x00000188ebda25d0, 0x00000188ebda46a0,
0x00000188ebda1220, 0x00000188f1b88f60, 0x00000188f1b8a3d0
}

Java Threads: ( => current thread )
  0x00000188c7ac70e0 JavaThread "main"                              [_thread_blocked, id=36652, stack(0x0000001c4d800000,0x0000001c4d900000) (1024K)]
  0x00000188e2316bc0 JavaThread "Common-Cleaner"             daemon [_thread_blocked, id=33580, stack(0x0000001c4e000000,0x0000001c4e100000) (1024K)]
  0x00000188e23277f0 JavaThread "Reference Handler"          daemon [_thread_blocked, id=14248, stack(0x0000001c4e100000,0x0000001c4e200000) (1024K)]
  0x00000188e2328250 JavaThread "Finalizer"                  daemon [_thread_blocked, id=13028, stack(0x0000001c4e200000,0x0000001c4e300000) (1024K)]
  0x00000188e234d560 JavaThread "Signal Dispatcher"          daemon [_thread_blocked, id=33328, stack(0x0000001c4e300000,0x0000001c4e400000) (1024K)]
  0x00000188e234dfc0 JavaThread "Attach Listener"            daemon [_thread_blocked, id=3324, stack(0x0000001c4e400000,0x0000001c4e500000) (1024K)]
  0x00000188e234fa80 JavaThread "Service Thread"             daemon [_thread_blocked, id=16792, stack(0x0000001c4e500000,0x0000001c4e600000) (1024K)]
  0x00000188e2358d00 JavaThread "Monitor Deflation Thread"   daemon [_thread_blocked, id=27156, stack(0x0000001c4e600000,0x0000001c4e700000) (1024K)]
  0x00000188e2379bd0 JavaThread "C2 CompilerThread0"         daemon [_thread_blocked, id=34268, stack(0x0000001c4e700000,0x0000001c4e800000) (1024K)]
  0x00000188e237e0b0 JavaThread "C1 CompilerThread0"         daemon [_thread_blocked, id=29716, stack(0x0000001c4e800000,0x0000001c4e900000) (1024K)]
  0x00000188e26773e0 JavaThread "Notification Thread"        daemon [_thread_blocked, id=16972, stack(0x0000001c4ea00000,0x0000001c4eb00000) (1024K)]
  0x00000188e892c420 JavaThread "Daemon health stats"               [_thread_blocked, id=30988, stack(0x0000001c4f100000,0x0000001c4f200000) (1024K)]
  0x00000188e29d11f0 JavaThread "Incoming local TCP Connector on port 53095"        [_thread_in_native, id=8668, stack(0x0000001c4f200000,0x0000001c4f300000) (1024K)]
  0x00000188e8c496a0 JavaThread "Daemon periodic checks"            [_thread_blocked, id=36752, stack(0x0000001c4f300000,0x0000001c4f400000) (1024K)]
  0x00000188e88ca8b0 JavaThread "Daemon"                            [_thread_blocked, id=20520, stack(0x0000001c4f400000,0x0000001c4f500000) (1024K)]
  0x00000188e8c6d1e0 JavaThread "Handler for socket connection from /127.0.0.1:53095 to /127.0.0.1:53096"        [_thread_in_native, id=1892, stack(0x0000001c4f500000,0x0000001c4f600000) (1024K)]
  0x00000188e8d82050 JavaThread "Cancel handler"                    [_thread_blocked, id=20108, stack(0x0000001c4ff00000,0x0000001c50000000) (1024K)]
  0x00000188e8ce2a30 JavaThread "Daemon worker"                     [_thread_blocked, id=34660, stack(0x0000001c50000000,0x0000001c50100000) (1024K)]
  0x00000188e8ce30c0 JavaThread "Asynchronous log dispatcher for DefaultDaemonConnection: socket connection from /127.0.0.1:53095 to /127.0.0.1:53096"        [_thread_blocked, id=28152, stack(0x0000001c50100000,0x0000001c50200000) (1024K)]
  0x00000188e8ce3750 JavaThread "Stdin handler"                     [_thread_blocked, id=36484, stack(0x0000001c50200000,0x0000001c50300000) (1024K)]
  0x00000188e8ce1680 JavaThread "Daemon client event forwarder"        [_thread_blocked, id=33444, stack(0x0000001c50300000,0x0000001c50400000) (1024K)]
  0x00000188e8ce02d0 JavaThread "Cache worker for journal cache (C:\Users\Windows 10\.gradle\caches\journal-1)"        [_thread_blocked, id=33420, stack(0x0000001c50400000,0x0000001c50500000) (1024K)]
  0x00000188e8ce0960 JavaThread "File lock request listener"        [_thread_in_native, id=30808, stack(0x0000001c50500000,0x0000001c50600000) (1024K)]
  0x00000188e8ce1d10 JavaThread "Cache worker for file hash cache (C:\Users\Windows 10\.gradle\caches\9.3.1\fileHashes)"        [_thread_blocked, id=31824, stack(0x0000001c50600000,0x0000001c50700000) (1024K)]
  0x00000188ea248550 JavaThread "Cache worker for file hash cache (C:\Users\Windows 10\Videos\smartcent2\.gradle\9.3.1\fileHashes)"        [_thread_blocked, id=32592, stack(0x0000001c50700000,0x0000001c50800000) (1024K)]
  0x00000188ea2471a0 JavaThread "Cache worker for Build Output Cleanup Cache (C:\Users\Windows 10\Videos\smartcent2\.gradle\buildOutputCleanup)"        [_thread_blocked, id=28080, stack(0x0000001c50800000,0x0000001c50900000) (1024K)]
  0x00000188ea248be0 JavaThread "File watcher server"        daemon [_thread_blocked, id=32012, stack(0x0000001c50900000,0x0000001c50a00000) (1024K)]
  0x00000188ea247830 JavaThread "File watcher consumer"      daemon [_thread_blocked, id=27812, stack(0x0000001c50a00000,0x0000001c50b00000) (1024K)]
  0x00000188ea246480 JavaThread "Cache worker for checksums cache (C:\Users\Windows 10\Videos\smartcent2\.gradle\9.3.1\checksums)"        [_thread_blocked, id=27148, stack(0x0000001c50b00000,0x0000001c50c00000) (1024K)]
  0x00000188ea245df0 JavaThread "Cache worker for file content cache (C:\Users\Windows 10\.gradle\caches\9.3.1\fileContent)"        [_thread_blocked, id=2816, stack(0x0000001c50c00000,0x0000001c50d00000) (1024K)]
  0x00000188ea249270 JavaThread "Cache worker for cache directory md-supplier (C:\Users\Windows 10\.gradle\caches\9.3.1\md-supplier)"        [_thread_blocked, id=28324, stack(0x0000001c50d00000,0x0000001c50e00000) (1024K)]
  0x00000188ea249900 JavaThread "Cache worker for cache directory md-rule (C:\Users\Windows 10\.gradle\caches\9.3.1\md-rule)"        [_thread_blocked, id=35480, stack(0x0000001c50e00000,0x0000001c50f00000) (1024K)]
  0x00000188ea249f90 JavaThread "jar transforms"                    [_thread_blocked, id=21608, stack(0x0000001c50f00000,0x0000001c51000000) (1024K)]
  0x00000188ea247ec0 JavaThread "jar transforms Thread 2"           [_thread_blocked, id=32508, stack(0x0000001c51000000,0x0000001c51100000) (1024K)]
  0x00000188ea24acb0 JavaThread "jar transforms Thread 3"           [_thread_blocked, id=27092, stack(0x0000001c51100000,0x0000001c51200000) (1024K)]
  0x00000188ea24b340 JavaThread "Unconstrained build operations"        [_thread_blocked, id=31100, stack(0x0000001c51200000,0x0000001c51300000) (1024K)]
  0x00000188ea24b9d0 JavaThread "Unconstrained build operations Thread 2"        [_thread_blocked, id=36336, stack(0x0000001c51300000,0x0000001c51400000) (1024K)]
  0x00000188ea24c6f0 JavaThread "Unconstrained build operations Thread 3"        [_thread_blocked, id=28820, stack(0x0000001c51400000,0x0000001c51500000) (1024K)]
  0x00000188ea24cd80 JavaThread "Unconstrained build operations Thread 4"        [_thread_blocked, id=33892, stack(0x0000001c51500000,0x0000001c51600000) (1024K)]
  0x00000188ea24d410 JavaThread "Unconstrained build operations Thread 5"        [_thread_blocked, id=36840, stack(0x0000001c51600000,0x0000001c51700000) (1024K)]
  0x00000188e9ba43c0 JavaThread "Unconstrained build operations Thread 6"        [_thread_blocked, id=30748, stack(0x0000001c51700000,0x0000001c51800000) (1024K)]
  0x00000188e9ba4a50 JavaThread "Unconstrained build operations Thread 7"        [_thread_blocked, id=31968, stack(0x0000001c51800000,0x0000001c51900000) (1024K)]
  0x00000188e9ba3d30 JavaThread "Unconstrained build operations Thread 8"        [_thread_blocked, id=28804, stack(0x0000001c51900000,0x0000001c51a00000) (1024K)]
  0x00000188e9ba50e0 JavaThread "Unconstrained build operations Thread 9"        [_thread_blocked, id=25844, stack(0x0000001c51a00000,0x0000001c51b00000) (1024K)]
  0x00000188e9ba5e00 JavaThread "Unconstrained build operations Thread 10"        [_thread_blocked, id=24348, stack(0x0000001c51b00000,0x0000001c51c00000) (1024K)]
  0x00000188e9ba5770 JavaThread "Unconstrained build operations Thread 11"        [_thread_blocked, id=18280, stack(0x0000001c51c00000,0x0000001c51d00000) (1024K)]
  0x00000188e9ba6490 JavaThread "Unconstrained build operations Thread 12"        [_thread_blocked, id=31068, stack(0x0000001c51d00000,0x0000001c51e00000) (1024K)]
  0x00000188e9ba3010 JavaThread "Unconstrained build operations Thread 13"        [_thread_blocked, id=10540, stack(0x0000001c51e00000,0x0000001c51f00000) (1024K)]
  0x00000188e9ba6b20 JavaThread "Unconstrained build operations Thread 14"        [_thread_blocked, id=34700, stack(0x0000001c51f00000,0x0000001c52000000) (1024K)]
  0x00000188e9ba36a0 JavaThread "Unconstrained build operations Thread 15"        [_thread_blocked, id=34928, stack(0x0000001c52000000,0x0000001c52100000) (1024K)]
  0x00000188e9ba9280 JavaThread "Unconstrained build operations Thread 16"        [_thread_blocked, id=27460, stack(0x0000001c52100000,0x0000001c52200000) (1024K)]
  0x00000188e9ba8bf0 JavaThread "Unconstrained build operations Thread 17"        [_thread_blocked, id=24024, stack(0x0000001c52200000,0x0000001c52300000) (1024K)]
  0x00000188e9baa630 JavaThread "Unconstrained build operations Thread 18"        [_thread_blocked, id=32540, stack(0x0000001c52300000,0x0000001c52400000) (1024K)]
  0x00000188e9ba9910 JavaThread "Unconstrained build operations Thread 19"        [_thread_blocked, id=35368, stack(0x0000001c52400000,0x0000001c52500000) (1024K)]
  0x00000188e9ba9fa0 JavaThread "Unconstrained build operations Thread 20"        [_thread_blocked, id=14324, stack(0x0000001c52500000,0x0000001c52600000) (1024K)]
  0x00000188e9ba8560 JavaThread "jar transforms Thread 4"           [_thread_blocked, id=1736, stack(0x0000001c52600000,0x0000001c52700000) (1024K)]
  0x00000188e9ba71b0 JavaThread "jar transforms Thread 5"           [_thread_blocked, id=34624, stack(0x0000001c52700000,0x0000001c52800000) (1024K)]
  0x00000188e9ba7840 JavaThread "Unconstrained build operations Thread 21"        [_thread_blocked, id=35756, stack(0x0000001c52800000,0x0000001c52900000) (1024K)]
  0x00000188e9ba7ed0 JavaThread "Unconstrained build operations Thread 22"        [_thread_blocked, id=33176, stack(0x0000001c52900000,0x0000001c52a00000) (1024K)]
  0x00000188ea32b600 JavaThread "Unconstrained build operations Thread 23"        [_thread_blocked, id=30496, stack(0x0000001c52a00000,0x0000001c52b00000) (1024K)]
  0x00000188ea32af70 JavaThread "Unconstrained build operations Thread 24"        [_thread_blocked, id=33208, stack(0x0000001c52b00000,0x0000001c52c00000) (1024K)]
  0x00000188ea328180 JavaThread "Unconstrained build operations Thread 25"        [_thread_blocked, id=33052, stack(0x0000001c52c00000,0x0000001c52d00000) (1024K)]
  0x00000188ea329530 JavaThread "Unconstrained build operations Thread 26"        [_thread_blocked, id=33716, stack(0x0000001c52d00000,0x0000001c52e00000) (1024K)]
  0x00000188ea32a8e0 JavaThread "Unconstrained build operations Thread 27"        [_thread_blocked, id=30956, stack(0x0000001c52e00000,0x0000001c52f00000) (1024K)]
  0x00000188ea32bc90 JavaThread "Unconstrained build operations Thread 28"        [_thread_blocked, id=30280, stack(0x0000001c52f00000,0x0000001c53000000) (1024K)]
  0x00000188ea328810 JavaThread "Unconstrained build operations Thread 29"        [_thread_blocked, id=18740, stack(0x0000001c53000000,0x0000001c53100000) (1024K)]
  0x00000188ea32c320 JavaThread "Unconstrained build operations Thread 30"        [_thread_blocked, id=18800, stack(0x0000001c53100000,0x0000001c53200000) (1024K)]
  0x00000188ea328ea0 JavaThread "jar transforms Thread 6"           [_thread_blocked, id=32068, stack(0x0000001c53200000,0x0000001c53300000) (1024K)]
  0x00000188ea32d040 JavaThread "jar transforms Thread 7"           [_thread_blocked, id=36472, stack(0x0000001c53300000,0x0000001c53400000) (1024K)]
  0x00000188ea329bc0 JavaThread "jar transforms Thread 8"           [_thread_blocked, id=9376, stack(0x0000001c53400000,0x0000001c53500000) (1024K)]
  0x00000188ea32d6d0 JavaThread "Unconstrained build operations Thread 31"        [_thread_blocked, id=25892, stack(0x0000001c53500000,0x0000001c53600000) (1024K)]
  0x00000188ea32f7a0 JavaThread "Unconstrained build operations Thread 32"        [_thread_blocked, id=27684, stack(0x0000001c53600000,0x0000001c53700000) (1024K)]
  0x00000188ea32c9b0 JavaThread "Unconstrained build operations Thread 33"        [_thread_blocked, id=33520, stack(0x0000001c53700000,0x0000001c53800000) (1024K)]
  0x00000188eaec4310 JavaThread "Unconstrained build operations Thread 34"        [_thread_blocked, id=2964, stack(0x0000001c53800000,0x0000001c53900000) (1024K)]
  0x00000188eaec6a70 JavaThread "Unconstrained build operations Thread 35"        [_thread_blocked, id=35548, stack(0x0000001c53900000,0x0000001c53a00000) (1024K)]
  0x00000188eaec3c80 JavaThread "Unconstrained build operations Thread 36"        [_thread_blocked, id=18188, stack(0x0000001c53a00000,0x0000001c53b00000) (1024K)]
  0x00000188eaec63e0 JavaThread "Unconstrained build operations Thread 37"        [_thread_blocked, id=23036, stack(0x0000001c53b00000,0x0000001c53c00000) (1024K)]
  0x00000188eaec7100 JavaThread "Unconstrained build operations Thread 38"        [_thread_blocked, id=22012, stack(0x0000001c53c00000,0x0000001c53d00000) (1024K)]
  0x00000188eaec5030 JavaThread "Unconstrained build operations Thread 39"        [_thread_blocked, id=240, stack(0x0000001c53d00000,0x0000001c53e00000) (1024K)]
  0x00000188eaec7790 JavaThread "Unconstrained build operations Thread 40"        [_thread_blocked, id=28624, stack(0x0000001c53e00000,0x0000001c53f00000) (1024K)]
  0x00000188eaec56c0 JavaThread "Unconstrained build operations Thread 41"        [_thread_blocked, id=4140, stack(0x0000001c53f00000,0x0000001c54000000) (1024K)]
  0x00000188eaec5d50 JavaThread "Unconstrained build operations Thread 42"        [_thread_blocked, id=1768, stack(0x0000001c54000000,0x0000001c54100000) (1024K)]
  0x00000188eaec49a0 JavaThread "Unconstrained build operations Thread 43"        [_thread_blocked, id=31924, stack(0x0000001c54100000,0x0000001c54200000) (1024K)]
  0x00000188eaec84b0 JavaThread "Unconstrained build operations Thread 44"        [_thread_blocked, id=27620, stack(0x0000001c54200000,0x0000001c54300000) (1024K)]
  0x00000188eaecac10 JavaThread "Unconstrained build operations Thread 45"        [_thread_blocked, id=30856, stack(0x0000001c54300000,0x0000001c54400000) (1024K)]
  0x00000188eaec91d0 JavaThread "Unconstrained build operations Thread 46"        [_thread_blocked, id=34400, stack(0x0000001c54400000,0x0000001c54500000) (1024K)]
  0x00000188eaec8b40 JavaThread "Unconstrained build operations Thread 47"        [_thread_blocked, id=4584, stack(0x0000001c54500000,0x0000001c54600000) (1024K)]
  0x00000188eaec9ef0 JavaThread "Unconstrained build operations Thread 48"        [_thread_blocked, id=21320, stack(0x0000001c54600000,0x0000001c54700000) (1024K)]
  0x00000188eaec9860 JavaThread "Unconstrained build operations Thread 49"        [_thread_blocked, id=29820, stack(0x0000001c54700000,0x0000001c54800000) (1024K)]
  0x00000188eaeca580 JavaThread "Unconstrained build operations Thread 50"        [_thread_blocked, id=32120, stack(0x0000001c54800000,0x0000001c54900000) (1024K)]
  0x00000188eaecb2a0 JavaThread "Unconstrained build operations Thread 51"        [_thread_blocked, id=31436, stack(0x0000001c54900000,0x0000001c54a00000) (1024K)]
  0x00000188eaec7e20 JavaThread "Unconstrained build operations Thread 52"        [_thread_blocked, id=28776, stack(0x0000001c54a00000,0x0000001c54b00000) (1024K)]
  0x00000188ea074b10 JavaThread "Unconstrained build operations Thread 53"        [_thread_blocked, id=15908, stack(0x0000001c54b00000,0x0000001c54c00000) (1024K)]
  0x00000188ea0751a0 JavaThread "Unconstrained build operations Thread 54"        [_thread_blocked, id=22632, stack(0x0000001c54c00000,0x0000001c54d00000) (1024K)]
  0x00000188ea075830 JavaThread "Unconstrained build operations Thread 55"        [_thread_blocked, id=8340, stack(0x0000001c54d00000,0x0000001c54e00000) (1024K)]
  0x00000188ea074480 JavaThread "Unconstrained build operations Thread 56"        [_thread_blocked, id=33944, stack(0x0000001c54e00000,0x0000001c54f00000) (1024K)]
  0x00000188ea073df0 JavaThread "Unconstrained build operations Thread 57"        [_thread_blocked, id=31936, stack(0x0000001c54f00000,0x0000001c55000000) (1024K)]
  0x00000188ea078620 JavaThread "Unconstrained build operations Thread 58"        [_thread_blocked, id=23972, stack(0x0000001c55000000,0x0000001c55100000) (1024K)]
  0x00000188ea076550 JavaThread "Unconstrained build operations Thread 59"        [_thread_blocked, id=18036, stack(0x0000001c55100000,0x0000001c55200000) (1024K)]
  0x00000188ea077900 JavaThread "Unconstrained build operations Thread 60"        [_thread_blocked, id=31288, stack(0x0000001c55200000,0x0000001c55300000) (1024K)]
  0x00000188ea076be0 JavaThread "Unconstrained build operations Thread 61"        [_thread_blocked, id=29220, stack(0x0000001c55300000,0x0000001c55400000) (1024K)]
  0x00000188ea077f90 JavaThread "Unconstrained build operations Thread 62"        [_thread_blocked, id=36256, stack(0x0000001c55400000,0x0000001c55500000) (1024K)]
  0x00000188ea078cb0 JavaThread "Unconstrained build operations Thread 63"        [_thread_blocked, id=34580, stack(0x0000001c55500000,0x0000001c55600000) (1024K)]
  0x00000188ea077270 JavaThread "Unconstrained build operations Thread 64"        [_thread_blocked, id=31860, stack(0x0000001c55600000,0x0000001c55700000) (1024K)]
  0x00000188ea079340 JavaThread "Unconstrained build operations Thread 65"        [_thread_blocked, id=30140, stack(0x0000001c55700000,0x0000001c55800000) (1024K)]
  0x00000188ea075ec0 JavaThread "Unconstrained build operations Thread 66"        [_thread_blocked, id=34640, stack(0x0000001c55800000,0x0000001c55900000) (1024K)]
  0x00000188ea07ad80 JavaThread "Unconstrained build operations Thread 67"        [_thread_blocked, id=35032, stack(0x0000001c55900000,0x0000001c55a00000) (1024K)]
  0x00000188ea07b410 JavaThread "Unconstrained build operations Thread 68"        [_thread_blocked, id=33056, stack(0x0000001c55a00000,0x0000001c55b00000) (1024K)]
  0x00000188ea0799d0 JavaThread "Unconstrained build operations Thread 69"        [_thread_blocked, id=4276, stack(0x0000001c55b00000,0x0000001c55c00000) (1024K)]
  0x00000188ea07a060 JavaThread "Unconstrained build operations Thread 70"        [_thread_blocked, id=23936, stack(0x0000001c55c00000,0x0000001c55d00000) (1024K)]
  0x00000188ea07a6f0 JavaThread "Unconstrained build operations Thread 71"        [_thread_blocked, id=18408, stack(0x0000001c55d00000,0x0000001c55e00000) (1024K)]
  0x00000188ea7c3f30 JavaThread "Unconstrained build operations Thread 72"        [_thread_blocked, id=4756, stack(0x0000001c55e00000,0x0000001c55f00000) (1024K)]
  0x00000188ea7c52e0 JavaThread "Unconstrained build operations Thread 73"        [_thread_blocked, id=10960, stack(0x0000001c55f00000,0x0000001c56000000) (1024K)]
  0x00000188ea7c4c50 JavaThread "Unconstrained build operations Thread 74"        [_thread_blocked, id=20880, stack(0x0000001c56000000,0x0000001c56100000) (1024K)]
  0x00000188ea7c5970 JavaThread "Unconstrained build operations Thread 75"        [_thread_blocked, id=30584, stack(0x0000001c56100000,0x0000001c56200000) (1024K)]
  0x00000188ea7c45c0 JavaThread "Unconstrained build operations Thread 76"        [_thread_blocked, id=5436, stack(0x0000001c56200000,0x0000001c56300000) (1024K)]
  0x00000188ea7c6000 JavaThread "Unconstrained build operations Thread 77"        [_thread_blocked, id=8484, stack(0x0000001c56300000,0x0000001c56400000) (1024K)]
  0x00000188ea7c2b80 JavaThread "Unconstrained build operations Thread 78"        [_thread_blocked, id=4320, stack(0x0000001c56400000,0x0000001c56500000) (1024K)]
  0x00000188ea7c38a0 JavaThread "build event listener"              [_thread_blocked, id=34544, stack(0x0000001c4e900000,0x0000001c4ea00000) (1024K)]
  0x00000188ea7c9480 JavaThread "Memory manager"                    [_thread_blocked, id=35604, stack(0x0000001c56500000,0x0000001c56600000) (1024K)]
  0x00000188eb5817d0 JavaThread "build event listener"              [_thread_blocked, id=36628, stack(0x0000001c56600000,0x0000001c56700000) (1024K)]
  0x00000188f30cdeb0 JavaThread "included builds"                   [_thread_blocked, id=35016, stack(0x0000001c4d600000,0x0000001c4d700000) (1024K)]
  0x00000188f30cd820 JavaThread "Execution worker"                  [_thread_blocked, id=36860, stack(0x0000001c56a00000,0x0000001c56b00000) (1024K)]
  0x00000188f30cb750 JavaThread "Execution worker Thread 2"         [_thread_blocked, id=36384, stack(0x0000001c56b00000,0x0000001c56c00000) (1024K)]
  0x00000188f30cf260 JavaThread "Execution worker Thread 3"         [_thread_blocked, id=31980, stack(0x0000001c56c00000,0x0000001c56d00000) (1024K)]
  0x00000188f30ce540 JavaThread "Execution worker Thread 4"         [_thread_blocked, id=36304, stack(0x0000001c56d00000,0x0000001c56e00000) (1024K)]
  0x00000188f30cbde0 JavaThread "Execution worker Thread 5"         [_thread_blocked, id=24932, stack(0x0000001c56e00000,0x0000001c56f00000) (1024K)]
  0x00000188f30cc470 JavaThread "Execution worker Thread 6"         [_thread_blocked, id=35216, stack(0x0000001c56f00000,0x0000001c57000000) (1024K)]
  0x00000188f30cf8f0 JavaThread "Execution worker Thread 7"         [_thread_blocked, id=31240, stack(0x0000001c57000000,0x0000001c57100000) (1024K)]
  0x00000188f30cff80 JavaThread "Execution worker Thread 8"         [_thread_blocked, id=26288, stack(0x0000001c57100000,0x0000001c57200000) (1024K)]
  0x00000188f30ccb00 JavaThread "Execution worker Thread 9"         [_thread_blocked, id=29960, stack(0x0000001c57200000,0x0000001c57300000) (1024K)]
  0x00000188f30d0610 JavaThread "Execution worker Thread 10"        [_thread_blocked, id=33356, stack(0x0000001c57300000,0x0000001c57400000) (1024K)]
  0x00000188f30cd190 JavaThread "Execution worker Thread 11"        [_thread_blocked, id=36340, stack(0x0000001c57400000,0x0000001c57500000) (1024K)]
  0x00000188f30d0ca0 JavaThread "Execution worker Thread 12"        [_thread_blocked, id=30292, stack(0x0000001c57500000,0x0000001c57600000) (1024K)]
  0x00000188f30d1330 JavaThread "Execution worker Thread 13"        [_thread_blocked, id=17000, stack(0x0000001c57600000,0x0000001c57700000) (1024K)]
  0x00000188f30d26e0 JavaThread "Execution worker Thread 14"        [_thread_blocked, id=31796, stack(0x0000001c57700000,0x0000001c57800000) (1024K)]
  0x00000188f30d2050 JavaThread "Execution worker Thread 15"        [_thread_blocked, id=33496, stack(0x0000001c57800000,0x0000001c57900000) (1024K)]
  0x00000188f30d19c0 JavaThread "Cache worker for execution history cache (C:\Users\Windows 10\Videos\smartcent2\.gradle\9.3.1\executionHistory)"        [_thread_blocked, id=35632, stack(0x0000001c57900000,0x0000001c57a00000) (1024K)]
  0x00000188eb582b80 JavaThread "Unconstrained build operations Thread 79"        [_thread_blocked, id=29444, stack(0x0000001c56700000,0x0000001c56800000) (1024K)]
  0x00000188eb57f700 JavaThread "Unconstrained build operations Thread 80"        [_thread_blocked, id=26944, stack(0x0000001c57a00000,0x0000001c57b00000) (1024K)]
  0x00000188eb57fd90 JavaThread "Unconstrained build operations Thread 81"        [_thread_blocked, id=31768, stack(0x0000001c57b00000,0x0000001c57c00000) (1024K)]
  0x00000188eb585970 JavaThread "Unconstrained build operations Thread 82"        [_thread_blocked, id=19708, stack(0x0000001c57c00000,0x0000001c57d00000) (1024K)]
  0x00000188eb5838a0 JavaThread "Unconstrained build operations Thread 83"        [_thread_blocked, id=35976, stack(0x0000001c57d00000,0x0000001c57e00000) (1024K)]
  0x00000188eb583f30 JavaThread "Unconstrained build operations Thread 84"        [_thread_blocked, id=36060, stack(0x0000001c57e00000,0x0000001c57f00000) (1024K)]
  0x00000188eb584c50 JavaThread "Unconstrained build operations Thread 85"        [_thread_blocked, id=21056, stack(0x0000001c57f00000,0x0000001c58000000) (1024K)]
  0x00000188ea7c73b0 JavaThread "Unconstrained build operations Thread 86"        [_thread_blocked, id=34552, stack(0x0000001c58000000,0x0000001c58100000) (1024K)]
  0x00000188ea7c7a40 JavaThread "Unconstrained build operations Thread 87"        [_thread_blocked, id=30656, stack(0x0000001c58100000,0x0000001c58200000) (1024K)]
  0x00000188ea7c8df0 JavaThread "Unconstrained build operations Thread 88"        [_thread_blocked, id=35660, stack(0x0000001c58200000,0x0000001c58300000) (1024K)]
  0x00000188ebf68d60 JavaThread "Unconstrained build operations Thread 89"        [_thread_blocked, id=3588, stack(0x0000001c58300000,0x0000001c58400000) (1024K)]
  0x00000188ebf686d0 JavaThread "Unconstrained build operations Thread 90"        [_thread_blocked, id=2732, stack(0x0000001c58400000,0x0000001c58500000) (1024K)]
  0x00000188ebf68040 JavaThread "Unconstrained build operations Thread 91"        [_thread_blocked, id=20296, stack(0x0000001c58500000,0x0000001c58600000) (1024K)]
  0x00000188ebf67320 JavaThread "Unconstrained build operations Thread 92"        [_thread_blocked, id=32040, stack(0x0000001c58600000,0x0000001c58700000) (1024K)]
  0x00000188ebf693f0 JavaThread "Unconstrained build operations Thread 93"        [_thread_blocked, id=33924, stack(0x0000001c58700000,0x0000001c58800000) (1024K)]
  0x00000188ebf69a80 JavaThread "Unconstrained build operations Thread 94"        [_thread_blocked, id=17844, stack(0x0000001c58800000,0x0000001c58900000) (1024K)]
  0x00000188ebf679b0 JavaThread "WorkerExecutor Queue"              [_thread_blocked, id=35292, stack(0x0000001c58900000,0x0000001c58a00000) (1024K)]
  0x00000188ebf6a110 JavaThread "WorkerExecutor Queue Thread 2"        [_thread_blocked, id=34772, stack(0x0000001c58a00000,0x0000001c58b00000) (1024K)]
  0x00000188ebf6b4c0 JavaThread "Unconstrained build operations Thread 95"        [_thread_blocked, id=13284, stack(0x0000001c58b00000,0x0000001c58c00000) (1024K)]
  0x00000188ebf6ae30 JavaThread "Unconstrained build operations Thread 96"        [_thread_blocked, id=28588, stack(0x0000001c58c00000,0x0000001c58d00000) (1024K)]
  0x00000188ebf6cf00 JavaThread "Unconstrained build operations Thread 97"        [_thread_blocked, id=29896, stack(0x0000001c58d00000,0x0000001c58e00000) (1024K)]
  0x00000188ebf6c870 JavaThread "Unconstrained build operations Thread 98"        [_thread_blocked, id=7672, stack(0x0000001c58e00000,0x0000001c58f00000) (1024K)]
  0x00000188ebf6c1e0 JavaThread "Unconstrained build operations Thread 99"        [_thread_blocked, id=23648, stack(0x0000001c58f00000,0x0000001c59000000) (1024K)]
  0x00000188ebf6d590 JavaThread "Unconstrained build operations Thread 100"        [_thread_blocked, id=31096, stack(0x0000001c59000000,0x0000001c59100000) (1024K)]
  0x00000188ebf6dc20 JavaThread "Unconstrained build operations Thread 101"        [_thread_blocked, id=34016, stack(0x0000001c59100000,0x0000001c59200000) (1024K)]
  0x00000188ebf6e2b0 JavaThread "Unconstrained build operations Thread 102"        [_thread_blocked, id=33088, stack(0x0000001c59200000,0x0000001c59300000) (1024K)]
  0x00000188ebf6e940 JavaThread "Unconstrained build operations Thread 103"        [_thread_blocked, id=34288, stack(0x0000001c59300000,0x0000001c59400000) (1024K)]
  0x00000188ebf6efd0 JavaThread "Unconstrained build operations Thread 104"        [_thread_blocked, id=33080, stack(0x0000001c59400000,0x0000001c59500000) (1024K)]
  0x00000188ebf6bb50 JavaThread "Unconstrained build operations Thread 105"        [_thread_blocked, id=11768, stack(0x0000001c59500000,0x0000001c59600000) (1024K)]
  0x00000188ebf71730 JavaThread "Unconstrained build operations Thread 106"        [_thread_blocked, id=25696, stack(0x0000001c59600000,0x0000001c59700000) (1024K)]
  0x00000188ebf72450 JavaThread "Unconstrained build operations Thread 107"        [_thread_blocked, id=11512, stack(0x0000001c59700000,0x0000001c59800000) (1024K)]
  0x00000188ebf71dc0 JavaThread "Unconstrained build operations Thread 108"        [_thread_blocked, id=8380, stack(0x0000001c59800000,0x0000001c59900000) (1024K)]
  0x00000188ebf72ae0 JavaThread "Unconstrained build operations Thread 109"        [_thread_blocked, id=24116, stack(0x0000001c59900000,0x0000001c59a00000) (1024K)]
  0x00000188ebf6f660 JavaThread "WorkerExecutor Queue Thread 3"        [_thread_blocked, id=31324, stack(0x0000001c59a00000,0x0000001c59b00000) (1024K)]
  0x00000188ebf73170 JavaThread "Unconstrained build operations Thread 110"        [_thread_blocked, id=13848, stack(0x0000001c59b00000,0x0000001c59c00000) (1024K)]
  0x00000188ebf70380 JavaThread "Unconstrained build operations Thread 111"        [_thread_blocked, id=31884, stack(0x0000001c59c00000,0x0000001c59d00000) (1024K)]
  0x00000188ebf710a0 JavaThread "Unconstrained build operations Thread 112"        [_thread_blocked, id=12816, stack(0x0000001c59d00000,0x0000001c59e00000) (1024K)]
  0x00000188ebf70a10 JavaThread "Unconstrained build operations Thread 113"        [_thread_blocked, id=34444, stack(0x0000001c59e00000,0x0000001c59f00000) (1024K)]
  0x00000188ebf6fcf0 JavaThread "Unconstrained build operations Thread 114"        [_thread_blocked, id=11228, stack(0x0000001c59f00000,0x0000001c5a000000) (1024K)]
  0x00000188ebf75240 JavaThread "Unconstrained build operations Thread 115"        [_thread_blocked, id=11536, stack(0x0000001c5a000000,0x0000001c5a100000) (1024K)]
  0x00000188ebf758d0 JavaThread "Unconstrained build operations Thread 116"        [_thread_blocked, id=28168, stack(0x0000001c5a100000,0x0000001c5a200000) (1024K)]
  0x00000188ebf75f60 JavaThread "Unconstrained build operations Thread 117"        [_thread_blocked, id=34148, stack(0x0000001c5a200000,0x0000001c5a300000) (1024K)]
  0x00000188ebf765f0 JavaThread "Unconstrained build operations Thread 118"        [_thread_blocked, id=34808, stack(0x0000001c5a300000,0x0000001c5a400000) (1024K)]
  0x00000188ebf74bb0 JavaThread "Unconstrained build operations Thread 119"        [_thread_blocked, id=33728, stack(0x0000001c5a400000,0x0000001c5a500000) (1024K)]
  0x00000188ebf73800 JavaThread "Unconstrained build operations Thread 120"        [_thread_blocked, id=408, stack(0x0000001c5a500000,0x0000001c5a600000) (1024K)]
  0x00000188ebf73e90 JavaThread "Unconstrained build operations Thread 121"        [_thread_blocked, id=33976, stack(0x0000001c5a600000,0x0000001c5a700000) (1024K)]
  0x00000188ebf74520 JavaThread "Unconstrained build operations Thread 122"        [_thread_blocked, id=23436, stack(0x0000001c5a700000,0x0000001c5a800000) (1024K)]
  0x00000188eb586000 JavaThread "Unconstrained build operations Thread 123"        [_thread_blocked, id=33376, stack(0x0000001c5a800000,0x0000001c5a900000) (1024K)]
  0x00000188f30cb0c0 JavaThread "Unconstrained build operations Thread 124"        [_thread_blocked, id=1160, stack(0x0000001c5a900000,0x0000001c5aa00000) (1024K)]
  0x00000188f1cdcba0 JavaThread "WorkerExecutor Queue Thread 4"        [_thread_blocked, id=36584, stack(0x0000001c5aa00000,0x0000001c5ab00000) (1024K)]
  0x00000188f1cdc510 JavaThread "WorkerExecutor Queue Thread 5"        [_thread_blocked, id=3452, stack(0x0000001c5ab00000,0x0000001c5ac00000) (1024K)]
  0x00000188f1cde5e0 JavaThread "Unconstrained build operations Thread 125"        [_thread_blocked, id=36748, stack(0x0000001c5ac00000,0x0000001c5ad00000) (1024K)]
  0x00000188f1cdf300 JavaThread "Unconstrained build operations Thread 126"        [_thread_blocked, id=36156, stack(0x0000001c5ad00000,0x0000001c5ae00000) (1024K)]
  0x00000188f1ce0020 JavaThread "Unconstrained build operations Thread 127"        [_thread_blocked, id=36196, stack(0x0000001c5ae00000,0x0000001c5af00000) (1024K)]
  0x00000188f1cdd230 JavaThread "Unconstrained build operations Thread 128"        [_thread_blocked, id=36356, stack(0x0000001c5af00000,0x0000001c5b000000) (1024K)]
  0x00000188f1ce0d40 JavaThread "Unconstrained build operations Thread 129"        [_thread_blocked, id=24816, stack(0x0000001c5b000000,0x0000001c5b100000) (1024K)]
  0x00000188f1cdd8c0 JavaThread "Unconstrained build operations Thread 130"        [_thread_blocked, id=29376, stack(0x0000001c5b100000,0x0000001c5b200000) (1024K)]
  0x00000188f1cdec70 JavaThread "Unconstrained build operations Thread 131"        [_thread_blocked, id=36800, stack(0x0000001c5b200000,0x0000001c5b300000) (1024K)]
  0x00000188f1cdf990 JavaThread "Unconstrained build operations Thread 132"        [_thread_blocked, id=35768, stack(0x0000001c5b300000,0x0000001c5b400000) (1024K)]
  0x00000188f1ce13d0 JavaThread "Unconstrained build operations Thread 133"        [_thread_blocked, id=36716, stack(0x0000001c5b400000,0x0000001c5b500000) (1024K)]
  0x00000188f1ce06b0 JavaThread "Unconstrained build operations Thread 134"        [_thread_blocked, id=33764, stack(0x0000001c5b500000,0x0000001c5b600000) (1024K)]
  0x00000188f1ce1a60 JavaThread "Unconstrained build operations Thread 135"        [_thread_blocked, id=31460, stack(0x0000001c5b600000,0x0000001c5b700000) (1024K)]
  0x00000188f1ce3b30 JavaThread "Unconstrained build operations Thread 136"        [_thread_blocked, id=32340, stack(0x0000001c5b700000,0x0000001c5b800000) (1024K)]
  0x00000188f1ce20f0 JavaThread "Unconstrained build operations Thread 137"        [_thread_blocked, id=36764, stack(0x0000001c5b800000,0x0000001c5b900000) (1024K)]
  0x00000188f1ce2e10 JavaThread "Unconstrained build operations Thread 138"        [_thread_blocked, id=22580, stack(0x0000001c5b900000,0x0000001c5ba00000) (1024K)]
  0x00000188f1ce2780 JavaThread "Unconstrained build operations Thread 139"        [_thread_blocked, id=35136, stack(0x0000001c5ba00000,0x0000001c5bb00000) (1024K)]
  0x00000188f24d5f20 JavaThread "WorkerExecutor Queue Thread 6"        [_thread_blocked, id=19680, stack(0x0000001c5bb00000,0x0000001c5bc00000) (1024K)]
  0x00000188f24d8680 JavaThread "Unconstrained build operations Thread 140"        [_thread_blocked, id=32516, stack(0x0000001c5bd00000,0x0000001c5be00000) (1024K)]
  0x00000188f24d7960 JavaThread "Unconstrained build operations Thread 141"        [_thread_blocked, id=11956, stack(0x0000001c5be00000,0x0000001c5bf00000) (1024K)]
  0x00000188f24d9a30 JavaThread "Unconstrained build operations Thread 142"        [_thread_blocked, id=34264, stack(0x0000001c5bf00000,0x0000001c5c000000) (1024K)]
  0x00000188f24d72d0 JavaThread "Unconstrained build operations Thread 143"        [_thread_blocked, id=3984, stack(0x0000001c5c000000,0x0000001c5c100000) (1024K)]
  0x00000188f24d6c40 JavaThread "Unconstrained build operations Thread 144"        [_thread_blocked, id=19116, stack(0x0000001c5c100000,0x0000001c5c200000) (1024K)]
  0x00000188f24d65b0 JavaThread "Unconstrained build operations Thread 145"        [_thread_blocked, id=32212, stack(0x0000001c5c200000,0x0000001c5c300000) (1024K)]
  0x00000188f24da0c0 JavaThread "Unconstrained build operations Thread 146"        [_thread_blocked, id=33904, stack(0x0000001c5c300000,0x0000001c5c400000) (1024K)]
  0x00000188f24da750 JavaThread "Unconstrained build operations Thread 147"        [_thread_blocked, id=35088, stack(0x0000001c5c400000,0x0000001c5c500000) (1024K)]
  0x00000188f24d7ff0 JavaThread "Unconstrained build operations Thread 148"        [_thread_blocked, id=21644, stack(0x0000001c5c500000,0x0000001c5c600000) (1024K)]
  0x00000188f24db470 JavaThread "Unconstrained build operations Thread 149"        [_thread_blocked, id=31528, stack(0x0000001c5c600000,0x0000001c5c700000) (1024K)]
  0x00000188f24dade0 JavaThread "Unconstrained build operations Thread 150"        [_thread_blocked, id=34976, stack(0x0000001c5c700000,0x0000001c5c800000) (1024K)]
  0x00000188f24d8d10 JavaThread "Unconstrained build operations Thread 151"        [_thread_blocked, id=5272, stack(0x0000001c5c800000,0x0000001c5c900000) (1024K)]
  0x00000188f24de8f0 JavaThread "Unconstrained build operations Thread 152"        [_thread_blocked, id=21148, stack(0x0000001c5c900000,0x0000001c5ca00000) (1024K)]
  0x00000188f24def80 JavaThread "Unconstrained build operations Thread 153"        [_thread_blocked, id=29580, stack(0x0000001c5ca00000,0x0000001c5cb00000) (1024K)]
  0x00000188f24dceb0 JavaThread "Unconstrained build operations Thread 154"        [_thread_blocked, id=2044, stack(0x0000001c5cb00000,0x0000001c5cc00000) (1024K)]
  0x00000188f24e4b60 JavaThread "Unconstrained build operations Thread 155"        [_thread_blocked, id=33416, stack(0x0000001c5cc00000,0x0000001c5cd00000) (1024K)]
  0x00000188f24e16e0 JavaThread "Unconstrained build operations Thread 156"        [_thread_blocked, id=29088, stack(0x0000001c5cd00000,0x0000001c5ce00000) (1024K)]
  0x00000188f24e1d70 JavaThread "Unconstrained build operations Thread 157"        [_thread_blocked, id=22516, stack(0x0000001c5ce00000,0x0000001c5cf00000) (1024K)]
  0x00000188f1ce34a0 JavaThread "Unconstrained build operations Thread 158"        [_thread_blocked, id=33188, stack(0x0000001c5cf00000,0x0000001c5d000000) (1024K)]
  0x00000188ebd98ee0 JavaThread "Unconstrained build operations Thread 159"        [_thread_blocked, id=8056, stack(0x0000001c5d000000,0x0000001c5d100000) (1024K)]
  0x00000188ebd97b30 JavaThread "Unconstrained build operations Thread 160"        [_thread_blocked, id=33324, stack(0x0000001c5d100000,0x0000001c5d200000) (1024K)]
  0x00000188ebd95a60 JavaThread "WorkerExecutor Queue Thread 7"        [_thread_blocked, id=34224, stack(0x0000001c56900000,0x0000001c56a00000) (1024K)]
  0x00000188ebd9eac0 JavaThread "WorkerExecutor Queue Thread 8"        [_thread_blocked, id=31820, stack(0x0000001c5bc00000,0x0000001c5bd00000) (1024K)]
  0x00000188ebd9fe70 JavaThread "WorkerExecutor Queue Thread 9"        [_thread_blocked, id=35140, stack(0x0000001c5d200000,0x0000001c5d300000) (1024K)]
  0x00000188ebd9c9f0 JavaThread "WorkerExecutor Queue Thread 10"        [_thread_blocked, id=32676, stack(0x0000001c5d300000,0x0000001c5d400000) (1024K)]
  0x00000188ebda0500 JavaThread "WorkerExecutor Queue Thread 11"        [_thread_blocked, id=29296, stack(0x0000001c5d600000,0x0000001c5d700000) (1024K)]
  0x00000188ebda0b90 JavaThread "WorkerExecutor Queue Thread 12"        [_thread_blocked, id=36856, stack(0x0000001c5d700000,0x0000001c5d800000) (1024K)]
  0x00000188ebd9d710 JavaThread "WorkerExecutor Queue Thread 13"        [_thread_blocked, id=26460, stack(0x0000001c5d800000,0x0000001c5d900000) (1024K)]
  0x00000188ebda32f0 JavaThread "WorkerExecutor Queue Thread 14"        [_thread_blocked, id=33060, stack(0x0000001c5d900000,0x0000001c5da00000) (1024K)]
  0x00000188ebda25d0 JavaThread "WorkerExecutor Queue Thread 15"        [_thread_blocked, id=28444, stack(0x0000001c5da00000,0x0000001c5db00000) (1024K)]
  0x00000188ebda46a0 JavaThread "WorkerExecutor Queue Thread 16"        [_thread_blocked, id=28664, stack(0x0000001c5db00000,0x0000001c5dc00000) (1024K)]
  0x00000188ebda1220 JavaThread "Thread-222"                        [_thread_blocked, id=34128, stack(0x0000001c5dc00000,0x0000001c5dd00000) (1024K)]
  0x00000188f1b88f60 JavaThread "C1 CompilerThread1"         daemon [_thread_blocked, id=3496, stack(0x0000001c4f000000,0x0000001c4f100000) (1024K)]
  0x00000188f1b8a3d0 JavaThread "C1 CompilerThread2"         daemon [_thread_blocked, id=35912, stack(0x0000001c56800000,0x0000001c56900000) (1024K)]
Total: 239

Other Threads:
=>0x00000188e2284bf0 VMThread "VM Thread"                           [id=36064, stack(0x0000001c4df00000,0x0000001c4e000000) (1024K)]
  0x00000188e20c3480 WatcherThread "VM Periodic Task Thread"        [id=18900, stack(0x0000001c4de00000,0x0000001c4df00000) (1024K)]
  0x00000188c9fbc900 WorkerThread "GC Thread#0"                     [id=19088, stack(0x0000001c4d900000,0x0000001c4da00000) (1024K)]
  0x00000188e28b8610 WorkerThread "GC Thread#1"                     [id=16440, stack(0x0000001c4eb00000,0x0000001c4ec00000) (1024K)]
  0x00000188e2a4bab0 WorkerThread "GC Thread#2"                     [id=33588, stack(0x0000001c4ec00000,0x0000001c4ed00000) (1024K)]
  0x00000188e74bb690 WorkerThread "GC Thread#3"                     [id=28136, stack(0x0000001c4ee00000,0x0000001c4ef00000) (1024K)]
  0x00000188e74b0410 WorkerThread "GC Thread#4"                     [id=24048, stack(0x0000001c4ef00000,0x0000001c4f000000) (1024K)]
  0x00000188e81266a0 WorkerThread "GC Thread#5"                     [id=36180, stack(0x0000001c4ed00000,0x0000001c4ee00000) (1024K)]
  0x00000188e8d76170 WorkerThread "GC Thread#6"                     [id=5580, stack(0x0000001c4f600000,0x0000001c4f700000) (1024K)]
  0x00000188e8d74f00 WorkerThread "GC Thread#7"                     [id=31012, stack(0x0000001c4f700000,0x0000001c4f800000) (1024K)]
  0x00000188e8d752b0 WorkerThread "GC Thread#8"                     [id=32800, stack(0x0000001c4f800000,0x0000001c4f900000) (1024K)]
  0x00000188e8d75dc0 WorkerThread "GC Thread#9"                     [id=26072, stack(0x0000001c4f900000,0x0000001c4fa00000) (1024K)]
  0x00000188e8d75a10 WorkerThread "GC Thread#10"                    [id=32372, stack(0x0000001c4fa00000,0x0000001c4fb00000) (1024K)]
  0x00000188e8d75660 WorkerThread "GC Thread#11"                    [id=30860, stack(0x0000001c4fb00000,0x0000001c4fc00000) (1024K)]
  0x00000188e8d76520 WorkerThread "GC Thread#12"                    [id=32464, stack(0x0000001c4fc00000,0x0000001c4fd00000) (1024K)]
  0x00000188c9fcd800 ConcurrentGCThread "G1 Main Marker"            [id=33524, stack(0x0000001c4da00000,0x0000001c4db00000) (1024K)]
  0x00000188c9fcf800 WorkerThread "G1 Conc#0"                       [id=32964, stack(0x0000001c4db00000,0x0000001c4dc00000) (1024K)]
  0x00000188e8d768d0 WorkerThread "G1 Conc#1"                       [id=35208, stack(0x0000001c4fd00000,0x0000001c4fe00000) (1024K)]
  0x00000188e8da8320 WorkerThread "G1 Conc#2"                       [id=27364, stack(0x0000001c4fe00000,0x0000001c4ff00000) (1024K)]
  0x00000188e1f95e20 ConcurrentGCThread "G1 Refine#0"               [id=35964, stack(0x0000001c4dc00000,0x0000001c4dd00000) (1024K)]
  0x00000188e1f96650 ConcurrentGCThread "G1 Service"                [id=32284, stack(0x0000001c4dd00000,0x0000001c4de00000) (1024K)]
Total: 21

Threads with active compile tasks:
C2 CompilerThread0  42591 16236 %     4       com.google.common.collect.MapMakerInternalMap$Segment::expand @ 56 (276 bytes)
C1 CompilerThread0  42591 16304   !   3       java.io.FileInputStream::<init> (292 bytes)
Total: 2

VM state: at safepoint (normal execution)

VM Mutex/Monitor currently owned by a thread:  ([mutex/lock_event])
[0x00007ffce5c986d0] Threads_lock - owner thread: 0x00000188e2284bf0
[0x00007ffce5c987d0] Heap_lock - owner thread: 0x00000188eaec91d0

Heap address: 0x0000000080000000, size: 2048 MB, Compressed Oops mode: 32-bit

CDS archive(s) not mapped
Compressed class space mapped at: 0x0000000100000000-0x0000000140000000, reserved size: 1073741824
Narrow klass base: 0x0000000000000000, Narrow klass shift: 3, Narrow klass range: 0x140000000

GC Precious Log:
 CardTable entry size: 512
 Card Set container configuration: InlinePtr #cards 5 size 8 Array Of Cards #cards 12 size 40 Howl #buckets 4 coarsen threshold 1843 Howl Bitmap #cards 512 size 80 coarsen threshold 460 Card regions per heap region 1 cards per card region 2048
 CPUs: 16 total, 16 available
 Memory: 7501M
 Large Page Support: Disabled
 NUMA Support: Disabled
 Compressed Oops: Enabled (32-bit)
 Heap Region Size: 1M
 Heap Min Capacity: 8M
 Heap Initial Capacity: 118M
 Heap Max Capacity: 2G
 Pre-touch: Disabled
 Parallel Workers: 13
 Concurrent Workers: 3
 Concurrent Refinement Workers: 13
 Periodic GC: Disabled

Heap:
 garbage-first heap   total 253952K, used 147188K [0x0000000080000000, 0x0000000100000000)
  region size 1024K, 7 young (7168K), 7 survivors (7168K)
 Metaspace       used 128923K, committed 131392K, reserved 1179648K
  class space    used 17886K, committed 19072K, reserved 1048576K

Heap Regions: E=young(eden), S=young(survivor), O=old, HS=humongous(starts), HC=humongous(continues), CS=collection set, F=free, TAMS=top-at-mark-start, PB=parsable bottom
|   0|0x0000000080000000, 0x0000000080100000, 0x0000000080100000|100%|HS|  |TAMS 0x0000000080000000| PB 0x0000000080000000| Complete 
|   1|0x0000000080100000, 0x0000000080200000, 0x0000000080200000|100%|HC|  |TAMS 0x0000000080100000| PB 0x0000000080100000| Complete 
|   2|0x0000000080200000, 0x0000000080300000, 0x0000000080300000|100%|HC|  |TAMS 0x0000000080200000| PB 0x0000000080200000| Complete 
|   3|0x0000000080300000, 0x0000000080400000, 0x0000000080400000|100%|HC|  |TAMS 0x0000000080300000| PB 0x0000000080300000| Complete 
|   4|0x0000000080400000, 0x0000000080500000, 0x0000000080500000|100%| O|  |TAMS 0x0000000080400000| PB 0x0000000080400000| Untracked 
|   5|0x0000000080500000, 0x0000000080600000, 0x0000000080600000|100%| O|  |TAMS 0x0000000080500000| PB 0x0000000080500000| Untracked 
|   6|0x0000000080600000, 0x0000000080700000, 0x0000000080700000|100%| O|  |TAMS 0x0000000080600000| PB 0x0000000080600000| Untracked 
|   7|0x0000000080700000, 0x0000000080800000, 0x0000000080800000|100%|HS|  |TAMS 0x0000000080700000| PB 0x0000000080700000| Complete 
|   8|0x0000000080800000, 0x0000000080900000, 0x0000000080900000|100%| O|  |TAMS 0x0000000080800000| PB 0x0000000080800000| Untracked 
|   9|0x0000000080900000, 0x0000000080a00000, 0x0000000080a00000|100%| O|  |TAMS 0x0000000080900000| PB 0x0000000080900000| Untracked 
|  10|0x0000000080a00000, 0x0000000080b00000, 0x0000000080b00000|100%| O|  |TAMS 0x0000000080a00000| PB 0x0000000080a00000| Untracked 
|  11|0x0000000080b00000, 0x0000000080c00000, 0x0000000080c00000|100%| O|  |TAMS 0x0000000080b00000| PB 0x0000000080b00000| Untracked 
|  12|0x0000000080c00000, 0x0000000080d00000, 0x0000000080d00000|100%| O|  |TAMS 0x0000000080c00000| PB 0x0000000080c00000| Untracked 
|  13|0x0000000080d00000, 0x0000000080e00000, 0x0000000080e00000|100%| O|  |TAMS 0x0000000080d00000| PB 0x0000000080d00000| Untracked 
|  14|0x0000000080e00000, 0x0000000080f00000, 0x0000000080f00000|100%| O|  |TAMS 0x0000000080e00000| PB 0x0000000080e00000| Untracked 
|  15|0x0000000080f00000, 0x0000000081000000, 0x0000000081000000|100%| O|  |TAMS 0x0000000080f00000| PB 0x0000000080f00000| Untracked 
|  16|0x0000000081000000, 0x0000000081100000, 0x0000000081100000|100%| O|  |TAMS 0x0000000081000000| PB 0x0000000081000000| Untracked 
|  17|0x0000000081100000, 0x0000000081200000, 0x0000000081200000|100%| O|  |TAMS 0x0000000081100000| PB 0x0000000081100000| Untracked 
|  18|0x0000000081200000, 0x0000000081300000, 0x0000000081300000|100%| O|  |TAMS 0x0000000081200000| PB 0x0000000081200000| Untracked 
|  19|0x0000000081300000, 0x0000000081400000, 0x0000000081400000|100%| O|  |TAMS 0x0000000081300000| PB 0x0000000081300000| Untracked 
|  20|0x0000000081400000, 0x0000000081500000, 0x0000000081500000|100%| O|  |TAMS 0x0000000081400000| PB 0x0000000081400000| Untracked 
|  21|0x0000000081500000, 0x0000000081600000, 0x0000000081600000|100%| O|  |TAMS 0x0000000081500000| PB 0x0000000081500000| Untracked 
|  22|0x0000000081600000, 0x0000000081700000, 0x0000000081700000|100%| O|  |TAMS 0x0000000081600000| PB 0x0000000081600000| Untracked 
|  23|0x0000000081700000, 0x0000000081800000, 0x0000000081800000|100%| O|  |TAMS 0x0000000081700000| PB 0x0000000081700000| Untracked 
|  24|0x0000000081800000, 0x0000000081900000, 0x0000000081900000|100%| O|  |TAMS 0x0000000081800000| PB 0x0000000081800000| Untracked 
|  25|0x0000000081900000, 0x0000000081a00000, 0x0000000081a00000|100%| O|  |TAMS 0x0000000081900000| PB 0x0000000081900000| Untracked 
|  26|0x0000000081a00000, 0x0000000081b00000, 0x0000000081b00000|100%| O|  |TAMS 0x0000000081a00000| PB 0x0000000081a00000| Untracked 
|  27|0x0000000081b00000, 0x0000000081c00000, 0x0000000081c00000|100%| O|  |TAMS 0x0000000081b00000| PB 0x0000000081b00000| Untracked 
|  28|0x0000000081c00000, 0x0000000081d00000, 0x0000000081d00000|100%| O|  |TAMS 0x0000000081c00000| PB 0x0000000081c00000| Untracked 
|  29|0x0000000081d00000, 0x0000000081e00000, 0x0000000081e00000|100%| O|  |TAMS 0x0000000081d00000| PB 0x0000000081d00000| Untracked 
|  30|0x0000000081e00000, 0x0000000081f00000, 0x0000000081f00000|100%| O|  |TAMS 0x0000000081e00000| PB 0x0000000081e00000| Untracked 
|  31|0x0000000081f00000, 0x0000000082000000, 0x0000000082000000|100%| O|  |TAMS 0x0000000081f00000| PB 0x0000000081f00000| Untracked 
|  32|0x0000000082000000, 0x0000000082100000, 0x0000000082100000|100%| O|  |TAMS 0x0000000082000000| PB 0x0000000082000000| Untracked 
|  33|0x0000000082100000, 0x0000000082200000, 0x0000000082200000|100%| O|  |TAMS 0x0000000082100000| PB 0x0000000082100000| Untracked 
|  34|0x0000000082200000, 0x0000000082300000, 0x0000000082300000|100%| O|  |TAMS 0x0000000082200000| PB 0x0000000082200000| Untracked 
|  35|0x0000000082300000, 0x0000000082400000, 0x0000000082400000|100%| O|  |TAMS 0x0000000082300000| PB 0x0000000082300000| Untracked 
|  36|0x0000000082400000, 0x0000000082500000, 0x0000000082500000|100%|HS|  |TAMS 0x0000000082400000| PB 0x0000000082400000| Complete 
|  37|0x0000000082500000, 0x0000000082600000, 0x0000000082600000|100%|HC|  |TAMS 0x0000000082500000| PB 0x0000000082500000| Complete 
|  38|0x0000000082600000, 0x0000000082700000, 0x0000000082700000|100%| O|  |TAMS 0x0000000082600000| PB 0x0000000082600000| Untracked 
|  39|0x0000000082700000, 0x0000000082800000, 0x0000000082800000|100%| O|  |TAMS 0x0000000082700000| PB 0x0000000082700000| Untracked 
|  40|0x0000000082800000, 0x0000000082900000, 0x0000000082900000|100%| O|  |TAMS 0x0000000082800000| PB 0x0000000082800000| Untracked 
|  41|0x0000000082900000, 0x0000000082a00000, 0x0000000082a00000|100%| O|  |TAMS 0x0000000082900000| PB 0x0000000082900000| Untracked 
|  42|0x0000000082a00000, 0x0000000082b00000, 0x0000000082b00000|100%| O|  |TAMS 0x0000000082a00000| PB 0x0000000082a00000| Untracked 
|  43|0x0000000082b00000, 0x0000000082c00000, 0x0000000082c00000|100%| O|  |TAMS 0x0000000082b00000| PB 0x0000000082b00000| Untracked 
|  44|0x0000000082c00000, 0x0000000082d00000, 0x0000000082d00000|100%| O|  |TAMS 0x0000000082c00000| PB 0x0000000082c00000| Untracked 
|  45|0x0000000082d00000, 0x0000000082e00000, 0x0000000082e00000|100%| O|  |TAMS 0x0000000082d00000| PB 0x0000000082d00000| Untracked 
|  46|0x0000000082e00000, 0x0000000082f00000, 0x0000000082f00000|100%| O|  |TAMS 0x0000000082e00000| PB 0x0000000082e00000| Untracked 
|  47|0x0000000082f00000, 0x0000000083000000, 0x0000000083000000|100%| O|  |TAMS 0x0000000082f00000| PB 0x0000000082f00000| Untracked 
|  48|0x0000000083000000, 0x0000000083100000, 0x0000000083100000|100%| O|  |TAMS 0x0000000083000000| PB 0x0000000083000000| Untracked 
|  49|0x0000000083100000, 0x0000000083200000, 0x0000000083200000|100%|HS|  |TAMS 0x0000000083100000| PB 0x0000000083100000| Complete 
|  50|0x0000000083200000, 0x0000000083300000, 0x0000000083300000|100%|HS|  |TAMS 0x0000000083200000| PB 0x0000000083200000| Complete 
|  51|0x0000000083300000, 0x0000000083400000, 0x0000000083400000|100%|HS|  |TAMS 0x0000000083300000| PB 0x0000000083300000| Complete 
|  52|0x0000000083400000, 0x0000000083500000, 0x0000000083500000|100%| O|  |TAMS 0x0000000083400000| PB 0x0000000083400000| Untracked 
|  53|0x0000000083500000, 0x0000000083600000, 0x0000000083600000|100%|HS|  |TAMS 0x0000000083500000| PB 0x0000000083500000| Complete 
|  54|0x0000000083600000, 0x0000000083700000, 0x0000000083700000|100%| O|  |TAMS 0x0000000083600000| PB 0x0000000083600000| Untracked 
|  55|0x0000000083700000, 0x0000000083800000, 0x0000000083800000|100%| O|  |TAMS 0x0000000083700000| PB 0x0000000083700000| Untracked 
|  56|0x0000000083800000, 0x0000000083900000, 0x0000000083900000|100%|HS|  |TAMS 0x0000000083800000| PB 0x0000000083800000| Complete 
|  57|0x0000000083900000, 0x0000000083a00000, 0x0000000083a00000|100%|HS|  |TAMS 0x0000000083900000| PB 0x0000000083900000| Complete 
|  58|0x0000000083a00000, 0x0000000083b00000, 0x0000000083b00000|100%|HC|  |TAMS 0x0000000083a00000| PB 0x0000000083a00000| Complete 
|  59|0x0000000083b00000, 0x0000000083c00000, 0x0000000083c00000|100%|HS|  |TAMS 0x0000000083b00000| PB 0x0000000083b00000| Complete 
|  60|0x0000000083c00000, 0x0000000083d00000, 0x0000000083d00000|100%| O|  |TAMS 0x0000000083c00000| PB 0x0000000083c00000| Untracked 
|  61|0x0000000083d00000, 0x0000000083e00000, 0x0000000083e00000|100%| O|  |TAMS 0x0000000083d00000| PB 0x0000000083d00000| Untracked 
|  62|0x0000000083e00000, 0x0000000083f00000, 0x0000000083f00000|100%| O|  |TAMS 0x0000000083e00000| PB 0x0000000083e00000| Untracked 
|  63|0x0000000083f00000, 0x0000000084000000, 0x0000000084000000|100%| O|  |TAMS 0x0000000083f00000| PB 0x0000000083f00000| Untracked 
|  64|0x0000000084000000, 0x0000000084100000, 0x0000000084100000|100%| O|  |TAMS 0x0000000084000000| PB 0x0000000084000000| Untracked 
|  65|0x0000000084100000, 0x0000000084200000, 0x0000000084200000|100%|HS|  |TAMS 0x0000000084100000| PB 0x0000000084100000| Complete 
|  66|0x0000000084200000, 0x0000000084300000, 0x0000000084300000|100%|HC|  |TAMS 0x0000000084200000| PB 0x0000000084200000| Complete 
|  67|0x0000000084300000, 0x0000000084400000, 0x0000000084400000|100%| O|  |TAMS 0x0000000084300000| PB 0x0000000084300000| Untracked 
|  68|0x0000000084400000, 0x0000000084500000, 0x0000000084500000|100%| O|  |TAMS 0x0000000084400000| PB 0x0000000084400000| Untracked 
|  69|0x0000000084500000, 0x0000000084600000, 0x0000000084600000|100%| O|  |TAMS 0x0000000084500000| PB 0x0000000084500000| Untracked 
|  70|0x0000000084600000, 0x0000000084700000, 0x0000000084700000|100%| O|  |TAMS 0x0000000084600000| PB 0x0000000084600000| Untracked 
|  71|0x0000000084700000, 0x0000000084800000, 0x0000000084800000|100%| O|  |TAMS 0x0000000084700000| PB 0x0000000084700000| Untracked 
|  72|0x0000000084800000, 0x0000000084900000, 0x0000000084900000|100%| O|  |TAMS 0x0000000084800000| PB 0x0000000084800000| Untracked 
|  73|0x0000000084900000, 0x0000000084a00000, 0x0000000084a00000|100%| O|  |TAMS 0x0000000084900000| PB 0x0000000084900000| Untracked 
|  74|0x0000000084a00000, 0x0000000084b00000, 0x0000000084b00000|100%|HS|  |TAMS 0x0000000084a00000| PB 0x0000000084a00000| Complete 
|  75|0x0000000084b00000, 0x0000000084c00000, 0x0000000084c00000|100%| O|  |TAMS 0x0000000084b00000| PB 0x0000000084b00000| Untracked 
|  76|0x0000000084c00000, 0x0000000084d00000, 0x0000000084d00000|100%| O|  |TAMS 0x0000000084c00000| PB 0x0000000084c00000| Untracked 
|  77|0x0000000084d00000, 0x0000000084e00000, 0x0000000084e00000|100%| O|  |TAMS 0x0000000084d00000| PB 0x0000000084d00000| Untracked 
|  78|0x0000000084e00000, 0x0000000084f00000, 0x0000000084f00000|100%| O|  |TAMS 0x0000000084e00000| PB 0x0000000084e00000| Untracked 
|  79|0x0000000084f00000, 0x0000000085000000, 0x0000000085000000|100%| O|  |TAMS 0x0000000084f00000| PB 0x0000000084f00000| Untracked 
|  80|0x0000000085000000, 0x0000000085100000, 0x0000000085100000|100%| O|  |TAMS 0x0000000085000000| PB 0x0000000085000000| Untracked 
|  81|0x0000000085100000, 0x0000000085200000, 0x0000000085200000|100%| O|  |TAMS 0x0000000085100000| PB 0x0000000085100000| Untracked 
|  82|0x0000000085200000, 0x0000000085300000, 0x0000000085300000|100%| O|  |TAMS 0x0000000085200000| PB 0x0000000085200000| Untracked 
|  83|0x0000000085300000, 0x0000000085400000, 0x0000000085400000|100%| O|  |TAMS 0x0000000085300000| PB 0x0000000085300000| Untracked 
|  84|0x0000000085400000, 0x0000000085500000, 0x0000000085500000|100%| O|  |TAMS 0x0000000085400000| PB 0x0000000085400000| Untracked 
|  85|0x0000000085500000, 0x0000000085600000, 0x0000000085600000|100%| O|  |TAMS 0x0000000085500000| PB 0x0000000085500000| Untracked 
|  86|0x0000000085600000, 0x0000000085700000, 0x0000000085700000|100%| O|  |TAMS 0x0000000085600000| PB 0x0000000085600000| Untracked 
|  87|0x0000000085700000, 0x0000000085800000, 0x0000000085800000|100%| O|  |TAMS 0x0000000085700000| PB 0x0000000085700000| Untracked 
|  88|0x0000000085800000, 0x0000000085900000, 0x0000000085900000|100%| O|  |TAMS 0x0000000085800000| PB 0x0000000085800000| Untracked 
|  89|0x0000000085900000, 0x0000000085a00000, 0x0000000085a00000|100%|HS|  |TAMS 0x0000000085900000| PB 0x0000000085900000| Complete 
|  90|0x0000000085a00000, 0x0000000085b00000, 0x0000000085b00000|100%|HC|  |TAMS 0x0000000085a00000| PB 0x0000000085a00000| Complete 
|  91|0x0000000085b00000, 0x0000000085c00000, 0x0000000085c00000|100%|HC|  |TAMS 0x0000000085b00000| PB 0x0000000085b00000| Complete 
|  92|0x0000000085c00000, 0x0000000085d00000, 0x0000000085d00000|100%| O|  |TAMS 0x0000000085c00000| PB 0x0000000085c00000| Untracked 
|  93|0x0000000085d00000, 0x0000000085e00000, 0x0000000085e00000|100%| O|  |TAMS 0x0000000085d00000| PB 0x0000000085d00000| Untracked 
|  94|0x0000000085e00000, 0x0000000085f00000, 0x0000000085f00000|100%| O|  |TAMS 0x0000000085e00000| PB 0x0000000085e00000| Untracked 
|  95|0x0000000085f00000, 0x0000000086000000, 0x0000000086000000|100%| O|  |TAMS 0x0000000085f00000| PB 0x0000000085f00000| Untracked 
|  96|0x0000000086000000, 0x0000000086100000, 0x0000000086100000|100%| O|  |TAMS 0x0000000086000000| PB 0x0000000086000000| Untracked 
|  97|0x0000000086100000, 0x0000000086200000, 0x0000000086200000|100%| O|  |TAMS 0x0000000086100000| PB 0x0000000086100000| Untracked 
|  98|0x0000000086200000, 0x0000000086300000, 0x0000000086300000|100%| O|  |TAMS 0x0000000086200000| PB 0x0000000086200000| Untracked 
|  99|0x0000000086300000, 0x0000000086400000, 0x0000000086400000|100%| O|  |TAMS 0x0000000086300000| PB 0x0000000086300000| Untracked 
| 100|0x0000000086400000, 0x0000000086500000, 0x0000000086500000|100%| O|  |TAMS 0x0000000086400000| PB 0x0000000086400000| Untracked 
| 101|0x0000000086500000, 0x0000000086600000, 0x0000000086600000|100%| O|  |TAMS 0x0000000086500000| PB 0x0000000086500000| Untracked 
| 102|0x0000000086600000, 0x0000000086700000, 0x0000000086700000|100%| O|  |TAMS 0x0000000086600000| PB 0x0000000086600000| Untracked 
| 103|0x0000000086700000, 0x0000000086800000, 0x0000000086800000|100%| O|  |TAMS 0x0000000086700000| PB 0x0000000086700000| Untracked 
| 104|0x0000000086800000, 0x0000000086900000, 0x0000000086900000|100%| O|  |TAMS 0x0000000086800000| PB 0x0000000086800000| Untracked 
| 105|0x0000000086900000, 0x0000000086a00000, 0x0000000086a00000|100%| O|  |TAMS 0x0000000086900000| PB 0x0000000086900000| Untracked 
| 106|0x0000000086a00000, 0x0000000086b00000, 0x0000000086b00000|100%| O|  |TAMS 0x0000000086a00000| PB 0x0000000086a00000| Untracked 
| 107|0x0000000086b00000, 0x0000000086c00000, 0x0000000086c00000|100%| O|  |TAMS 0x0000000086b00000| PB 0x0000000086b00000| Untracked 
| 108|0x0000000086c00000, 0x0000000086d00000, 0x0000000086d00000|100%| O|  |TAMS 0x0000000086c00000| PB 0x0000000086c00000| Untracked 
| 109|0x0000000086d00000, 0x0000000086e00000, 0x0000000086e00000|100%| O|  |TAMS 0x0000000086d00000| PB 0x0000000086d00000| Untracked 
| 110|0x0000000086e00000, 0x0000000086f00000, 0x0000000086f00000|100%|HS|  |TAMS 0x0000000086e00000| PB 0x0000000086e00000| Complete 
| 111|0x0000000086f00000, 0x0000000087000000, 0x0000000087000000|100%|HC|  |TAMS 0x0000000086f00000| PB 0x0000000086f00000| Complete 
| 112|0x0000000087000000, 0x0000000087100000, 0x0000000087100000|100%|HS|  |TAMS 0x0000000087000000| PB 0x0000000087000000| Complete 
| 113|0x0000000087100000, 0x0000000087200000, 0x0000000087200000|100%| S|CS|TAMS 0x0000000087100000| PB 0x0000000087100000| Complete 
| 114|0x0000000087200000, 0x0000000087300000, 0x0000000087300000|100%|HS|  |TAMS 0x0000000087200000| PB 0x0000000087200000| Complete 
| 115|0x0000000087300000, 0x0000000087400000, 0x0000000087400000|100%| S|CS|TAMS 0x0000000087300000| PB 0x0000000087300000| Complete 
| 116|0x0000000087400000, 0x0000000087500000, 0x0000000087500000|100%|HS|  |TAMS 0x0000000087400000| PB 0x0000000087400000| Complete 
| 117|0x0000000087500000, 0x0000000087600000, 0x0000000087600000|100%| S|CS|TAMS 0x0000000087500000| PB 0x0000000087500000| Complete 
| 118|0x0000000087600000, 0x0000000087700000, 0x0000000087700000|100%|HS|  |TAMS 0x0000000087600000| PB 0x0000000087600000| Complete 
| 119|0x0000000087700000, 0x0000000087800000, 0x0000000087800000|100%|HC|  |TAMS 0x0000000087700000| PB 0x0000000087700000| Complete 
| 120|0x0000000087800000, 0x0000000087900000, 0x0000000087900000|100%|HS|  |TAMS 0x0000000087800000| PB 0x0000000087800000| Complete 
| 121|0x0000000087900000, 0x0000000087a00000, 0x0000000087a00000|100%|HC|  |TAMS 0x0000000087900000| PB 0x0000000087900000| Complete 
| 122|0x0000000087a00000, 0x0000000087b00000, 0x0000000087b00000|100%|HS|  |TAMS 0x0000000087a00000| PB 0x0000000087a00000| Complete 
| 123|0x0000000087b00000, 0x0000000087c00000, 0x0000000087c00000|100%|HC|  |TAMS 0x0000000087b00000| PB 0x0000000087b00000| Complete 
| 124|0x0000000087c00000, 0x0000000087d00000, 0x0000000087d00000|100%|HS|  |TAMS 0x0000000087c00000| PB 0x0000000087c00000| Complete 
| 125|0x0000000087d00000, 0x0000000087e00000, 0x0000000087e00000|100%|HC|  |TAMS 0x0000000087d00000| PB 0x0000000087d00000| Complete 
| 126|0x0000000087e00000, 0x0000000087f00000, 0x0000000087f00000|100%|HC|  |TAMS 0x0000000087e00000| PB 0x0000000087e00000| Complete 
| 127|0x0000000087f00000, 0x0000000088000000, 0x0000000088000000|100%| S|CS|TAMS 0x0000000087f00000| PB 0x0000000087f00000| Complete 
| 128|0x0000000088000000, 0x0000000088100000, 0x0000000088100000|100%| S|CS|TAMS 0x0000000088000000| PB 0x0000000088000000| Complete 
| 129|0x0000000088100000, 0x0000000088200000, 0x0000000088200000|100%| S|CS|TAMS 0x0000000088100000| PB 0x0000000088100000| Complete 
| 130|0x0000000088200000, 0x0000000088300000, 0x0000000088300000|100%| S|CS|TAMS 0x0000000088200000| PB 0x0000000088200000| Complete 
| 131|0x0000000088300000, 0x0000000088300000, 0x0000000088400000|  0%| F|  |TAMS 0x0000000088300000| PB 0x0000000088300000| Untracked 
| 132|0x0000000088400000, 0x0000000088400000, 0x0000000088500000|  0%| F|  |TAMS 0x0000000088400000| PB 0x0000000088400000| Untracked 
| 133|0x0000000088500000, 0x0000000088500000, 0x0000000088600000|  0%| F|  |TAMS 0x0000000088500000| PB 0x0000000088500000| Untracked 
| 134|0x0000000088600000, 0x0000000088600000, 0x0000000088700000|  0%| F|  |TAMS 0x0000000088600000| PB 0x0000000088600000| Untracked 
| 135|0x0000000088700000, 0x0000000088700000, 0x0000000088800000|  0%| F|  |TAMS 0x0000000088700000| PB 0x0000000088700000| Untracked 
| 136|0x0000000088800000, 0x0000000088800000, 0x0000000088900000|  0%| F|  |TAMS 0x0000000088800000| PB 0x0000000088800000| Untracked 
| 137|0x0000000088900000, 0x0000000088900000, 0x0000000088a00000|  0%| F|  |TAMS 0x0000000088900000| PB 0x0000000088900000| Untracked 
| 138|0x0000000088a00000, 0x0000000088a00000, 0x0000000088b00000|  0%| F|  |TAMS 0x0000000088a00000| PB 0x0000000088a00000| Untracked 
| 139|0x0000000088b00000, 0x0000000088b00000, 0x0000000088c00000|  0%| F|  |TAMS 0x0000000088b00000| PB 0x0000000088b00000| Untracked 
| 140|0x0000000088c00000, 0x0000000088c00000, 0x0000000088d00000|  0%| F|  |TAMS 0x0000000088c00000| PB 0x0000000088c00000| Untracked 
| 141|0x0000000088d00000, 0x0000000088d00000, 0x0000000088e00000|  0%| F|  |TAMS 0x0000000088d00000| PB 0x0000000088d00000| Untracked 
| 142|0x0000000088e00000, 0x0000000088e00000, 0x0000000088f00000|  0%| F|  |TAMS 0x0000000088e00000| PB 0x0000000088e00000| Untracked 
| 143|0x0000000088f00000, 0x0000000088f00000, 0x0000000089000000|  0%| F|  |TAMS 0x0000000088f00000| PB 0x0000000088f00000| Untracked 
| 144|0x0000000089000000, 0x0000000089000000, 0x0000000089100000|  0%| F|  |TAMS 0x0000000089000000| PB 0x0000000089000000| Untracked 
| 145|0x0000000089100000, 0x0000000089100000, 0x0000000089200000|  0%| F|  |TAMS 0x0000000089100000| PB 0x0000000089100000| Untracked 
| 146|0x0000000089200000, 0x0000000089200000, 0x0000000089300000|  0%| F|  |TAMS 0x0000000089200000| PB 0x0000000089200000| Untracked 
| 147|0x0000000089300000, 0x0000000089300000, 0x0000000089400000|  0%| F|  |TAMS 0x0000000089300000| PB 0x0000000089300000| Untracked 
| 148|0x0000000089400000, 0x0000000089400000, 0x0000000089500000|  0%| F|  |TAMS 0x0000000089400000| PB 0x0000000089400000| Untracked 
| 149|0x0000000089500000, 0x0000000089500000, 0x0000000089600000|  0%| F|  |TAMS 0x0000000089500000| PB 0x0000000089500000| Untracked 
| 150|0x0000000089600000, 0x0000000089600000, 0x0000000089700000|  0%| F|  |TAMS 0x0000000089600000| PB 0x0000000089600000| Untracked 
| 151|0x0000000089700000, 0x0000000089700000, 0x0000000089800000|  0%| F|  |TAMS 0x0000000089700000| PB 0x0000000089700000| Untracked 
| 152|0x0000000089800000, 0x0000000089800000, 0x0000000089900000|  0%| F|  |TAMS 0x0000000089800000| PB 0x0000000089800000| Untracked 
| 153|0x0000000089900000, 0x0000000089900000, 0x0000000089a00000|  0%| F|  |TAMS 0x0000000089900000| PB 0x0000000089900000| Untracked 
| 154|0x0000000089a00000, 0x0000000089a00000, 0x0000000089b00000|  0%| F|  |TAMS 0x0000000089a00000| PB 0x0000000089a00000| Untracked 
| 155|0x0000000089b00000, 0x0000000089b00000, 0x0000000089c00000|  0%| F|  |TAMS 0x0000000089b00000| PB 0x0000000089b00000| Untracked 
| 156|0x0000000089c00000, 0x0000000089c00000, 0x0000000089d00000|  0%| F|  |TAMS 0x0000000089c00000| PB 0x0000000089c00000| Untracked 
| 157|0x0000000089d00000, 0x0000000089d00000, 0x0000000089e00000|  0%| F|  |TAMS 0x0000000089d00000| PB 0x0000000089d00000| Untracked 
| 158|0x0000000089e00000, 0x0000000089e00000, 0x0000000089f00000|  0%| F|  |TAMS 0x0000000089e00000| PB 0x0000000089e00000| Untracked 
| 159|0x0000000089f00000, 0x0000000089f00000, 0x000000008a000000|  0%| F|  |TAMS 0x0000000089f00000| PB 0x0000000089f00000| Untracked 
| 160|0x000000008a000000, 0x000000008a000000, 0x000000008a100000|  0%| F|  |TAMS 0x000000008a000000| PB 0x000000008a000000| Untracked 
| 161|0x000000008a100000, 0x000000008a100000, 0x000000008a200000|  0%| F|  |TAMS 0x000000008a100000| PB 0x000000008a100000| Untracked 
| 162|0x000000008a200000, 0x000000008a200000, 0x000000008a300000|  0%| F|  |TAMS 0x000000008a200000| PB 0x000000008a200000| Untracked 
| 163|0x000000008a300000, 0x000000008a300000, 0x000000008a400000|  0%| F|  |TAMS 0x000000008a300000| PB 0x000000008a300000| Untracked 
| 164|0x000000008a400000, 0x000000008a400000, 0x000000008a500000|  0%| F|  |TAMS 0x000000008a400000| PB 0x000000008a400000| Untracked 
| 165|0x000000008a500000, 0x000000008a500000, 0x000000008a600000|  0%| F|  |TAMS 0x000000008a500000| PB 0x000000008a500000| Untracked 
| 166|0x000000008a600000, 0x000000008a600000, 0x000000008a700000|  0%| F|  |TAMS 0x000000008a600000| PB 0x000000008a600000| Untracked 
| 167|0x000000008a700000, 0x000000008a700000, 0x000000008a800000|  0%| F|  |TAMS 0x000000008a700000| PB 0x000000008a700000| Untracked 
| 168|0x000000008a800000, 0x000000008a800000, 0x000000008a900000|  0%| F|  |TAMS 0x000000008a800000| PB 0x000000008a800000| Untracked 
| 169|0x000000008a900000, 0x000000008a900000, 0x000000008aa00000|  0%| F|  |TAMS 0x000000008a900000| PB 0x000000008a900000| Untracked 
| 170|0x000000008aa00000, 0x000000008aa00000, 0x000000008ab00000|  0%| F|  |TAMS 0x000000008aa00000| PB 0x000000008aa00000| Untracked 
| 171|0x000000008ab00000, 0x000000008ab00000, 0x000000008ac00000|  0%| F|  |TAMS 0x000000008ab00000| PB 0x000000008ab00000| Untracked 
| 172|0x000000008ac00000, 0x000000008ac00000, 0x000000008ad00000|  0%| F|  |TAMS 0x000000008ac00000| PB 0x000000008ac00000| Untracked 
| 173|0x000000008ad00000, 0x000000008ad00000, 0x000000008ae00000|  0%| F|  |TAMS 0x000000008ad00000| PB 0x000000008ad00000| Untracked 
| 174|0x000000008ae00000, 0x000000008ae00000, 0x000000008af00000|  0%| F|  |TAMS 0x000000008ae00000| PB 0x000000008ae00000| Untracked 
| 175|0x000000008af00000, 0x000000008af00000, 0x000000008b000000|  0%| F|  |TAMS 0x000000008af00000| PB 0x000000008af00000| Untracked 
| 176|0x000000008b000000, 0x000000008b000000, 0x000000008b100000|  0%| F|  |TAMS 0x000000008b000000| PB 0x000000008b000000| Untracked 
| 177|0x000000008b100000, 0x000000008b100000, 0x000000008b200000|  0%| F|  |TAMS 0x000000008b100000| PB 0x000000008b100000| Untracked 
| 178|0x000000008b200000, 0x000000008b200000, 0x000000008b300000|  0%| F|  |TAMS 0x000000008b200000| PB 0x000000008b200000| Untracked 
| 179|0x000000008b300000, 0x000000008b300000, 0x000000008b400000|  0%| F|  |TAMS 0x000000008b300000| PB 0x000000008b300000| Untracked 
| 180|0x000000008b400000, 0x000000008b400000, 0x000000008b500000|  0%| F|  |TAMS 0x000000008b400000| PB 0x000000008b400000| Untracked 
| 181|0x000000008b500000, 0x000000008b500000, 0x000000008b600000|  0%| F|  |TAMS 0x000000008b500000| PB 0x000000008b500000| Untracked 
| 182|0x000000008b600000, 0x000000008b600000, 0x000000008b700000|  0%| F|  |TAMS 0x000000008b600000| PB 0x000000008b600000| Untracked 
| 183|0x000000008b700000, 0x000000008b700000, 0x000000008b800000|  0%| F|  |TAMS 0x000000008b700000| PB 0x000000008b700000| Untracked 
| 184|0x000000008b800000, 0x000000008b800000, 0x000000008b900000|  0%| F|  |TAMS 0x000000008b800000| PB 0x000000008b800000| Untracked 
| 185|0x000000008b900000, 0x000000008b900000, 0x000000008ba00000|  0%| F|  |TAMS 0x000000008b900000| PB 0x000000008b900000| Untracked 
| 186|0x000000008ba00000, 0x000000008ba00000, 0x000000008bb00000|  0%| F|  |TAMS 0x000000008ba00000| PB 0x000000008ba00000| Untracked 
| 187|0x000000008bb00000, 0x000000008bb00000, 0x000000008bc00000|  0%| F|  |TAMS 0x000000008bb00000| PB 0x000000008bb00000| Untracked 
| 188|0x000000008bc00000, 0x000000008bc00000, 0x000000008bd00000|  0%| F|  |TAMS 0x000000008bc00000| PB 0x000000008bc00000| Untracked 
| 189|0x000000008bd00000, 0x000000008bd00000, 0x000000008be00000|  0%| F|  |TAMS 0x000000008bd00000| PB 0x000000008bd00000| Untracked 
| 190|0x000000008be00000, 0x000000008be00000, 0x000000008bf00000|  0%| F|  |TAMS 0x000000008be00000| PB 0x000000008be00000| Untracked 
| 191|0x000000008bf00000, 0x000000008bf00000, 0x000000008c000000|  0%| F|  |TAMS 0x000000008bf00000| PB 0x000000008bf00000| Untracked 
| 192|0x000000008c000000, 0x000000008c000000, 0x000000008c100000|  0%| F|  |TAMS 0x000000008c000000| PB 0x000000008c000000| Untracked 
| 193|0x000000008c100000, 0x000000008c100000, 0x000000008c200000|  0%| F|  |TAMS 0x000000008c100000| PB 0x000000008c100000| Untracked 
| 194|0x000000008c200000, 0x000000008c200000, 0x000000008c300000|  0%| F|  |TAMS 0x000000008c200000| PB 0x000000008c200000| Untracked 
| 195|0x000000008c300000, 0x000000008c300000, 0x000000008c400000|  0%| F|  |TAMS 0x000000008c300000| PB 0x000000008c300000| Untracked 
| 196|0x000000008c400000, 0x000000008c400000, 0x000000008c500000|  0%| F|  |TAMS 0x000000008c400000| PB 0x000000008c400000| Untracked 
| 197|0x000000008c500000, 0x000000008c500000, 0x000000008c600000|  0%| F|  |TAMS 0x000000008c500000| PB 0x000000008c500000| Untracked 
| 198|0x000000008c600000, 0x000000008c600000, 0x000000008c700000|  0%| F|  |TAMS 0x000000008c600000| PB 0x000000008c600000| Untracked 
| 199|0x000000008c700000, 0x000000008c700000, 0x000000008c800000|  0%| F|  |TAMS 0x000000008c700000| PB 0x000000008c700000| Untracked 
| 200|0x000000008c800000, 0x000000008c800000, 0x000000008c900000|  0%| F|  |TAMS 0x000000008c800000| PB 0x000000008c800000| Untracked 
| 201|0x000000008c900000, 0x000000008c900000, 0x000000008ca00000|  0%| F|  |TAMS 0x000000008c900000| PB 0x000000008c900000| Untracked 
| 202|0x000000008ca00000, 0x000000008ca00000, 0x000000008cb00000|  0%| F|  |TAMS 0x000000008ca00000| PB 0x000000008ca00000| Untracked 
| 203|0x000000008cb00000, 0x000000008cb00000, 0x000000008cc00000|  0%| F|  |TAMS 0x000000008cb00000| PB 0x000000008cb00000| Untracked 
| 204|0x000000008cc00000, 0x000000008cc00000, 0x000000008cd00000|  0%| F|  |TAMS 0x000000008cc00000| PB 0x000000008cc00000| Untracked 
| 205|0x000000008cd00000, 0x000000008cd00000, 0x000000008ce00000|  0%| F|  |TAMS 0x000000008cd00000| PB 0x000000008cd00000| Untracked 
| 206|0x000000008ce00000, 0x000000008ce00000, 0x000000008cf00000|  0%| F|  |TAMS 0x000000008ce00000| PB 0x000000008ce00000| Untracked 
| 207|0x000000008cf00000, 0x000000008cf00000, 0x000000008d000000|  0%| F|  |TAMS 0x000000008cf00000| PB 0x000000008cf00000| Untracked 
| 208|0x000000008d000000, 0x000000008d000000, 0x000000008d100000|  0%| F|  |TAMS 0x000000008d000000| PB 0x000000008d000000| Untracked 
| 209|0x000000008d100000, 0x000000008d100000, 0x000000008d200000|  0%| F|  |TAMS 0x000000008d100000| PB 0x000000008d100000| Untracked 
| 210|0x000000008d200000, 0x000000008d200000, 0x000000008d300000|  0%| F|  |TAMS 0x000000008d200000| PB 0x000000008d200000| Untracked 
| 211|0x000000008d300000, 0x000000008d300000, 0x000000008d400000|  0%| F|  |TAMS 0x000000008d300000| PB 0x000000008d300000| Untracked 
| 212|0x000000008d400000, 0x000000008d400000, 0x000000008d500000|  0%| F|  |TAMS 0x000000008d400000| PB 0x000000008d400000| Untracked 
| 213|0x000000008d500000, 0x000000008d500000, 0x000000008d600000|  0%| F|  |TAMS 0x000000008d500000| PB 0x000000008d500000| Untracked 
| 214|0x000000008d600000, 0x000000008d600000, 0x000000008d700000|  0%| F|  |TAMS 0x000000008d600000| PB 0x000000008d600000| Untracked 
| 215|0x000000008d700000, 0x000000008d700000, 0x000000008d800000|  0%| F|  |TAMS 0x000000008d700000| PB 0x000000008d700000| Untracked 
| 216|0x000000008d800000, 0x000000008d800000, 0x000000008d900000|  0%| F|  |TAMS 0x000000008d800000| PB 0x000000008d800000| Untracked 
| 217|0x000000008d900000, 0x000000008d900000, 0x000000008da00000|  0%| F|  |TAMS 0x000000008d900000| PB 0x000000008d900000| Untracked 
| 218|0x000000008da00000, 0x000000008da00000, 0x000000008db00000|  0%| F|  |TAMS 0x000000008da00000| PB 0x000000008da00000| Untracked 
| 219|0x000000008db00000, 0x000000008db00000, 0x000000008dc00000|  0%| F|  |TAMS 0x000000008db00000| PB 0x000000008db00000| Untracked 
| 220|0x000000008dc00000, 0x000000008dc00000, 0x000000008dd00000|  0%| F|  |TAMS 0x000000008dc00000| PB 0x000000008dc00000| Untracked 
| 221|0x000000008dd00000, 0x000000008dd00000, 0x000000008de00000|  0%| F|  |TAMS 0x000000008dd00000| PB 0x000000008dd00000| Untracked 
| 222|0x000000008de00000, 0x000000008de00000, 0x000000008df00000|  0%| F|  |TAMS 0x000000008de00000| PB 0x000000008de00000| Untracked 
| 223|0x000000008df00000, 0x000000008df00000, 0x000000008e000000|  0%| F|  |TAMS 0x000000008df00000| PB 0x000000008df00000| Untracked 
| 224|0x000000008e000000, 0x000000008e000000, 0x000000008e100000|  0%| F|  |TAMS 0x000000008e000000| PB 0x000000008e000000| Untracked 
| 225|0x000000008e100000, 0x000000008e100000, 0x000000008e200000|  0%| F|  |TAMS 0x000000008e100000| PB 0x000000008e100000| Untracked 
| 226|0x000000008e200000, 0x000000008e200000, 0x000000008e300000|  0%| F|  |TAMS 0x000000008e200000| PB 0x000000008e200000| Untracked 
| 227|0x000000008e300000, 0x000000008e300000, 0x000000008e400000|  0%| F|  |TAMS 0x000000008e300000| PB 0x000000008e300000| Untracked 
| 228|0x000000008e400000, 0x000000008e400000, 0x000000008e500000|  0%| F|  |TAMS 0x000000008e400000| PB 0x000000008e400000| Untracked 
| 229|0x000000008e500000, 0x000000008e500000, 0x000000008e600000|  0%| F|  |TAMS 0x000000008e500000| PB 0x000000008e500000| Untracked 
|2030|0x00000000fee00000, 0x00000000feebd0a8, 0x00000000fef00000| 73%| O|  |TAMS 0x00000000fee00000| PB 0x00000000fee00000| Untracked 
|2031|0x00000000fef00000, 0x00000000ff000000, 0x00000000ff000000|100%| O|  |TAMS 0x00000000fef00000| PB 0x00000000fef00000| Untracked 
|2032|0x00000000ff000000, 0x00000000ff100000, 0x00000000ff100000|100%| O|  |TAMS 0x00000000ff000000| PB 0x00000000ff000000| Untracked 
|2033|0x00000000ff100000, 0x00000000ff200000, 0x00000000ff200000|100%| O|  |TAMS 0x00000000ff100000| PB 0x00000000ff100000| Untracked 
|2034|0x00000000ff200000, 0x00000000ff200000, 0x00000000ff300000|  0%| F|  |TAMS 0x00000000ff200000| PB 0x00000000ff200000| Untracked 
|2035|0x00000000ff300000, 0x00000000ff300000, 0x00000000ff400000|  0%| F|  |TAMS 0x00000000ff300000| PB 0x00000000ff300000| Untracked 
|2036|0x00000000ff400000, 0x00000000ff500000, 0x00000000ff500000|100%| O|  |TAMS 0x00000000ff400000| PB 0x00000000ff400000| Untracked 
|2037|0x00000000ff500000, 0x00000000ff500000, 0x00000000ff600000|  0%| F|  |TAMS 0x00000000ff500000| PB 0x00000000ff500000| Untracked 
|2038|0x00000000ff600000, 0x00000000ff600000, 0x00000000ff700000|  0%| F|  |TAMS 0x00000000ff600000| PB 0x00000000ff600000| Untracked 
|2039|0x00000000ff700000, 0x00000000ff800000, 0x00000000ff800000|100%| O|  |TAMS 0x00000000ff700000| PB 0x00000000ff700000| Untracked 
|2040|0x00000000ff800000, 0x00000000ff800000, 0x00000000ff900000|  0%| F|  |TAMS 0x00000000ff800000| PB 0x00000000ff800000| Untracked 
|2041|0x00000000ff900000, 0x00000000ffa00000, 0x00000000ffa00000|100%| O|  |TAMS 0x00000000ff900000| PB 0x00000000ff900000| Untracked 
|2042|0x00000000ffa00000, 0x00000000ffb00000, 0x00000000ffb00000|100%| O|  |TAMS 0x00000000ffa00000| PB 0x00000000ffa00000| Untracked 
|2043|0x00000000ffb00000, 0x00000000ffc00000, 0x00000000ffc00000|100%| O|  |TAMS 0x00000000ffb00000| PB 0x00000000ffb00000| Untracked 
|2044|0x00000000ffc00000, 0x00000000ffd00000, 0x00000000ffd00000|100%| O|  |TAMS 0x00000000ffc00000| PB 0x00000000ffc00000| Untracked 
|2045|0x00000000ffd00000, 0x00000000ffe00000, 0x00000000ffe00000|100%| O|  |TAMS 0x00000000ffd00000| PB 0x00000000ffd00000| Untracked 
|2046|0x00000000ffe00000, 0x00000000fff00000, 0x00000000fff00000|100%| O|  |TAMS 0x00000000ffe00000| PB 0x00000000ffe00000| Untracked 
|2047|0x00000000fff00000, 0x0000000100000000, 0x0000000100000000|100%| O|  |TAMS 0x00000000fff00000| PB 0x00000000fff00000| Untracked 

Card table byte_map: [0x00000188dcd50000,0x00000188dd150000] _byte_map_base: 0x00000188dc950000

Marking Bits: (CMBitMap*) 0x00000188c9fbcf20
 Bits: [0x00000188dd150000, 0x00000188df150000)

Polling page: 0x00000188c7f80000

Metaspace:

Usage:
  Non-class:    108.43 MB used.
      Class:     17.47 MB used.
       Both:    125.90 MB used.

Virtual space:
  Non-class space:      128.00 MB reserved,     109.69 MB ( 86%) committed,  2 nodes.
      Class space:        1.00 GB reserved,      18.62 MB (  2%) committed,  1 nodes.
             Both:        1.12 GB reserved,     128.31 MB ( 11%) committed. 

Chunk freelists:
   Non-Class:  1.97 MB
       Class:  13.20 MB
        Both:  15.17 MB

MaxMetaspaceSize: unlimited
CompressedClassSpaceSize: 1.00 GB
Initial GC threshold: 21.00 MB
Current GC threshold: 209.00 MB
CDS: off
 - commit_granule_bytes: 65536.
 - commit_granule_words: 8192.
 - virtual_space_node_default_size: 8388608.
 - enlarge_chunks_in_place: 1.
 - use_allocation_guard: 0.


Internal statistics:

num_allocs_failed_limit: 12.
num_arena_births: 4822.
num_arena_deaths: 0.
num_vsnodes_births: 3.
num_vsnodes_deaths: 0.
num_space_committed: 2052.
num_space_uncommitted: 0.
num_chunks_returned_to_freelist: 12.
num_chunks_taken_from_freelist: 10526.
num_chunk_merges: 9.
num_chunk_splits: 6815.
num_chunks_enlarged: 4207.
num_inconsistent_stats: 0.

CodeHeap 'non-profiled nmethods': size=119168Kb used=7849Kb max_used=7849Kb free=111318Kb
 bounds [0x00000188d4c60000, 0x00000188d5410000, 0x00000188dc0c0000]
CodeHeap 'profiled nmethods': size=119104Kb used=26757Kb max_used=26757Kb free=92346Kb
 bounds [0x00000188cd0c0000, 0x00000188ceaf0000, 0x00000188d4510000]
CodeHeap 'non-nmethods': size=7488Kb used=3182Kb max_used=3776Kb free=4305Kb
 bounds [0x00000188d4510000, 0x00000188d48d0000, 0x00000188d4c60000]
CodeCache: size=245760Kb, used=37788Kb, max_used=38382Kb, free=207969Kb
 total_blobs=14660, nmethods=13728, adapters=834, full_count=0
Compilation: enabled, stopped_count=0, restarted_count=0

Compilation events (20 events):
Event: 40.414 Thread 0x00000188f1b8a3d0 nmethod 16291 0x00000188cead4c90 code [0x00000188cead4ea0, 0x00000188cead5350]
Event: 40.414 Thread 0x00000188f1b8a3d0 16289       3       java.nio.ByteBuffer::put (69 bytes)
Event: 40.414 Thread 0x00000188e237e0b0 nmethod 16287 0x00000188cead5510 code [0x00000188cead57c0, 0x00000188cead6480]
Event: 40.414 Thread 0x00000188e237e0b0 16290   !   3       java.nio.ByteBuffer::putArray (122 bytes)
Event: 40.415 Thread 0x00000188f1b8a3d0 nmethod 16289 0x00000188cead6990 code [0x00000188cead6bc0, 0x00000188cead72a0]
Event: 40.415 Thread 0x00000188f1b8a3d0 16292       3       org.gradle.internal.remote.internal.inet.SocketConnection$SocketOutputStream::writeBufferToChannel (33 bytes)
Event: 40.415 Thread 0x00000188f1b88f60 nmethod 16285 0x00000188cead7510 code [0x00000188cead7a80, 0x00000188ceadaad8]
Event: 40.415 Thread 0x00000188f1b8a3d0 nmethod 16292 0x00000188ceadbb10 code [0x00000188ceadbd00, 0x00000188ceadc098]
Event: 40.415 Thread 0x00000188f1b88f60 16293       3       java.nio.DirectByteBuffer::compact (5 bytes)
Event: 40.415 Thread 0x00000188f1b88f60 nmethod 16293 0x00000188ceadc210 code [0x00000188ceadc3c0, 0x00000188ceadc580]
Event: 40.416 Thread 0x00000188e237e0b0 nmethod 16290 0x00000188ceadc610 code [0x00000188ceadc8a0, 0x00000188ceadd460]
Event: 40.425 Thread 0x00000188e237e0b0 16296   !   3       org.gradle.internal.hash.DefaultStreamHasher::doHash (84 bytes)
Event: 40.428 Thread 0x00000188e237e0b0 nmethod 16296 0x00000188ceadda90 code [0x00000188ceadde80, 0x00000188ceadf968]
Event: 40.429 Thread 0x00000188e237e0b0 16297       3       org.gradle.internal.hash.DefaultStreamHasher::hash (9 bytes)
Event: 40.429 Thread 0x00000188e237e0b0 nmethod 16297 0x00000188ceae0810 code [0x00000188ceae09c0, 0x00000188ceae0b60]
Event: 40.429 Thread 0x00000188e237e0b0 16298   !   3       org.gradle.internal.hash.DefaultFileHasher::hash (97 bytes)
Event: 40.433 Thread 0x00000188e237e0b0 nmethod 16298 0x00000188ceae0c10 code [0x00000188ceae0fe0, 0x00000188ceae2978]
Event: 40.447 Thread 0x00000188e237e0b0 16302   !   3       org.gradle.internal.classloader.CachingClassLoader::loadClass (85 bytes)
Event: 40.447 Thread 0x00000188e237e0b0 nmethod 16302 0x00000188ceae3590 code [0x00000188ceae37a0, 0x00000188ceae3eb0]
Event: 40.484 Thread 0x00000188e237e0b0 16304   !   3       java.io.FileInputStream::<init> (292 bytes)

GC Heap History (20 events):
Event: 33.714 GC heap after
{Heap after GC invocations=51 (full 0):
 garbage-first heap   total 172032K, used 113565K [0x0000000080000000, 0x0000000100000000)
  region size 1024K, 4 young (4096K), 4 survivors (4096K)
 Metaspace       used 116997K, committed 119424K, reserved 1179648K
  class space    used 16533K, committed 17728K, reserved 1048576K
}
Event: 33.896 GC heap before
{Heap before GC invocations=52 (full 0):
 garbage-first heap   total 191488K, used 160669K [0x0000000080000000, 0x0000000100000000)
  region size 1024K, 50 young (51200K), 4 survivors (4096K)
 Metaspace       used 116997K, committed 119424K, reserved 1179648K
  class space    used 16533K, committed 17728K, reserved 1048576K
}
Event: 33.900 GC heap after
{Heap after GC invocations=53 (full 0):
 garbage-first heap   total 191488K, used 114345K [0x0000000080000000, 0x0000000100000000)
  region size 1024K, 4 young (4096K), 4 survivors (4096K)
 Metaspace       used 116997K, committed 119424K, reserved 1179648K
  class space    used 16533K, committed 17728K, reserved 1048576K
}
Event: 34.193 GC heap before
{Heap before GC invocations=53 (full 0):
 garbage-first heap   total 191488K, used 179881K [0x0000000080000000, 0x0000000100000000)
  region size 1024K, 69 young (70656K), 4 survivors (4096K)
 Metaspace       used 117497K, committed 119936K, reserved 1179648K
  class space    used 16609K, committed 17792K, reserved 1048576K
}
Event: 34.200 GC heap after
{Heap after GC invocations=54 (full 0):
 garbage-first heap   total 230400K, used 114268K [0x0000000080000000, 0x0000000100000000)
  region size 1024K, 5 young (5120K), 5 survivors (5120K)
 Metaspace       used 117497K, committed 119936K, reserved 1179648K
  class space    used 16609K, committed 17792K, reserved 1048576K
}
Event: 34.552 GC heap before
{Heap before GC invocations=54 (full 0):
 garbage-first heap   total 230400K, used 216668K [0x0000000080000000, 0x0000000100000000)
  region size 1024K, 106 young (108544K), 5 survivors (5120K)
 Metaspace       used 118247K, committed 120640K, reserved 1179648K
  class space    used 16694K, committed 17856K, reserved 1048576K
}
Event: 34.558 GC heap after
{Heap after GC invocations=55 (full 0):
 garbage-first heap   total 230400K, used 115628K [0x0000000080000000, 0x0000000100000000)
  region size 1024K, 6 young (6144K), 6 survivors (6144K)
 Metaspace       used 118247K, committed 120640K, reserved 1179648K
  class space    used 16694K, committed 17856K, reserved 1048576K
}
Event: 34.812 GC heap before
{Heap before GC invocations=55 (full 0):
 garbage-first heap   total 230400K, used 218028K [0x0000000080000000, 0x0000000100000000)
  region size 1024K, 106 young (108544K), 6 survivors (6144K)
 Metaspace       used 118343K, committed 120768K, reserved 1179648K
  class space    used 16698K, committed 17856K, reserved 1048576K
}
Event: 34.819 GC heap after
{Heap after GC invocations=56 (full 0):
 garbage-first heap   total 230400K, used 115787K [0x0000000080000000, 0x0000000100000000)
  region size 1024K, 7 young (7168K), 7 survivors (7168K)
 Metaspace       used 118343K, committed 120768K, reserved 1179648K
  class space    used 16698K, committed 17856K, reserved 1048576K
}
Event: 35.920 GC heap before
{Heap before GC invocations=56 (full 0):
 garbage-first heap   total 230400K, used 216139K [0x0000000080000000, 0x0000000100000000)
  region size 1024K, 106 young (108544K), 7 survivors (7168K)
 Metaspace       used 119123K, committed 121536K, reserved 1179648K
  class space    used 16800K, committed 17984K, reserved 1048576K
}
Event: 35.929 GC heap after
{Heap after GC invocations=57 (full 0):
 garbage-first heap   total 230400K, used 116909K [0x0000000080000000, 0x0000000100000000)
  region size 1024K, 8 young (8192K), 8 survivors (8192K)
 Metaspace       used 119123K, committed 121536K, reserved 1179648K
  class space    used 16800K, committed 17984K, reserved 1048576K
}
Event: 36.320 GC heap before
{Heap before GC invocations=58 (full 0):
 garbage-first heap   total 230400K, used 217261K [0x0000000080000000, 0x0000000100000000)
  region size 1024K, 106 young (108544K), 8 survivors (8192K)
 Metaspace       used 119286K, committed 121728K, reserved 1179648K
  class space    used 16816K, committed 17984K, reserved 1048576K
}
Event: 36.328 GC heap after
{Heap after GC invocations=59 (full 0):
 garbage-first heap   total 230400K, used 117872K [0x0000000080000000, 0x0000000100000000)
  region size 1024K, 9 young (9216K), 9 survivors (9216K)
 Metaspace       used 119286K, committed 121728K, reserved 1179648K
  class space    used 16816K, committed 17984K, reserved 1048576K
}
Event: 37.610 GC heap before
{Heap before GC invocations=59 (full 0):
 garbage-first heap   total 230400K, used 221296K [0x0000000080000000, 0x0000000100000000)
  region size 1024K, 106 young (108544K), 9 survivors (9216K)
 Metaspace       used 125275K, committed 127744K, reserved 1179648K
  class space    used 17380K, committed 18560K, reserved 1048576K
}
Event: 37.621 GC heap after
{Heap after GC invocations=60 (full 0):
 garbage-first heap   total 239616K, used 125850K [0x0000000080000000, 0x0000000100000000)
  region size 1024K, 12 young (12288K), 12 survivors (12288K)
 Metaspace       used 125275K, committed 127744K, reserved 1179648K
  class space    used 17380K, committed 18560K, reserved 1048576K
}
Event: 38.266 GC heap before
{Heap before GC invocations=60 (full 0):
 garbage-first heap   total 239616K, used 224154K [0x0000000080000000, 0x0000000100000000)
  region size 1024K, 109 young (111616K), 12 survivors (12288K)
 Metaspace       used 125876K, committed 128320K, reserved 1179648K
  class space    used 17476K, committed 18688K, reserved 1048576K
}
Event: 38.275 GC heap after
{Heap after GC invocations=61 (full 0):
 garbage-first heap   total 239616K, used 127113K [0x0000000080000000, 0x0000000100000000)
  region size 1024K, 9 young (9216K), 9 survivors (9216K)
 Metaspace       used 125876K, committed 128320K, reserved 1179648K
  class space    used 17476K, committed 18688K, reserved 1048576K
}
Event: 38.864 GC heap before
{Heap before GC invocations=62 (full 0):
 garbage-first heap   total 239616K, used 237705K [0x0000000080000000, 0x0000000100000000)
  region size 1024K, 104 young (106496K), 9 survivors (9216K)
 Metaspace       used 126730K, committed 129152K, reserved 1179648K
  class space    used 17586K, committed 18752K, reserved 1048576K
}
Event: 39.887 GC heap after
{Heap after GC invocations=63 (full 0):
 garbage-first heap   total 252928K, used 145445K [0x0000000080000000, 0x0000000100000000)
  region size 1024K, 12 young (12288K), 12 survivors (12288K)
 Metaspace       used 126730K, committed 129152K, reserved 1179648K
  class space    used 17586K, committed 18752K, reserved 1048576K
}
Event: 40.485 GC heap before
{Heap before GC invocations=63 (full 0):
 garbage-first heap   total 252928K, used 237605K [0x0000000080000000, 0x0000000100000000)
  region size 1024K, 103 young (105472K), 12 survivors (12288K)
 Metaspace       used 128923K, committed 131392K, reserved 1179648K
  class space    used 17886K, committed 19072K, reserved 1048576K
}

Dll operation events (3 events):
Event: 0.029 Loaded shared library C:\Program Files\Android\Android Studio\jbr\bin\java.dll
Event: 0.036 Loaded shared library C:\Program Files\Android\Android Studio\jbr\bin\zip.dll
Event: 4.055 Loaded shared library C:\Program Files\Android\Android Studio\jbr\bin\verify.dll

Deoptimization events (20 events):
Event: 40.406 Thread 0x00000188f30d26e0 DEOPT PACKING pc=0x00000188d50585f0 sp=0x0000001c577fa410
Event: 40.406 Thread 0x00000188f30d26e0 DEOPT UNPACKING pc=0x00000188d45643a2 sp=0x0000001c577fa240 mode 2
Event: 40.406 Thread 0x00000188f30d26e0 Uncommon trap: trap_request=0xffffffd6 fr.pc=0x00000188d50585f0 relative=0x0000000000001130
Event: 40.406 Thread 0x00000188f30d26e0 Uncommon trap: reason=array_check action=maybe_recompile pc=0x00000188d50585f0 method=java.util.TimSort.reverseRange([Ljava/lang/Object;II)V @ 20 c2
Event: 40.406 Thread 0x00000188f30d26e0 DEOPT PACKING pc=0x00000188d50585f0 sp=0x0000001c577fa410
Event: 40.406 Thread 0x00000188f30d26e0 DEOPT UNPACKING pc=0x00000188d45643a2 sp=0x0000001c577fa240 mode 2
Event: 40.423 Thread 0x00000188eaec63e0 DEOPT PACKING pc=0x00000188ceabb1b2 sp=0x0000001c53bfcc60
Event: 40.423 Thread 0x00000188eaec63e0 DEOPT UNPACKING pc=0x00000188d4564b42 sp=0x0000001c53bfc120 mode 0
Event: 40.442 Thread 0x00000188eaec7790 DEOPT PACKING pc=0x00000188ceabb1b2 sp=0x0000001c53efd280
Event: 40.443 Thread 0x00000188eaec7790 DEOPT UNPACKING pc=0x00000188d4564b42 sp=0x0000001c53efc740 mode 0
Event: 40.460 Thread 0x00000188f24d5f20 Uncommon trap: trap_request=0xffffff45 fr.pc=0x00000188d4d7d42c relative=0x00000000000002ac
Event: 40.460 Thread 0x00000188f24d5f20 Uncommon trap: reason=unstable_if action=reinterpret pc=0x00000188d4d7d42c method=com.google.common.collect.MapMakerInternalMap$Segment.getEntry(Ljava/lang/Object;I)Lcom/google/common/collect/MapMakerInternalMap$InternalEntry; @ 63 c2
Event: 40.460 Thread 0x00000188f24d5f20 DEOPT PACKING pc=0x00000188d4d7d42c sp=0x0000001c5bbf9920
Event: 40.460 Thread 0x00000188f24d5f20 DEOPT UNPACKING pc=0x00000188d45643a2 sp=0x0000001c5bbf98d8 mode 2
Event: 40.460 Thread 0x00000188eaec5030 DEOPT PACKING pc=0x00000188ceabb1b2 sp=0x0000001c53dfd0d0
Event: 40.460 Thread 0x00000188eaec5030 DEOPT UNPACKING pc=0x00000188d4564b42 sp=0x0000001c53dfc590 mode 0
Event: 40.465 Thread 0x00000188eaec56c0 DEOPT PACKING pc=0x00000188ceabb1b2 sp=0x0000001c53ffd270
Event: 40.465 Thread 0x00000188eaec56c0 DEOPT UNPACKING pc=0x00000188d4564b42 sp=0x0000001c53ffc730 mode 0
Event: 40.480 Thread 0x00000188eaec8b40 DEOPT PACKING pc=0x00000188ceabb1b2 sp=0x0000001c545fcba0
Event: 40.480 Thread 0x00000188eaec8b40 DEOPT UNPACKING pc=0x00000188d4564b42 sp=0x0000001c545fc060 mode 0

Classes loaded (20 events):
Event: 38.615 Loading class java/lang/ProcessHandleImpl
Event: 38.616 Loading class java/lang/ProcessHandleImpl done
Event: 38.618 Loading class java/lang/ProcessImpl$2
Event: 38.619 Loading class java/lang/ProcessImpl$2 done
Event: 38.619 Loading class java/lang/Process$PipeInputStream
Event: 38.620 Loading class java/lang/Process$PipeInputStream done
Event: 38.626 Loading class java/lang/ProcessBuilder$NullInputStream
Event: 38.626 Loading class java/lang/ProcessBuilder$NullInputStream done
Event: 38.626 Loading class jdk/internal/event/ProcessStartEvent
Event: 38.628 Loading class jdk/internal/event/ProcessStartEvent done
Event: 38.629 Loading class java/util/concurrent/Semaphore$NonfairSync
Event: 38.630 Loading class java/util/concurrent/Semaphore$Sync
Event: 38.630 Loading class java/util/concurrent/Semaphore$Sync done
Event: 38.630 Loading class java/util/concurrent/Semaphore$NonfairSync done
Event: 40.261 Loading class java/util/stream/IntPipeline$1
Event: 40.261 Loading class java/util/stream/IntPipeline$1 done
Event: 40.262 Loading class java/util/stream/IntPipeline$1$1
Event: 40.262 Loading class java/util/stream/Sink$ChainedInt
Event: 40.262 Loading class java/util/stream/Sink$ChainedInt done
Event: 40.262 Loading class java/util/stream/IntPipeline$1$1 done

Classes unloaded (0 events):
No events

Classes redefined (0 events):
No events

Internal exceptions (20 events):
Event: 40.464 Thread 0x00000188eaec7790 Exception <a 'sun/nio/fs/WindowsException'{0x00000000898e41b0}> (0x00000000898e41b0) 
thrown [s\src\hotspot\share\prims\jni.cpp, line 537]
Event: 40.465 Thread 0x00000188f24d5f20 Exception <a 'sun/nio/fs/WindowsException'{0x00000000898bf628}> (0x00000000898bf628) 
thrown [s\src\hotspot\share\prims\jni.cpp, line 537]
Event: 40.466 Thread 0x00000188eaec91d0 Exception <a 'sun/nio/fs/WindowsException'{0x000000008954a480}> (0x000000008954a480) 
thrown [s\src\hotspot\share\prims\jni.cpp, line 537]
Event: 40.466 Thread 0x00000188eaec56c0 Exception <a 'sun/nio/fs/WindowsException'{0x0000000089598b08}> (0x0000000089598b08) 
thrown [s\src\hotspot\share\prims\jni.cpp, line 537]
Event: 40.467 Thread 0x00000188f24d5f20 Exception <a 'sun/nio/fs/WindowsException'{0x00000000898c5210}> (0x00000000898c5210) 
thrown [s\src\hotspot\share\prims\jni.cpp, line 537]
Event: 40.468 Thread 0x00000188f30d26e0 Exception <a 'sun/nio/fs/WindowsException'{0x00000000893ccfd8}> (0x00000000893ccfd8) 
thrown [s\src\hotspot\share\prims\jni.cpp, line 537]
Event: 40.468 Thread 0x00000188eaec3c80 Exception <a 'sun/nio/fs/WindowsException'{0x00000000893cedf8}> (0x00000000893cedf8) 
thrown [s\src\hotspot\share\prims\jni.cpp, line 537]
Event: 40.469 Thread 0x00000188eaec4310 Exception <a 'sun/nio/fs/WindowsException'{0x0000000089259c20}> (0x0000000089259c20) 
thrown [s\src\hotspot\share\prims\jni.cpp, line 537]
Event: 40.471 Thread 0x00000188f24d5f20 Exception <a 'sun/nio/fs/WindowsException'{0x00000000898cc490}> (0x00000000898cc490) 
thrown [s\src\hotspot\share\prims\jni.cpp, line 537]
Event: 40.475 Thread 0x00000188f24d5f20 Exception <a 'sun/nio/fs/WindowsException'{0x00000000891c24e8}> (0x00000000891c24e8) 
thrown [s\src\hotspot\share\prims\jni.cpp, line 537]
Event: 40.478 Thread 0x00000188f24d5f20 Exception <a 'sun/nio/fs/WindowsException'{0x00000000891cf288}> (0x00000000891cf288) 
thrown [s\src\hotspot\share\prims\jni.cpp, line 537]
Event: 40.479 Thread 0x00000188eaec5d50 Exception <a 'sun/nio/fs/WindowsException'{0x0000000088de02c8}> (0x0000000088de02c8) 
thrown [s\src\hotspot\share\prims\jni.cpp, line 537]
Event: 40.480 Thread 0x00000188f24d5f20 Exception <a 'sun/nio/fs/WindowsException'{0x00000000891d6338}> (0x00000000891d6338) 
thrown [s\src\hotspot\share\prims\jni.cpp, line 537]
Event: 40.480 Thread 0x00000188eaec63e0 Exception <a 'sun/nio/fs/WindowsException'{0x0000000088858240}> (0x0000000088858240) 
thrown [s\src\hotspot\share\prims\jni.cpp, line 537]
Event: 40.480 Thread 0x00000188eaec7100 Exception <a 'sun/nio/fs/WindowsException'{0x00000000889f87e0}> (0x00000000889f87e0) 
thrown [s\src\hotspot\share\prims\jni.cpp, line 537]
Event: 40.481 Thread 0x00000188eaec8b40 Exception <a 'sun/nio/fs/WindowsException'{0x00000000888cfde8}> (0x00000000888cfde8) 
thrown [s\src\hotspot\share\prims\jni.cpp, line 537]
Event: 40.483 Thread 0x00000188eaec5030 Exception <a 'sun/nio/fs/WindowsException'{0x00000000885a3458}> (0x00000000885a3458) 
thrown [s\src\hotspot\share\prims\jni.cpp, line 537]
Event: 40.483 Thread 0x00000188eaec7790 Exception <a 'sun/nio/fs/WindowsException'{0x0000000088439278}> (0x0000000088439278) 
thrown [s\src\hotspot\share\prims\jni.cpp, line 537]
Event: 40.483 Thread 0x00000188eaec49a0 Exception <a 'sun/nio/fs/WindowsException'{0x00000000885c2f50}> (0x00000000885c2f50) 
thrown [s\src\hotspot\share\prims\jni.cpp, line 537]
Event: 40.483 Thread 0x00000188f24d5f20 Exception <a 'sun/nio/fs/WindowsException'{0x00000000884d6208}> (0x00000000884d6208) 
thrown [s\src\hotspot\share\prims\jni.cpp, line 537]

ZGC Phase Switch (0 events):
No events

VM Operations (20 events):
Event: 37.320 Executing non-safepoint VM operation: HandshakeAllThreads (Deoptimize) done
Event: 37.366 Executing safepoint VM operation: ICBufferFull
Event: 37.366 Executing safepoint VM operation: ICBufferFull done
Event: 37.610 Executing safepoint VM operation: G1CollectForAllocation (G1 Evacuation Pause)
Event: 37.621 Executing safepoint VM operation: G1CollectForAllocation (G1 Evacuation Pause) done
Event: 38.265 Executing safepoint VM operation: G1CollectForAllocation (G1 Evacuation Pause)
Event: 38.275 Executing safepoint VM operation: G1CollectForAllocation (G1 Evacuation Pause) done
Event: 38.400 Executing safepoint VM operation: G1PauseRemark
Event: 38.407 Executing safepoint VM operation: G1PauseRemark done
Event: 38.448 Executing safepoint VM operation: G1PauseCleanup
Event: 38.448 Executing safepoint VM operation: G1PauseCleanup done
Event: 38.625 Executing non-safepoint VM operation: HandshakeAllThreads (Deoptimize)
Event: 38.626 Executing non-safepoint VM operation: HandshakeAllThreads (Deoptimize) done
Event: 38.641 Executing non-safepoint VM operation: HandshakeAllThreads (Deoptimize)
Event: 38.642 Executing non-safepoint VM operation: HandshakeAllThreads (Deoptimize) done
Event: 38.644 Executing non-safepoint VM operation: HandshakeAllThreads (Deoptimize)
Event: 38.645 Executing non-safepoint VM operation: HandshakeAllThreads (Deoptimize) done
Event: 38.864 Executing safepoint VM operation: G1CollectForAllocation (G1 Evacuation Pause)
Event: 39.887 Executing safepoint VM operation: G1CollectForAllocation (G1 Evacuation Pause) done
Event: 40.485 Executing safepoint VM operation: G1CollectForAllocation (G1 Evacuation Pause)

Memory protections (0 events):
No events

Nmethod flushes (20 events):
Event: 38.405 Thread 0x00000188e2284bf0 flushing osr nmethod 0x00000188cd446e90
Event: 38.405 Thread 0x00000188e2284bf0 flushing  nmethod 0x00000188cd817090
Event: 38.405 Thread 0x00000188e2284bf0 flushing  nmethod 0x00000188cd9e1510
Event: 38.405 Thread 0x00000188e2284bf0 flushing  nmethod 0x00000188cdad1310
Event: 38.405 Thread 0x00000188e2284bf0 flushing  nmethod 0x00000188cdbe2f10
Event: 38.405 Thread 0x00000188e2284bf0 flushing  nmethod 0x00000188ce129390
Event: 38.405 Thread 0x00000188e2284bf0 flushing  nmethod 0x00000188ce341d90
Event: 38.405 Thread 0x00000188e2284bf0 flushing  nmethod 0x00000188ce6ac690
Event: 38.405 Thread 0x00000188e2284bf0 flushing  nmethod 0x00000188d4ca0490
Event: 38.405 Thread 0x00000188e2284bf0 flushing  nmethod 0x00000188d4ee1e10
Event: 38.405 Thread 0x00000188e2284bf0 flushing  nmethod 0x00000188d51ca690
Event: 38.405 Thread 0x00000188e2284bf0 flushing  nmethod 0x00000188cd497810
Event: 38.405 Thread 0x00000188e2284bf0 flushing  nmethod 0x00000188cd57d110
Event: 38.405 Thread 0x00000188e2284bf0 flushing  nmethod 0x00000188cda0d610
Event: 38.405 Thread 0x00000188e2284bf0 flushing  nmethod 0x00000188cdacc310
Event: 38.405 Thread 0x00000188e2284bf0 flushing  nmethod 0x00000188cdb36190
Event: 38.405 Thread 0x00000188e2284bf0 flushing  nmethod 0x00000188cdfeca90
Event: 38.405 Thread 0x00000188e2284bf0 flushing  nmethod 0x00000188ce072e10
Event: 38.405 Thread 0x00000188e2284bf0 flushing  nmethod 0x00000188ce482090
Event: 38.405 Thread 0x00000188e2284bf0 flushing  nmethod 0x00000188ce482690

Events (20 events):
Event: 36.243 Thread 0x00000188f30cc470 Thread added: 0x00000188f1ce34a0
Event: 36.243 Thread 0x00000188f30cc470 Thread added: 0x00000188ebd98ee0
Event: 36.244 Thread 0x00000188f30cc470 Thread added: 0x00000188ebd97b30
Event: 36.871 Thread 0x00000188f17ac770 Thread exited: 0x00000188f17ac770
Event: 36.871 Thread 0x00000188f17a90f0 Thread exited: 0x00000188f17a90f0
Event: 37.625 Thread 0x00000188f30cc470 Thread added: 0x00000188ebd95a60
Event: 38.437 Thread 0x00000188f30cdeb0 Thread added: 0x00000188ebd9eac0
Event: 38.494 Thread 0x00000188f30d26e0 Thread added: 0x00000188ebd9fe70
Event: 38.512 Thread 0x00000188ebf6f660 Thread added: 0x00000188ebd9c9f0
Event: 38.514 Thread 0x00000188f1cdc510 Thread added: 0x00000188ebda0500
Event: 38.517 Thread 0x00000188ebf6f660 Thread added: 0x00000188ebda0b90
Event: 38.522 Thread 0x00000188ebf6f660 Thread added: 0x00000188ebd9d710
Event: 38.526 Thread 0x00000188ebf6f660 Thread added: 0x00000188ebda32f0
Event: 38.529 Thread 0x00000188ebf6f660 Thread added: 0x00000188ebda25d0
Event: 38.534 Thread 0x00000188ebf6f660 Thread added: 0x00000188ebda46a0
Event: 38.656 Thread 0x00000188f1cdcba0 Thread added: 0x00000188ebda1220
Event: 39.887 Thread 0x00000188f17a6ee0 Thread exited: 0x00000188f17a6ee0
Event: 39.888 Thread 0x00000188e8ab42a0 Thread exited: 0x00000188e8ab42a0
Event: 40.399 Thread 0x00000188e237e0b0 Thread added: 0x00000188f1b88f60
Event: 40.399 Thread 0x00000188e237e0b0 Thread added: 0x00000188f1b8a3d0


Dynamic libraries:
0x00007ff72fee0000 - 0x00007ff72feea000 	C:\Program Files\Android\Android Studio\jbr\bin\java.exe
0x00007ffd8fde0000 - 0x00007ffd90047000 	C:\WINDOWS\SYSTEM32\ntdll.dll
0x00007ffd61fb0000 - 0x00007ffd61fd1000 	C:\Program Files\AVG\Antivirus\aswhook.dll
0x00007ffd8ed30000 - 0x00007ffd8edf9000 	C:\WINDOWS\System32\KERNEL32.DLL
0x00007ffd8d760000 - 0x00007ffd8db57000 	C:\WINDOWS\System32\KERNELBASE.dll
0x00007ffd8d370000 - 0x00007ffd8d4bb000 	C:\WINDOWS\System32\ucrtbase.dll
0x00007ffd87e70000 - 0x00007ffd87e8b000 	C:\Program Files\Android\Android Studio\jbr\bin\VCRUNTIME140.dll
0x00007ffd067c0000 - 0x00007ffd067d8000 	C:\Program Files\Android\Android Studio\jbr\bin\jli.dll
0x00007ffd8e850000 - 0x00007ffd8ea16000 	C:\WINDOWS\System32\USER32.dll
0x00007ffd8d340000 - 0x00007ffd8d367000 	C:\WINDOWS\System32\win32u.dll
0x00007ffd8eb90000 - 0x00007ffd8ebbb000 	C:\WINDOWS\System32\GDI32.dll
0x00007ffd8d570000 - 0x00007ffd8d69c000 	C:\WINDOWS\System32\gdi32full.dll
0x00007ffd728b0000 - 0x00007ffd72b42000 	C:\WINDOWS\WinSxS\amd64_microsoft.windows.common-controls_6595b64144ccf1df_6.0.26100.8457_none_3e0b2faee331e92d\COMCTL32.dll
0x00007ffd8d4c0000 - 0x00007ffd8d563000 	C:\WINDOWS\System32\msvcp_win.dll
0x00007ffd8ec80000 - 0x00007ffd8ed29000 	C:\WINDOWS\System32\msvcrt.dll
0x00007ffd8f540000 - 0x00007ffd8f572000 	C:\WINDOWS\System32\IMM32.DLL
0x00007ffd79dc0000 - 0x00007ffd79dcc000 	C:\Program Files\Android\Android Studio\jbr\bin\vcruntime140_1.dll
0x00007ffd03720000 - 0x00007ffd037ad000 	C:\Program Files\Android\Android Studio\jbr\bin\msvcp140.dll
0x00007ffce50e0000 - 0x00007ffce5d76000 	C:\Program Files\Android\Android Studio\jbr\bin\server\jvm.dll
0x00007ffd8ebc0000 - 0x00007ffd8ec76000 	C:\WINDOWS\System32\ADVAPI32.dll
0x00007ffd8ea20000 - 0x00007ffd8eac7000 	C:\WINDOWS\System32\sechost.dll
0x00007ffd8f070000 - 0x00007ffd8f188000 	C:\WINDOWS\System32\RPCRT4.dll
0x00007ffd8fc90000 - 0x00007ffd8fd10000 	C:\WINDOWS\System32\WS2_32.dll
0x00007ffd8c670000 - 0x00007ffd8c6ce000 	C:\WINDOWS\SYSTEM32\POWRPROF.dll
0x00007ffd86580000 - 0x00007ffd865b6000 	C:\WINDOWS\SYSTEM32\WINMM.dll
0x00007ffd865c0000 - 0x00007ffd865cb000 	C:\WINDOWS\SYSTEM32\VERSION.dll
0x00007ffd8c650000 - 0x00007ffd8c664000 	C:\WINDOWS\SYSTEM32\UMPDC.dll
0x00007ffd8b560000 - 0x00007ffd8b57b000 	C:\WINDOWS\SYSTEM32\kernel.appcore.dll
0x00007ffd79db0000 - 0x00007ffd79dba000 	C:\Program Files\Android\Android Studio\jbr\bin\jimage.dll
0x00007ffd807a0000 - 0x00007ffd809e2000 	C:\WINDOWS\SYSTEM32\DBGHELP.DLL
0x00007ffd8db60000 - 0x00007ffd8dee3000 	C:\WINDOWS\System32\combase.dll
0x00007ffd8f580000 - 0x00007ffd8f659000 	C:\WINDOWS\System32\OLEAUT32.dll
0x00007ffd7f720000 - 0x00007ffd7f75b000 	C:\WINDOWS\SYSTEM32\dbgcore.DLL
0x00007ffd8c8a0000 - 0x00007ffd8c948000 	C:\WINDOWS\System32\bcryptPrimitives.dll
0x00007ffd44770000 - 0x00007ffd4477e000 	C:\Program Files\Android\Android Studio\jbr\bin\instrument.dll
0x00007ffd74c60000 - 0x00007ffd74c80000 	C:\Program Files\Android\Android Studio\jbr\bin\java.dll
0x00007ffd74b60000 - 0x00007ffd74b78000 	C:\Program Files\Android\Android Studio\jbr\bin\zip.dll
0x00007ffd8def0000 - 0x00007ffd8e65e000 	C:\WINDOWS\System32\SHELL32.dll
0x00007ffd8cad0000 - 0x00007ffd8d33c000 	C:\WINDOWS\System32\windows.storage.dll
0x00007ffd8e680000 - 0x00007ffd8e776000 	C:\WINDOWS\System32\SHCORE.dll
0x00007ffd8e7e0000 - 0x00007ffd8e846000 	C:\WINDOWS\System32\shlwapi.dll
0x00007ffd8c730000 - 0x00007ffd8c759000 	C:\WINDOWS\SYSTEM32\profapi.dll
0x00007ffd74b50000 - 0x00007ffd74b60000 	C:\Program Files\Android\Android Studio\jbr\bin\net.dll
0x00007ffd86aa0000 - 0x00007ffd86bc9000 	C:\WINDOWS\SYSTEM32\WINHTTP.dll
0x00007ffd8bab0000 - 0x00007ffd8bb1c000 	C:\WINDOWS\system32\mswsock.dll
0x00007ffd74b30000 - 0x00007ffd74b46000 	C:\Program Files\Android\Android Studio\jbr\bin\nio.dll
0x00007ffd52d20000 - 0x00007ffd52d30000 	C:\Program Files\Android\Android Studio\jbr\bin\verify.dll
0x00007ffd3d450000 - 0x00007ffd3d477000 	C:\Users\Windows 10\.gradle\native\660c5614fbf4a5f2a75b1949f50a0caf5cd603558e7d8a26e50b933a0cfb79d1\windows-amd64\native-platform.dll
0x00007ffcc4ae0000 - 0x00007ffcc4b57000 	C:\Users\Windows 10\.gradle\native\0.2.8\x86_64-windows-gnu\gradle-fileevents.dll
0x00007ffd56890000 - 0x00007ffd56899000 	C:\Program Files\Android\Android Studio\jbr\bin\management.dll
0x00007ffd52d40000 - 0x00007ffd52d4b000 	C:\Program Files\Android\Android Studio\jbr\bin\management_ext.dll
0x00007ffd8f1b0000 - 0x00007ffd8f1b8000 	C:\WINDOWS\System32\PSAPI.DLL
0x00007ffd8afa0000 - 0x00007ffd8afd2000 	C:\WINDOWS\SYSTEM32\IPHLPAPI.DLL
0x00007ffd8e670000 - 0x00007ffd8e67a000 	C:\WINDOWS\System32\NSI.dll
0x00007ffd74b20000 - 0x00007ffd74b29000 	C:\Program Files\Android\Android Studio\jbr\bin\extnet.dll
0x00007ffd8beb0000 - 0x00007ffd8becb000 	C:\WINDOWS\SYSTEM32\CRYPTSP.dll
0x00007ffd8b4c0000 - 0x00007ffd8b4f9000 	C:\WINDOWS\system32\rsaenh.dll
0x00007ffd8bb60000 - 0x00007ffd8bb93000 	C:\WINDOWS\SYSTEM32\USERENV.dll
0x00007ffd8c700000 - 0x00007ffd8c72a000 	C:\WINDOWS\SYSTEM32\bcrypt.dll
0x00007ffd8bd10000 - 0x00007ffd8bd1c000 	C:\WINDOWS\SYSTEM32\CRYPTBASE.dll
0x00007ffd8a100000 - 0x00007ffd8a108000 	C:\WINDOWS\system32\wshunix.dll
0x00007ffd8b680000 - 0x00007ffd8b6b6000 	C:\WINDOWS\SYSTEM32\ntmarta.dll

JVMTI agents:
C:\Users\Windows 10\.gradle\wrapper\dists\gradle-9.3.1-bin\23ovyewtku6u96viwx3xl3oks\gradle-9.3.1\lib\agents\gradle-instrumentation-agent-9.3.1.jar path:C:\Program Files\Android\Android Studio\jbr\bin\instrument.dll, loaded, initialized, instrumentlib options:none

dbghelp: loaded successfully - version: 4.0.5 - missing functions: none
symbol engine: initialized successfully - sym options: 0x614 - pdb path: .;C:\Program Files\Android\Android Studio\jbr\bin;C:\WINDOWS\SYSTEM32;C:\Program Files\AVG\Antivirus;C:\WINDOWS\WinSxS\amd64_microsoft.windows.common-controls_6595b64144ccf1df_6.0.26100.8457_none_3e0b2faee331e92d;C:\Program Files\Android\Android Studio\jbr\bin\server;C:\Users\Windows 10\.gradle\native\660c5614fbf4a5f2a75b1949f50a0caf5cd603558e7d8a26e50b933a0cfb79d1\windows-amd64;C:\Users\Windows 10\.gradle\native\0.2.8\x86_64-windows-gnu

VM Arguments:
jvm_args: --add-opens=java.base/java.lang=ALL-UNNAMED --add-opens=java.base/java.lang.invoke=ALL-UNNAMED --add-opens=java.base/java.util=ALL-UNNAMED --add-opens=java.prefs/java.util.prefs=ALL-UNNAMED --add-exports=jdk.compiler/com.sun.tools.javac.api=ALL-UNNAMED --add-exports=jdk.compiler/com.sun.tools.javac.util=ALL-UNNAMED --add-opens=java.base/java.util=ALL-UNNAMED --add-opens=java.prefs/java.util.prefs=ALL-UNNAMED --add-opens=java.base/java.nio.charset=ALL-UNNAMED --add-opens=java.base/java.net=ALL-UNNAMED --add-opens=java.base/java.util.concurrent=ALL-UNNAMED --add-opens=java.base/java.util.concurrent.atomic=ALL-UNNAMED --add-opens=java.xml/javax.xml.namespace=ALL-UNNAMED --add-opens=java.base/java.time=ALL-UNNAMED -Xmx2048m -Dfile.encoding=UTF-8 -Duser.country=ZA -Duser.language=en -Duser.variant -javaagent:C:\Users\Windows 10\.gradle\wrapper\dists\gradle-9.3.1-bin\23ovyewtku6u96viwx3xl3oks\gradle-9.3.1\lib\agents\gradle-instrumentation-agent-9.3.1.jar 
java_command: org.gradle.launcher.daemon.bootstrap.GradleDaemon 9.3.1
java_class_path (initial): C:\Users\Windows 10\.gradle\wrapper\dists\gradle-9.3.1-bin\23ovyewtku6u96viwx3xl3oks\gradle-9.3.1\lib\gradle-daemon-main-9.3.1.jar
Launcher Type: SUN_STANDARD

[Global flags]
     intx CICompilerCount                          = 12                                        {product} {ergonomic}
     uint ConcGCThreads                            = 3                                         {product} {ergonomic}
     uint G1ConcRefinementThreads                  = 13                                        {product} {ergonomic}
   size_t G1HeapRegionSize                         = 1048576                                   {product} {ergonomic}
    uintx GCDrainStackTargetSize                   = 64                                        {product} {ergonomic}
   size_t InitialHeapSize                          = 123731968                                 {product} {ergonomic}
   size_t MarkStackSize                            = 4194304                                   {product} {ergonomic}
   size_t MaxHeapSize                              = 2147483648                                {product} {command line}
   size_t MaxNewSize                               = 1287651328                                {product} {ergonomic}
   size_t MinHeapDeltaBytes                        = 1048576                                   {product} {ergonomic}
   size_t MinHeapSize                              = 8388608                                   {product} {ergonomic}
    uintx NonNMethodCodeHeapSize                   = 7602480                                {pd product} {ergonomic}
    uintx NonProfiledCodeHeapSize                  = 122027880                              {pd product} {ergonomic}
    uintx ProfiledCodeHeapSize                     = 122027880                              {pd product} {ergonomic}
    uintx ReservedCodeCacheSize                    = 251658240                              {pd product} {ergonomic}
     bool SegmentedCodeCache                       = true                                      {product} {ergonomic}
   size_t SoftMaxHeapSize                          = 2147483648                             {manageable} {ergonomic}
     bool UseCompressedOops                        = true                           {product lp64_product} {ergonomic}
     bool UseG1GC                                  = true                                      {product} {ergonomic}
     bool UseLargePagesIndividualAllocation        = false                                  {pd product} {ergonomic}

Logging:
Log output configuration:
 #0: stdout all=warning uptime,level,tags foldmultilines=false
 #1: stderr all=off uptime,level,tags foldmultilines=false

Release file:
JAVA_VERSION="21.0.10" 
MODULES="java.base java.compiler java.datatransfer java.xml java.prefs java.desktop java.instrument java.logging java.management java.security.sasl java.naming java.rmi java.management.rmi java.net.http java.scripting java.security.jgss java.transaction.xa java.sql java.sql.rowset java.xml.crypto java.se java.smartcardio jdk.accessibility jdk.internal.jvmstat jdk.attach jdk.charsets jdk.internal.opt jdk.zipfs jdk.compiler jdk.crypto.ec jdk.crypto.cryptoki jdk.dynalink jdk.hotspot.agent jdk.httpserver jdk.internal.ed jdk.internal.le jdk.internal.vm.ci jdk.jartool jdk.javadoc jdk.jcmd jdk.jdeps jdk.jdwp.agent jdk.jdi jdk.jfr jdk.jlink jdk.jsobject jdk.localedata jdk.management jdk.management.agent jdk.management.jfr jdk.naming.dns jdk.naming.rmi jdk.net jdk.sctp jdk.security.auth jdk.security.jgss jdk.unsupported jdk.unsupported.desktop jdk.xml.dom" 
IMPLEMENTOR="JetBrains s.r.o." 
JAVA_RUNTIME_VERSION="21.0.10+-14961533-b1163.108" 
LIBC="default" 
OS_ARCH="x86_64" 
OS_NAME="Windows" 
SOURCE=".:git:1351622c2ff2" 

Environment Variables:
PATH=C:\app\dbhomeXE\bin;C:\Windows\dbhomeXE\bin;C:\Program Files (x86)\Common Files\Oracle\Java\javapath;C:\Program Files (x86)\NVIDIA Corporation\PhysX\Common;C:\Program Files\Common Files\Oracle\Java\javapath;C:\WINDOWS\system32;C:\WINDOWS;C:\WINDOWS\System32\Wbem;C:\WINDOWS\System32\WindowsPowerShell\v1.0\;C:\WINDOWS\System32\OpenSSH\;C:\Program Files (x86)\Microsoft SQL Server\160\DTS\Binn\;C:\Program Files\Azure Data Studio\bin;C:\Program Files\dotnet\;C:\Program Files\Microsoft SQL Server\150\Tools\Binn\;C:\Program Files\Microsoft SQL Server\Client SDK\ODBC\170\Tools\Binn\;C:\Program Files\Microsoft SQL Server\170\DTS\Binn\;C:\Program Files\Git\cmd;C:\Users\Windows 10\AppData\Local\Microsoft\WindowsApps;C:\Program Files\Azure Data Studio\bin;C:\Users\Windows 10\AppData\Local\Programs\Microsoft VS Code Insiders\bin;C:\Users\Windows 10\AppData\Local\GitHubDesktop\bin;C:\ProgramData\Windows 10\GitHubDesktop\bin;C:\Users\Windows 10\.dotnet\tools
USERNAME=Windows 10
OS=Windows_NT
PROCESSOR_IDENTIFIER=AMD64 Family 23 Model 104 Stepping 1, AuthenticAMD
TMP=C:\Users\WINDOW~1\AppData\Local\Temp
TEMP=C:\Users\WINDOW~1\AppData\Local\Temp




Periodic native trim disabled

JNI global refs:
JNI global refs: 36, weak refs: 10

JNI global refs memory usage: 835, weak refs: 833

Process memory usage:
Resident Set Size: 481736K (6% of 7681536K total physical memory with 385016K free physical memory)

OOME stack traces (most recent first):
Classloader memory used:
Loader org.gradle.internal.classloader.VisitableURLClassLoader                         : 46604K
Loader org.gradle.internal.classloader.VisitableURLClassLoader$InstrumentingVisitableURLClassLoader: 35344K
Loader bootstrap                                                                       : 29996K
Loader org.gradle.initialization.MixInLegacyTypesClassLoader                           : 13251K
Loader java.net.URLClassLoader                                                         : 2527K
Loader jdk.internal.reflect.DelegatingClassLoader                                      : 494K
Loader jdk.internal.loader.ClassLoaders$AppClassLoader                                 : 231K
Loader jdk.internal.loader.ClassLoaders$PlatformClassLoader                            : 176K
Loader org.gradle.internal.classloader.VisitableURLClassLoader                         : 167K
Loader org.gradle.groovy.scripts.internal.DefaultScriptCompilationHandler$ScriptClassLoader: 128K

Classes loaded by more than one classloader:
Class Program                                                                         : loaded 5 times (x 72B)
Class Build_gradle                                                                    : loaded 3 times (x 126B)
Class com.google.common.base.PairwiseEquivalence                                      : loaded 2 times (x 83B)
Class com.google.common.base.Equivalence$Identity                                     : loaded 2 times (x 82B)
Class com.google.common.collect.RegularImmutableMap$KeySet                            : loaded 2 times (x 152B)
Class org.gradle.internal.classloader.FilteringClassLoader                            : loaded 2 times (x 105B)
Class kotlin.io.FilesKt__FileTreeWalkKt                                               : loaded 2 times (x 71B)
Class kotlin.sequences.FilteringSequence$iterator$1                                   : loaded 2 times (x 79B)
Class kotlin.sequences.SequencesKt__SequenceBuilderKt                                 : loaded 2 times (x 71B)
Class kotlin.collections.CollectionsKt__ReversedViewsKt                               : loaded 2 times (x 71B)
Class [Lcom.google.common.collect.MapMakerInternalMap$Segment;                        : loaded 2 times (x 69B)
Class com.google.common.io.FileWriteMode                                              : loaded 2 times (x 79B)
Class [Lcom.google.common.base.AbstractIterator$State;                                : loaded 2 times (x 69B)
Class com.google.common.base.CharMatcher$IsEither                                     : loaded 2 times (x 111B)
Class org.gradle.internal.classloader.ClassLoaderHierarchy                            : loaded 2 times (x 70B)
Class com.google.common.collect.AbstractMapBasedMultimap$WrappedCollection            : loaded 2 times (x 124B)
Class com.google.common.collect.ImmutableEnumSet                                      : loaded 2 times (x 146B)
Class com.google.common.util.concurrent.ExecutionError                                : loaded 2 times (x 82B)
Class com.google.common.collect.ImmutableList$1                                       : loaded 2 times (x 97B)
Class org.gradle.api.internal.classpath.ManifestUtil                                  : loaded 2 times (x 71B)
Class com.google.common.collect.RegularImmutableMap                                   : loaded 2 times (x 121B)
Class com.google.common.collect.ImmutableMap$MapViewOfValuesAsSingletonSets           : loaded 2 times (x 126B)
Class com.google.common.collect.TransformedListIterator                               : loaded 2 times (x 93B)
Class [Lorg.objectweb.asm.Symbol;                                                     : loaded 2 times (x 69B)
Class org.objectweb.asm.ClassVisitor                                                  : loaded 2 times (x 88B)
Class com.google.common.collect.UnmodifiableListIterator                              : loaded 2 times (x 95B)
Class com.google.common.collect.MapMakerInternalMap$StrongKeyDummyValueEntry$LinkedStrongKeyDummyValueEntry: loaded 2 times (x 82B)
Class com.google.common.collect.MapMakerInternalMap$Strength                          : loaded 2 times (x 80B)
Class com.google.common.base.Platform$JdkPatternCompiler                              : loaded 2 times (x 75B)
Class org.objectweb.asm.MethodTooLargeException                                       : loaded 2 times (x 83B)
Class [Lcom.google.common.cache.CacheBuilder$OneWeigher;                              : loaded 2 times (x 69B)
Class com.google.common.base.Suppliers                                                : loaded 2 times (x 71B)
Class org.gradle.internal.classloader.DefaultClassLoaderFactory                       : loaded 2 times (x 82B)
Class kotlin.sequences.SequencesKt___SequencesKt                                      : loaded 2 times (x 71B)
Class kotlin.collections.AbstractList$Companion                                       : loaded 2 times (x 71B)
Class com.google.common.base.CharMatcher$None                                         : loaded 2 times (x 112B)
Class org.gradle.internal.classloader.ClassLoaderVisitor                              : loaded 2 times (x 76B)
Class [Lcom.google.common.collect.ImmutableMapEntry;                                  : loaded 2 times (x 69B)
Class org.gradle.api.internal.classpath.EffectiveClassPath                            : loaded 2 times (x 90B)
Class kotlin.text.StringsKt__AppendableKt                                             : loaded 2 times (x 71B)
Class com.google.common.collect.ListMultimap                                          : loaded 2 times (x 70B)
Class com.google.common.collect.ImmutableEnumMap                                      : loaded 2 times (x 126B)
Class com.google.common.collect.ImmutableSet$SerializedForm                           : loaded 2 times (x 73B)
Class com.google.common.collect.Iterators$EmptyModifiableIterator                     : loaded 2 times (x 86B)
Class com.google.common.base.Splitter                                                 : loaded 2 times (x 72B)
Class com.google.common.collect.Sets$1                                                : loaded 2 times (x 139B)
Class org.objectweb.asm.AnnotationVisitor                                             : loaded 2 times (x 78B)
Class ijKotlinCoroutineJvmDebugInit1_8d4id96t5brqjcnqa40zhtiq0                        : loaded 2 times (x 171B)
Class org.gradle.api.internal.DefaultClassPathProvider                                : loaded 2 times (x 76B)
Class kotlin.sequences.Sequence                                                       : loaded 2 times (x 70B)
Class kotlin.text.StringsKt__StringNumberConversionsJVMKt                             : loaded 2 times (x 71B)
Class com.google.common.collect.MapMakerInternalMap$Strength$1                        : loaded 2 times (x 80B)
Class com.google.common.collect.Maps$ViewCachingAbstractMap                           : loaded 2 times (x 125B)
Class com.google.common.collect.Sets$2                                                : loaded 2 times (x 139B)
Class [Lorg.gradle.api.internal.ClassPathProvider;                                    : loaded 2 times (x 69B)
Class org.gradle.api.internal.ClassPathProvider                                       : loaded 2 times (x 70B)
Class com.google.common.collect.MapMakerInternalMap$Strength$2                        : loaded 2 times (x 80B)
Class com.google.common.base.AbstractIterator$State                                   : loaded 2 times (x 79B)
Class [Lorg.objectweb.asm.AnnotationVisitor;                                          : loaded 2 times (x 69B)
Class com.google.common.collect.Sets$3                                                : loaded 2 times (x 139B)
Class com.google.common.cache.LocalCache$LocalLoadingCache                            : loaded 2 times (x 134B)
Class org.gradle.internal.service.UnknownServiceException                             : loaded 2 times (x 83B)
Class com.google.common.collect.MapMakerInternalMap$StrongValueEntry                  : loaded 2 times (x 70B)
Class com.google.common.collect.Sets$4                                                : loaded 2 times (x 139B)
Class org.objectweb.asm.ModuleVisitor                                                 : loaded 2 times (x 81B)
Class com.google.common.cache.LocalCache$Strength$1                                   : loaded 2 times (x 81B)
Class com.google.common.util.concurrent.SettableFuture                                : loaded 2 times (x 114B)
Class com.google.common.cache.LocalCache$Strength$2                                   : loaded 2 times (x 81B)
Class kotlin.collections.ArraysKt___ArraysJvmKt                                       : loaded 2 times (x 71B)
Class kotlin.collections.CollectionsKt__CollectionsKt                                 : loaded 2 times (x 71B)
Class kotlin.text.StringsKt__RegexExtensionsJVMKt                                     : loaded 2 times (x 71B)
Class com.google.common.collect.Interners$InternerImpl                                : loaded 2 times (x 75B)
Class com.google.common.collect.Interner                                              : loaded 2 times (x 70B)
Class com.google.common.collect.TransformedIterator                                   : loaded 2 times (x 80B)
Class com.google.common.base.Splitter$1                                               : loaded 2 times (x 77B)
Class com.google.common.cache.LocalCache$Strength$3                                   : loaded 2 times (x 81B)
Class com.google.common.collect.MapDifference                                         : loaded 2 times (x 70B)
Class kotlin._Assertions                                                              : loaded 2 times (x 71B)
Class com.google.common.collect.MapMaker$Dummy                                        : loaded 2 times (x 79B)
Class org.objectweb.asm.FieldWriter                                                   : loaded 2 times (x 78B)
Class com.google.common.cache.CacheBuilder$NullListener                               : loaded 2 times (x 82B)
Class org.gradle.internal.classpath.TransformedClassPath                              : loaded 2 times (x 96B)
Class org.gradle.internal.classloader.InstrumentingClassLoader                        : loaded 2 times (x 70B)
Class kotlin.enums.EnumEntriesList                                                    : loaded 2 times (x 223B)
Class com.google.common.cache.CacheLoader$FunctionToCacheLoader                       : loaded 2 times (x 75B)
Class com.google.common.collect.Iterators$ArrayItr                                    : loaded 2 times (x 97B)
Class kotlin.text.StringsKt__StringsKt                                                : loaded 2 times (x 71B)
Class kotlin.comparisons.ComparisonsKt___ComparisonsJvmKt                             : loaded 2 times (x 71B)
Class kotlin.collections.CollectionsKt__IteratorsJVMKt                                : loaded 2 times (x 71B)
Class com.google.common.base.Joiner                                                   : loaded 2 times (x 79B)
Class com.google.common.base.MoreObjects                                              : loaded 2 times (x 71B)
Class [Lorg.jetbrains.kotlin.com.intellij.openapi.diagnostic.LogLevel;                : loaded 2 times (x 69B)
Class org.jetbrains.kotlin.build.report.metrics.GradleBuildTime                       : loaded 2 times (x 86B)
Class com.google.common.collect.Platform                                              : loaded 2 times (x 71B)
Class [Lorg.objectweb.asm.Type;                                                       : loaded 2 times (x 69B)
Class com.google.common.collect.UnmodifiableIterator                                  : loaded 2 times (x 80B)
Class org.gradle.internal.service.ServiceLocator                                      : loaded 2 times (x 70B)
Class kotlin.Pair                                                                     : loaded 2 times (x 72B)
Class [Lkotlin.Function;                                                              : loaded 2 times (x 69B)
Class com.google.common.base.Ascii                                                    : loaded 2 times (x 71B)
Class com.google.common.collect.SingletonImmutableBiMap                               : loaded 2 times (x 143B)
Class com.google.common.cache.LocalCache$1                                            : loaded 2 times (x 89B)
Class com.google.common.collect.Iterators$SingletonIterator                           : loaded 2 times (x 81B)
Class com.google.common.collect.AbstractMapEntry                                      : loaded 2 times (x 81B)
Class kotlin.io.CloseableKt                                                           : loaded 2 times (x 71B)
Class kotlin.collections.CollectionsKt__MutableCollectionsKt                          : loaded 2 times (x 71B)
Class com.google.common.collect.AbstractSetMultimap                                   : loaded 2 times (x 174B)
Class com.google.common.collect.MapMakerInternalMap$AbstractStrongKeyEntry            : loaded 2 times (x 80B)
Class com.google.common.collect.Sets$ImprovedAbstractSet                              : loaded 2 times (x 135B)
Class com.google.common.collect.ImmutableList$Builder                                 : loaded 2 times (x 77B)
Class com.google.common.collect.AbstractMultimap                                      : loaded 2 times (x 123B)
Class com.google.common.cache.LocalCache$2                                            : loaded 2 times (x 142B)
Class ijKotlinCoroutineJvmDebugInit1_8d4id96t5brqjcnqa40zhtiq0$_run_closure1$_closure2: loaded 2 times (x 139B)
Class kotlin.io.TerminateException                                                    : loaded 2 times (x 82B)
Class kotlin.io.FilesKt__FilePathComponentsKt                                         : loaded 2 times (x 71B)
Class com.google.common.collect.RegularImmutableAsList                                : loaded 2 times (x 217B)
Class ijJvmDebugger1_b5rqkoi4cvyrocszbx6z13ivq                                        : loaded 2 times (x 171B)
Class com.google.common.util.concurrent.AbstractFuture$Trusted                        : loaded 2 times (x 70B)
Class com.google.common.collect.Iterators                                             : loaded 2 times (x 71B)
Class [Lorg.jetbrains.kotlin.build.report.metrics.BuildTime;                          : loaded 2 times (x 69B)
Class com.google.common.io.ByteSink$AsCharSink                                        : loaded 2 times (x 80B)
Class com.google.common.collect.Lists$StringAsImmutableList                           : loaded 2 times (x 207B)
Class com.google.common.util.concurrent.UncheckedExecutionException                   : loaded 2 times (x 82B)
Class org.gradle.kotlin.dsl.VersionCatalogAccessorsKt                                 : loaded 2 times (x 71B)
Class kotlin.collections.EmptyList                                                    : loaded 2 times (x 174B)
Class kotlin.collections.MapsKt__MapsJVMKt                                            : loaded 2 times (x 71B)
Class com.google.common.collect.HashMultimapGwtSerializationDependencies              : loaded 2 times (x 174B)
Class com.google.common.collect.AbstractMapBasedMultimap$KeySet$1                     : loaded 2 times (x 82B)
Class org.objectweb.asm.ClassWriter                                                   : loaded 2 times (x 106B)
Class com.google.common.cache.CacheLoader$UnsupportedLoadingOperationException        : loaded 2 times (x 82B)
Class com.google.common.base.CharMatcher$And                                          : loaded 2 times (x 112B)
Class org.gradle.internal.classloader.ClasspathUtil$1                                 : loaded 2 times (x 76B)
Class org.objectweb.asm.FieldVisitor                                                  : loaded 2 times (x 77B)
Class com.google.common.collect.IndexedImmutableSet                                   : loaded 2 times (x 152B)
Class com.google.common.collect.ImmutableMap$1                                        : loaded 2 times (x 81B)
Class com.google.common.collect.BiMap                                                 : loaded 2 times (x 70B)
Class org.gradle.api.internal.classpath.DefaultModuleRegistry$DefaultModule           : loaded 2 times (x 86B)
Class com.google.common.primitives.Ints                                               : loaded 2 times (x 71B)
Class com.google.common.collect.AbstractIterator                                      : loaded 2 times (x 82B)
Class kotlin.collections.ArraysKt__ArraysKt                                           : loaded 2 times (x 71B)
Class com.google.common.collect.ObjectArrays                                          : loaded 2 times (x 71B)
Class com.google.common.math.MathPreconditions                                        : loaded 2 times (x 71B)
Class com.google.common.collect.Multiset                                              : loaded 2 times (x 70B)
Class com.google.common.collect.ArrayListMultimapGwtSerializationDependencies         : loaded 2 times (x 172B)
Class com.google.common.collect.AbstractIndexedListIterator                           : loaded 2 times (x 96B)
Class kotlin.collections.SetsKt__SetsJVMKt                                            : loaded 2 times (x 71B)
Class kotlin.Function                                                                 : loaded 2 times (x 70B)
Class com.google.common.collect.ImmutableMapEntrySet                                  : loaded 2 times (x 152B)
Class org.gradle.api.internal.classpath.Module                                        : loaded 2 times (x 70B)
Class kotlin.io.FileAlreadyExistsException                                            : loaded 2 times (x 82B)
Class com.google.common.cache.Weigher                                                 : loaded 2 times (x 70B)
Class org.gradle.api.internal.classpath.UnknownModuleException                        : loaded 2 times (x 82B)
Class com.google.common.base.Stopwatch                                                : loaded 2 times (x 72B)
Class com.google.common.cache.LocalCache$Strength                                     : loaded 2 times (x 81B)
Class com.google.common.cache.Cache                                                   : loaded 2 times (x 70B)
Class org.jetbrains.kotlin.build.report.metrics.BuildMetricsReporter                  : loaded 2 times (x 70B)
Class com.google.common.base.NullnessCasts                                            : loaded 2 times (x 71B)
Class com.google.common.util.concurrent.AbstractFuture$Cancellation                   : loaded 2 times (x 72B)
Class com.google.common.collect.ImmutableMap$Builder                                  : loaded 2 times (x 82B)
Class com.google.common.collect.AbstractMapBasedMultimap$WrappedCollection$WrappedIterator: loaded 2 times (x 84B)
Class com.google.common.cache.RemovalListener                                         : loaded 2 times (x 70B)
Class org.gradle.api.internal.DefaultClassPathRegistry                                : loaded 2 times (x 76B)
Class com.google.common.primitives.IntsMethodsForWeb                                  : loaded 2 times (x 71B)
Class com.google.common.collect.Multimap                                              : loaded 2 times (x 70B)
Class ijKotlinCoroutineJvmDebugInit1_8d4id96t5brqjcnqa40zhtiq0$_run_closure1          : loaded 2 times (x 139B)
Class org.gradle.api.internal.ClassPathRegistry                                       : loaded 2 times (x 70B)
Class org.gradle.internal.classpath.DefaultClassPath$ImmutableUniqueList              : loaded 2 times (x 199B)
Class kotlin.text.StringsKt__StringsJVMKt                                             : loaded 2 times (x 71B)
Class com.google.common.collect.MapMakerInternalMap$Segment                           : loaded 2 times (x 142B)
Class kotlin.collections.SetsKt                                                       : loaded 2 times (x 71B)
Class kotlin.text.StringsKt__IndentKt                                                 : loaded 2 times (x 71B)
Class com.google.common.collect.ImmutableCollection$Builder                           : loaded 2 times (x 76B)
Class com.google.common.io.ByteSink                                                   : loaded 2 times (x 76B)
Class com.google.common.cache.CacheBuilder                                            : loaded 2 times (x 72B)
Class com.google.common.collect.SingletonImmutableList                                : loaded 2 times (x 207B)
Class Settings_gradle$1                                                               : loaded 2 times (x 74B)
Class org.gradle.internal.classpath.ClassPath                                         : loaded 2 times (x 70B)
Class com.google.common.collect.Interners$InternerBuilder                             : loaded 2 times (x 76B)
Class com.google.common.io.Files$FileByteSource                                       : loaded 2 times (x 85B)
Class com.google.common.base.JdkPattern                                               : loaded 2 times (x 75B)
Class com.google.common.collect.ImmutableList$ReverseImmutableList                    : loaded 2 times (x 209B)
Class org.jetbrains.kotlin.com.intellij.openapi.diagnostic.Logger                     : loaded 2 times (x 99B)
Class kotlin.collections.MapsKt__MapsKt                                               : loaded 2 times (x 71B)
Class org.objectweb.asm.SymbolTable$Entry                                             : loaded 2 times (x 74B)
Class org.objectweb.asm.Edge                                                          : loaded 2 times (x 72B)
Class com.google.common.base.Suppliers$SupplierOfInstance                             : loaded 2 times (x 79B)
Class com.google.common.collect.Iterators$1                                           : loaded 2 times (x 81B)
Class kotlin.UninitializedPropertyAccessException                                     : loaded 2 times (x 82B)
Class com.google.common.cache.LocalCache$ComputingValueReference                      : loaded 2 times (x 96B)
Class com.google.common.collect.SingletonImmutableSet                                 : loaded 2 times (x 146B)
Class com.google.common.collect.ImmutableMap$IteratorBasedImmutableMap                : loaded 2 times (x 126B)
Class com.google.common.cache.LocalCache$Segment                                      : loaded 2 times (x 154B)
Class com.google.common.collect.AbstractListMultimap                                  : loaded 2 times (x 172B)
Class [Lorg.objectweb.asm.SymbolTable$Entry;                                          : loaded 2 times (x 69B)
Class com.google.common.cache.CacheLoader                                             : loaded 2 times (x 74B)
Class com.google.common.collect.Iterators$4                                           : loaded 2 times (x 82B)
Class com.google.common.collect.ImmutableBiMap                                        : loaded 2 times (x 143B)
Class org.gradle.api.internal.classpath.ModuleRegistry                                : loaded 2 times (x 70B)
Class org.gradle.internal.installation.GradleInstallation$1                           : loaded 2 times (x 75B)
Class com.google.common.base.Splitter$SplittingIterator                               : loaded 2 times (x 84B)
Class com.google.common.collect.ImmutableSet$JdkBackedSetBuilderImpl                  : loaded 2 times (x 76B)
Class com.google.common.util.concurrent.internal.InternalFutureFailureAccess          : loaded 2 times (x 72B)
Class com.google.common.collect.Iterators$5                                           : loaded 2 times (x 82B)
Class com.google.common.cache.LocalCache$LocalManualCache$1                           : loaded 2 times (x 75B)
Class com.google.common.base.CharMatcher$ForPredicate                                 : loaded 2 times (x 112B)
Class kotlin.io.FilesKt__UtilsKt                                                      : loaded 2 times (x 71B)
Class kotlin.collections.CollectionsKt__CollectionsJVMKt                              : loaded 2 times (x 71B)
Class com.google.common.base.CharMatcher$AnyOf                                        : loaded 2 times (x 112B)
Class com.google.common.collect.ImmutableCollection                                   : loaded 2 times (x 125B)
Class org.gradle.api.internal.classpath.DefaultModuleRegistry                         : loaded 2 times (x 86B)
Class kotlin.sequences.SequencesKt                                                    : loaded 2 times (x 71B)
Class kotlin.collections.CollectionsKt__IteratorsKt                                   : loaded 2 times (x 71B)
Class org.jetbrains.kotlin.build.report.metrics.GradleBuildTime$Companion             : loaded 2 times (x 71B)
Class com.google.common.collect.Lists                                                 : loaded 2 times (x 71B)
Class com.google.common.util.concurrent.ListenableFuture                              : loaded 2 times (x 70B)
Class com.google.common.cache.ReferenceEntry                                          : loaded 2 times (x 70B)
Class com.google.common.base.Converter                                                : loaded 2 times (x 90B)
Class com.google.common.collect.ImmutableSet$CachingAsList                            : loaded 2 times (x 148B)
Class org.jetbrains.kotlin.com.intellij.openapi.diagnostic.Logger$DefaultFactory      : loaded 2 times (x 74B)
Class kotlin.text.StringsKt                                                           : loaded 2 times (x 71B)
Class com.google.common.collect.AbstractMapBasedMultimap                              : loaded 2 times (x 139B)
Class com.google.common.util.concurrent.AbstractFuture                                : loaded 2 times (x 106B)
Class com.google.common.base.FunctionalEquivalence                                    : loaded 2 times (x 83B)
Class com.google.common.collect.Iterators$9                                           : loaded 2 times (x 81B)
Class com.google.common.collect.ImmutableAsList                                       : loaded 2 times (x 209B)
Class kotlin.LazyKt__LazyJVMKt                                                        : loaded 2 times (x 71B)
Class org.objectweb.asm.RecordComponentVisitor                                        : loaded 2 times (x 77B)
Class com.google.common.cache.CacheLoader$SupplierToCacheLoader                       : loaded 2 times (x 75B)
Class ijJvmDebugger1_b5rqkoi4cvyrocszbx6z13ivq$_run_closure1$_closure2                : loaded 2 times (x 140B)
Class kotlin.io.FilesKt__FileReadWriteKt                                              : loaded 2 times (x 71B)
Class kotlin.text.StringsKt__StringNumberConversionsKt                                : loaded 2 times (x 71B)
Class com.google.common.collect.Maps$EntryTransformer                                 : loaded 2 times (x 70B)
Class org.gradle.internal.service.ServiceLookupException                              : loaded 2 times (x 82B)
Class org.jetbrains.kotlin.com.intellij.openapi.diagnostic.LogLevel                   : loaded 2 times (x 79B)
Class [Lcom.google.common.cache.LocalCache$EntryFactory;                              : loaded 2 times (x 69B)
Class org.gradle.internal.classloader.ClassLoaderFactory                              : loaded 2 times (x 70B)
Class com.google.common.base.CommonPattern                                            : loaded 2 times (x 74B)
Class com.google.common.cache.LocalCache$LocalManualCache                             : loaded 2 times (x 99B)
Class com.google.common.base.CharMatcher$IsNot                                        : loaded 2 times (x 111B)
Class org.gradle.internal.service.CachingServiceLocator                               : loaded 2 times (x 82B)
Class com.google.common.collect.AbstractMapBasedMultimap$KeySet                       : loaded 2 times (x 137B)
Class com.google.common.math.IntMath                                                  : loaded 2 times (x 71B)
Class org.jetbrains.kotlin.build.report.metrics.BuildTime                             : loaded 2 times (x 70B)
Class com.google.common.collect.MapMakerInternalMap$InternalEntry                     : loaded 2 times (x 70B)
Class com.google.common.collect.ImmutableMapEntry                                     : loaded 2 times (x 85B)
Class kotlin.enums.EnumEntries                                                        : loaded 2 times (x 70B)
Class org.jetbrains.kotlin.build.report.metrics.DoNothingBuildMetricsReporter         : loaded 2 times (x 86B)
Class com.google.common.base.Equivalence                                              : loaded 2 times (x 82B)
Class com.google.common.base.Function                                                 : loaded 2 times (x 70B)
Class com.google.common.collect.ImmutableMapEntry$NonTerminalImmutableMapEntry        : loaded 2 times (x 85B)
Class com.google.common.collect.IndexedImmutableSet$1                                 : loaded 2 times (x 213B)
Class com.google.common.cache.CacheBuilder$OneWeigher                                 : loaded 2 times (x 82B)
Class com.google.common.collect.RegularImmutableList                                  : loaded 2 times (x 213B)
Class org.jetbrains.kotlin.com.intellij.openapi.diagnostic.Logger$Factory             : loaded 2 times (x 70B)
Class org.gradle.internal.classloader.ClasspathUtil                                   : loaded 2 times (x 71B)
Class kotlin.io.FileSystemException                                                   : loaded 2 times (x 82B)
Class com.google.common.util.concurrent.Uninterruptibles                              : loaded 2 times (x 71B)
Class com.google.common.collect.AbstractMapBasedMultimap$WrappedSet                   : loaded 2 times (x 142B)
Class com.google.common.util.concurrent.LazyLogger                                    : loaded 2 times (x 72B)
Class com.google.common.collect.Maps                                                  : loaded 2 times (x 71B)
Class org.gradle.api.specs.Spec                                                       : loaded 2 times (x 70B)
Class com.google.common.collect.MapMaker                                              : loaded 2 times (x 72B)
Class [Lcom.google.common.collect.ImmutableEntry;                                     : loaded 2 times (x 69B)
Class com.google.common.cache.LocalCache$LoadingValueReference                        : loaded 2 times (x 96B)
Class kotlin.SynchronizedLazyImpl                                                     : loaded 2 times (x 76B)
Class kotlin.text.StringsKt__RegexExtensionsKt                                        : loaded 2 times (x 71B)
Class com.google.common.collect.MapMakerInternalMap$StrongKeyDummyValueEntry          : loaded 2 times (x 82B)
Class com.google.common.base.Platform                                                 : loaded 2 times (x 71B)
Class kotlin.sequences.SequencesKt__SequencesJVMKt                                    : loaded 2 times (x 71B)
Class kotlin.collections.AbstractList                                                 : loaded 2 times (x 197B)
Class kotlin.collections.AbstractCollection                                           : loaded 2 times (x 117B)
Class com.google.common.collect.AbstractMapBasedMultimap$WrappedList                  : loaded 2 times (x 205B)
Class [Lorg.objectweb.asm.AnnotationWriter;                                           : loaded 2 times (x 69B)
Class com.google.common.collect.Maps$8                                                : loaded 2 times (x 82B)
Class kotlin.LazyKt__LazyKt                                                           : loaded 2 times (x 71B)
Class kotlin.text.StringsKt__StringBuilderJVMKt                                       : loaded 2 times (x 71B)
Class [Lcom.google.common.collect.Iterators$EmptyModifiableIterator;                  : loaded 2 times (x 69B)
Class com.google.common.collect.Sets$SetView                                          : loaded 2 times (x 138B)
Class com.google.common.cache.LocalCache$StrongValueReference                         : loaded 2 times (x 90B)
Class kotlin.UNINITIALIZED_VALUE                                                      : loaded 2 times (x 71B)
Class com.google.common.graph.SuccessorsFunction                                      : loaded 2 times (x 70B)
Class org.objectweb.asm.Type                                                          : loaded 2 times (x 72B)
Class org.gradle.internal.classloader.VisitableURLClassLoader$InstrumentingVisitableURLClassLoader: loaded 2 times (x 123B)
Class kotlin.comparisons.ComparisonsKt__ComparisonsKt                                 : loaded 2 times (x 71B)
Class kotlin.ranges.RangesKt__RangesKt                                                : loaded 2 times (x 71B)
Class kotlin.collections.SetsKt___SetsKt                                              : loaded 2 times (x 71B)
Class kotlin.sequences.SequencesKt__SequencesKt                                       : loaded 2 times (x 71B)
Class com.google.common.collect.MapMakerInternalMap$StrongKeyDummyValueEntry$Helper   : loaded 2 times (x 79B)
Class com.google.common.io.Files$FileByteSink                                         : loaded 2 times (x 77B)
Class com.google.common.math.IntMath$1                                                : loaded 2 times (x 71B)
Class org.objectweb.asm.ByteVector                                                    : loaded 2 times (x 79B)
Class [Lcom.google.common.cache.CacheBuilder$NullListener;                            : loaded 2 times (x 69B)
Class org.gradle.internal.classloader.VisitableURLClassLoader$Spec                    : loaded 2 times (x 74B)
Class org.gradle.internal.classpath.DefaultClassPath                                  : loaded 2 times (x 90B)
Class kotlin.comparisons.ComparisonsKt                                                : loaded 2 times (x 71B)
Class kotlin.comparisons.ComparisonsKt___ComparisonsKt                                : loaded 2 times (x 71B)
Class kotlin.sequences.FilteringSequence                                              : loaded 2 times (x 75B)
Class [Lorg.jetbrains.kotlin.build.report.metrics.GradleBuildTime;                    : loaded 2 times (x 69B)
Class com.google.common.base.AbstractIterator                                         : loaded 2 times (x 80B)
Class org.objectweb.asm.Symbol                                                        : loaded 2 times (x 73B)
Class com.google.common.io.Closer                                                     : loaded 2 times (x 78B)
Class com.google.common.base.CharMatcher$BitSetMatcher                                : loaded 2 times (x 112B)
Class com.google.common.collect.ImmutableSet                                          : loaded 2 times (x 145B)
Class com.google.common.collect.RegularImmutableMap$Values                            : loaded 2 times (x 207B)
Class org.gradle.internal.classloader.ClassLoaderSpec                                 : loaded 2 times (x 71B)
Class kotlin.collections.CollectionsKt___CollectionsJvmKt                             : loaded 2 times (x 71B)
Class org.objectweb.asm.AnnotationWriter                                              : loaded 2 times (x 79B)
Class com.google.common.cache.CacheStats                                              : loaded 2 times (x 71B)
Class kotlin.TuplesKt                                                                 : loaded 2 times (x 71B)
Class kotlin.Unit                                                                     : loaded 2 times (x 71B)
Class kotlin.sequences.SequencesKt___SequencesJvmKt                                   : loaded 2 times (x 71B)
Class com.google.common.collect.Interners                                             : loaded 2 times (x 71B)
Class com.google.common.io.Closer$Suppressor                                          : loaded 2 times (x 70B)
Class com.google.common.io.LineProcessor                                              : loaded 2 times (x 70B)
Class org.objectweb.asm.RecordComponentWriter                                         : loaded 2 times (x 78B)
Class com.google.common.util.concurrent.AbstractFuture$Listener                       : loaded 2 times (x 72B)
Class com.google.common.base.CharMatcher$Or                                           : loaded 2 times (x 112B)
Class Settings_gradle$1$1                                                             : loaded 2 times (x 74B)
Class kotlin.ranges.RangesKt                                                          : loaded 2 times (x 71B)
Class org.objectweb.asm.Attribute                                                     : loaded 2 times (x 77B)
Class com.google.common.base.Supplier                                                 : loaded 2 times (x 70B)
Class ijJvmDebugger1_b5rqkoi4cvyrocszbx6z13ivq$_run_closure1                          : loaded 2 times (x 139B)
Class org.gradle.internal.classloader.VisitableURLClassLoader                         : loaded 2 times (x 117B)
Class kotlin.collections.ArraysUtilJVM                                                : loaded 2 times (x 71B)
Class kotlin.jvm.functions.Function0                                                  : loaded 2 times (x 70B)
Class Settings_gradle                                                                 : loaded 2 times (x 124B)
Class org.gradle.internal.Cast                                                        : loaded 2 times (x 71B)
Class org.gradle.api.Action                                                           : loaded 2 times (x 70B)
Class kotlin.jvm.functions.Function1                                                  : loaded 2 times (x 70B)
Class com.google.common.collect.MapMakerInternalMap                                   : loaded 2 times (x 161B)
Class com.google.common.base.Strings                                                  : loaded 2 times (x 71B)
Class com.google.common.collect.Sets                                                  : loaded 2 times (x 71B)
Class org.objectweb.asm.Handler                                                       : loaded 2 times (x 72B)
Class com.google.common.base.Ticker                                                   : loaded 2 times (x 72B)
Class com.google.common.base.CharMatcher$FastMatcher                                  : loaded 2 times (x 111B)
Class kotlin.jvm.functions.Function2                                                  : loaded 2 times (x 70B)
Class [Lcom.google.common.cache.LocalCache$Segment;                                   : loaded 2 times (x 69B)
Class [Lcom.google.common.cache.LocalCache$Strength;                                  : loaded 2 times (x 69B)
Class com.google.common.cache.CacheBuilder$1                                          : loaded 2 times (x 85B)
Class com.google.common.base.Predicate                                                : loaded 2 times (x 70B)
Class com.google.common.collect.ImmutableMap                                          : loaded 2 times (x 120B)
Class org.gradle.internal.classpath.DefaultClassPath$ImmutableUniqueList$Builder      : loaded 2 times (x 75B)
Class kotlin.jvm.functions.Function3                                                  : loaded 2 times (x 70B)
Class kotlin.collections.MapsKt___MapsJvmKt                                           : loaded 2 times (x 71B)
Class com.google.common.collect.MapMakerInternalMap$WeakValueReference                : loaded 2 times (x 70B)
Class com.google.common.cache.LocalCache                                              : loaded 2 times (x 187B)
Class com.google.common.cache.CacheBuilder$2                                          : loaded 2 times (x 79B)
Class com.google.common.base.CharMatcher$NegatedFastMatcher                           : loaded 2 times (x 113B)
Class kotlin.collections.CollectionsKt___CollectionsKt                                : loaded 2 times (x 71B)
Class com.google.common.collect.ArrayListMultimap                                     : loaded 2 times (x 172B)
Class com.google.common.cache.CacheBuilder$3                                          : loaded 2 times (x 72B)
Class [Lcom.google.common.collect.AbstractMapEntry;                                   : loaded 2 times (x 69B)
Class com.google.common.collect.ImmutableEntry                                        : loaded 2 times (x 82B)
Class org.gradle.api.GradleException                                                  : loaded 2 times (x 82B)
Class kotlin.text.StringsKt___StringsJvmKt                                            : loaded 2 times (x 71B)
Class com.google.common.collect.CollectPreconditions                                  : loaded 2 times (x 71B)
Class kotlin.collections.MapsKt___MapsKt                                              : loaded 2 times (x 71B)
Class kotlin.io.FilesKt                                                               : loaded 2 times (x 71B)
Class kotlin.collections.ArraysKt___ArraysKt                                          : loaded 2 times (x 71B)
Class [Lcom.google.common.collect.MapMakerInternalMap$Strength;                       : loaded 2 times (x 69B)
Class [Lcom.google.common.io.FileWriteMode;                                           : loaded 2 times (x 69B)
Class com.google.common.collect.SortedMapDifference                                   : loaded 2 times (x 70B)
Class kotlin.collections.MapsKt__MapWithDefaultKt                                     : loaded 2 times (x 71B)
Class com.google.common.collect.MapMakerInternalMap$StrongKeyDummyValueSegment        : loaded 2 times (x 142B)
Class com.google.common.io.Files                                                      : loaded 2 times (x 71B)
Class com.google.common.cache.LocalCache$EntryFactory                                 : loaded 2 times (x 83B)
Class kotlin.collections.CollectionsKt__MutableCollectionsJVMKt                       : loaded 2 times (x 71B)
Class kotlin.enums.EnumEntriesKt                                                      : loaded 2 times (x 71B)
Class kotlin.text.StringsKt___StringsKt                                               : loaded 2 times (x 71B)
Class [Lcom.google.common.collect.MapMaker$Dummy;                                     : loaded 2 times (x 69B)
Class com.google.common.base.CharMatcher$Whitespace                                   : loaded 2 times (x 112B)
Class com.google.common.cache.LocalCache$AbstractReferenceEntry                       : loaded 2 times (x 107B)
Class org.gradle.internal.IoActions                                                   : loaded 2 times (x 71B)
Class com.google.common.collect.ImmutableMapKeySet                                    : loaded 2 times (x 152B)
Class org.objectweb.asm.SymbolTable                                                   : loaded 2 times (x 72B)
Class com.google.common.cache.CacheLoader$InvalidCacheLoadException                   : loaded 2 times (x 82B)
Class com.google.common.collect.ImmutableSet$RegularSetBuilderImpl                    : loaded 2 times (x 77B)
Class org.gradle.internal.classloader.SystemClassLoaderSpec                           : loaded 2 times (x 71B)
Class kotlin.jvm.internal.Intrinsics                                                  : loaded 2 times (x 71B)
Class com.google.common.cache.LocalCache$StrongEntry                                  : loaded 2 times (x 108B)
Class com.google.common.util.concurrent.AbstractFuture$TrustedFuture                  : loaded 2 times (x 114B)
Class com.google.common.cache.LoadingCache                                            : loaded 2 times (x 70B)
Class kotlin.collections.MapsKt                                                       : loaded 2 times (x 71B)
Class kotlin.collections.CollectionsKt__IterablesKt                                   : loaded 2 times (x 71B)
Class org.objectweb.asm.MethodWriter                                                  : loaded 2 times (x 106B)
Class [Lcom.google.common.cache.Weigher;                                              : loaded 2 times (x 69B)
Class com.google.common.collect.RegularImmutableMap$BucketOverflowException           : loaded 2 times (x 82B)
Class kotlin.KotlinNullPointerException                                               : loaded 2 times (x 83B)
Class com.google.common.collect.AbstractMapBasedMultimap$RandomAccessWrappedList      : loaded 2 times (x 205B)
Class kotlin.ranges.RangesKt___RangesKt                                               : loaded 2 times (x 71B)
Class com.google.common.collect.RegularImmutableBiMap                                 : loaded 2 times (x 149B)
Class com.google.common.cache.LocalCache$ValueReference                               : loaded 2 times (x 70B)
Class com.google.common.base.CharMatcher$Negated                                      : loaded 2 times (x 113B)
Class com.google.common.base.CharMatcher$Is                                           : loaded 2 times (x 111B)
Class org.jetbrains.kotlin.com.intellij.openapi.diagnostic.Attachment                 : loaded 2 times (x 72B)
Class kotlin.collections.ArraysKt                                                     : loaded 2 times (x 71B)
Class com.google.common.base.PatternCompiler                                          : loaded 2 times (x 70B)
Class com.google.common.util.concurrent.AbstractFuture$Failure                        : loaded 2 times (x 72B)
Class com.google.common.base.Equivalence$Equals                                       : loaded 2 times (x 82B)
Class com.google.common.collect.Hashing                                               : loaded 2 times (x 71B)
Class com.google.common.base.Preconditions                                            : loaded 2 times (x 71B)
Class kotlin.collections.SetsKt__SetsKt                                               : loaded 2 times (x 71B)
Class kotlin.LazyKt                                                                   : loaded 2 times (x 71B)
Class com.google.common.io.CharSink                                                   : loaded 2 times (x 79B)
Class com.google.common.base.Joiner$1                                                 : loaded 2 times (x 80B)
Class org.objectweb.asm.Label                                                         : loaded 2 times (x 73B)
Class org.objectweb.asm.CurrentFrame                                                  : loaded 2 times (x 73B)
Class org.objectweb.asm.ClassTooLargeException                                        : loaded 2 times (x 83B)
Class com.google.common.base.CharMatcher                                              : loaded 2 times (x 111B)
Class com.google.common.collect.PeekingIterator                                       : loaded 2 times (x 70B)
Class kotlin.collections.ArraysKt__ArraysJVMKt                                        : loaded 2 times (x 71B)
Class com.google.common.collect.MapMakerInternalMap$InternalEntryHelper               : loaded 2 times (x 70B)
Class com.google.common.collect.Maps$IteratorBasedAbstractMap                         : loaded 2 times (x 125B)
Class com.google.common.collect.Table                                                 : loaded 2 times (x 70B)
Class com.google.common.base.Joiner$2                                                 : loaded 2 times (x 79B)
Class org.objectweb.asm.Frame                                                         : loaded 2 times (x 73B)
Class org.objectweb.asm.MethodVisitor                                                 : loaded 2 times (x 105B)
Class com.google.common.cache.LocalCache$EntryFactory$1                               : loaded 2 times (x 83B)
Class [Lcom.google.common.cache.RemovalListener;                                      : loaded 2 times (x 69B)
Class com.google.common.base.CharMatcher$NamedFastMatcher                             : loaded 2 times (x 112B)
Class com.google.common.base.CharMatcher$1                                            : loaded 2 times (x 113B)
Class kotlin.text.StringsKt__StringBuilderKt                                          : loaded 2 times (x 71B)
Class com.google.common.cache.LocalCache$EntryFactory$2                               : loaded 2 times (x 83B)
Class org.gradle.api.internal.classpath.GlobalCacheRootsProvider                      : loaded 2 times (x 70B)
Class kotlin.Lazy                                                                     : loaded 2 times (x 70B)
Class kotlin.NoWhenBranchMatchedException                                             : loaded 2 times (x 82B)
Class org.objectweb.asm.ModuleWriter                                                  : loaded 2 times (x 82B)
Class com.google.common.cache.LocalCache$EntryFactory$3                               : loaded 2 times (x 83B)
Class com.google.common.base.Ticker$1                                                 : loaded 2 times (x 72B)
Class com.google.common.collect.Maps$BiMapConverter                                   : loaded 2 times (x 90B)
Class com.google.common.collect.ImmutableMapEntrySet$RegularEntrySet                  : loaded 2 times (x 152B)
Class [Lkotlin.jvm.functions.Function1;                                               : loaded 2 times (x 69B)
Class com.google.common.collect.SetMultimap                                           : loaded 2 times (x 70B)
Class com.google.common.collect.ImmutableSet$Builder                                  : loaded 2 times (x 85B)
Class com.google.common.cache.LocalCache$EntryFactory$4                               : loaded 2 times (x 83B)
Class com.google.common.base.CharMatcher$InRange                                      : loaded 2 times (x 111B)
Class kotlin.sequences.ConstrainedOnceSequence                                        : loaded 2 times (x 75B)
Class com.google.common.cache.LocalCache$EntryFactory$5                               : loaded 2 times (x 83B)
Class kotlin.jvm.internal.markers.KMappedMarker                                       : loaded 2 times (x 70B)
Class kotlin.NotImplementedError                                                      : loaded 2 times (x 82B)
Class com.google.common.collect.HashMultimap                                          : loaded 2 times (x 174B)
Class com.google.common.cache.LocalCache$EntryFactory$6                               : loaded 2 times (x 83B)
Class org.gradle.internal.installation.CurrentGradleInstallationLocator               : loaded 2 times (x 71B)
Class com.google.common.collect.Maps$KeySet                                           : loaded 2 times (x 137B)
Class com.google.common.collect.ImmutableSet$EmptySetBuilderImpl                      : loaded 2 times (x 76B)
Class com.google.common.cache.LocalCache$EntryFactory$7                               : loaded 2 times (x 83B)
Class com.google.common.collect.ImmutableList                                         : loaded 2 times (x 206B)
Class org.gradle.internal.service.DefaultServiceLocator                               : loaded 2 times (x 83B)
Class com.google.common.collect.Maps$EntrySet                                         : loaded 2 times (x 136B)
Class com.google.common.cache.LocalCache$EntryFactory$8                               : loaded 2 times (x 83B)
Class com.google.common.collect.ImmutableSet$SetBuilderImpl                           : loaded 2 times (x 76B)
Class org.gradle.internal.installation.CurrentGradleInstallation                      : loaded 2 times (x 73B)
Class com.google.common.cache.CacheLoader$1                                           : loaded 2 times (x 75B)
Class com.google.common.collect.ImmutableList$SubList                                 : loaded 2 times (x 209B)
Class org.gradle.util.internal.GUtil                                                  : loaded 2 times (x 71B)
Class kotlin.io.NoSuchFileException                                                   : loaded 2 times (x 82B)
Class kotlin.collections.CollectionsKt                                                : loaded 2 times (x 71B)
Class com.google.common.io.ByteSource                                                 : loaded 2 times (x 84B)
Class com.google.common.cache.AbstractCache$StatsCounter                              : loaded 2 times (x 70B)
Class com.google.common.collect.MapMakerInternalMap$1                                 : loaded 2 times (x 83B)
Class com.google.common.collect.Iterators$MergingIterator                             : loaded 2 times (x 81B)
Class com.google.common.collect.RegularImmutableSet                                   : loaded 2 times (x 149B)
Class org.gradle.internal.installation.GradleInstallation                             : loaded 2 times (x 75B)
Class com.google.common.base.Splitter$Strategy                                        : loaded 2 times (x 70B)
Class com.google.common.collect.Iterables                                             : loaded 2 times (x 71B)
Class org.jetbrains.kotlin.com.intellij.openapi.diagnostic.DefaultLogger              : loaded 2 times (x 100B)

---------------  S Y S T E M  ---------------

OS:
 Windows 11 , 64 bit Build 26100 (10.0.26100.8328)
OS uptime: 0 days 9:00 hours
Hyper-V role detected

CPU: total 16 (initial active 16) (16 cores per cpu, 2 threads per core) family 23 model 104 stepping 1 microcode 0x8608107, cx8, cmov, fxsr, ht, mmx, 3dnowpref, sse, sse2, sse3, ssse3, sse4a, sse4.1, sse4.2, popcnt, lzcnt, tsc, tscinvbit, avx, avx2, aes, clmul, bmi1, bmi2, adx, sha, fma, vzeroupper, clflush, clflushopt, hv, rdtscp, rdpid, f16c
Processor Information for the first 16 processors :
  Max Mhz: 1801, Current Mhz: 1801, Mhz Limit: 1801

Memory: 4k page, system-wide physical 7501M (371M free)
TotalPageFile size 30029M (AvailPageFile size 79M)
current process WorkingSet (physical memory assigned to process): 475M, peak: 498M
current process commit charge ("private bytes"): 628M, peak: 993M

vm_info: OpenJDK 64-Bit Server VM (21.0.10+-14961533-b1163.108) for windows-amd64 JRE (21.0.10+-14961533-b1163.108), built on 2026-03-02T19:58:50Z by "builder" with MS VC++ 16.10 / 16.11 (VS2019)

END.
