#
# There is insufficient memory for the Java Runtime Environment to continue.
# Native memory allocation (malloc) failed to allocate 1486688 bytes. Error detail: Chunk::new
# Possible reasons:
#   The system is out of physical RAM or swap space
#   This process is running with CompressedOops enabled, and the Java Heap may be blocking the growth of the native heap
# Possible solutions:
#   Reduce memory load on the system
#   Increase physical memory or swap space
#   Check if swap backing store is full
#   Decrease Java heap size (-Xmx/-Xms)
#   Decrease number of Java threads
#   Decrease Java thread stack sizes (-Xss)
#   Set larger code cache with -XX:ReservedCodeCacheSize=
#   JVM is running with Unscaled Compressed Oops mode in which the Java heap is
#     placed in the first 4GB address space. The Java Heap base address is the
#     maximum limit for the native heap growth. Please use -XX:HeapBaseMinAddress
#     to set the Java Heap base and to place the Java Heap above 4GB virtual address.
# This output file may be truncated or incomplete.
#
#  Out of Memory Error (arena.cpp:168), pid=36528, tid=35368
#
# JRE version: OpenJDK Runtime Environment (21.0.10) (build 21.0.10+-14961533-b1163.108)
# Java VM: OpenJDK 64-Bit Server VM (21.0.10+-14961533-b1163.108, mixed mode, tiered, compressed oops, compressed class ptrs, g1 gc, windows-amd64)
# No core dump will be written. Minidumps are not enabled by default on client versions of Windows
#

---------------  S U M M A R Y ------------

Command Line: --add-opens=java.base/java.lang=ALL-UNNAMED --add-opens=java.base/java.lang.invoke=ALL-UNNAMED --add-opens=java.base/java.util=ALL-UNNAMED --add-opens=java.prefs/java.util.prefs=ALL-UNNAMED --add-exports=jdk.compiler/com.sun.tools.javac.api=ALL-UNNAMED --add-exports=jdk.compiler/com.sun.tools.javac.util=ALL-UNNAMED --add-opens=java.base/java.util=ALL-UNNAMED --add-opens=java.prefs/java.util.prefs=ALL-UNNAMED --add-opens=java.base/java.nio.charset=ALL-UNNAMED --add-opens=java.base/java.net=ALL-UNNAMED --add-opens=java.base/java.util.concurrent=ALL-UNNAMED --add-opens=java.base/java.util.concurrent.atomic=ALL-UNNAMED --add-opens=java.xml/javax.xml.namespace=ALL-UNNAMED --add-opens=java.base/java.time=ALL-UNNAMED -Xmx2048m -Dfile.encoding=UTF-8 -Duser.country=ZA -Duser.language=en -Duser.variant -javaagent:C:\Users\Windows 10\.gradle\wrapper\dists\gradle-9.3.1-bin\23ovyewtku6u96viwx3xl3oks\gradle-9.3.1\lib\agents\gradle-instrumentation-agent-9.3.1.jar org.gradle.launcher.daemon.bootstrap.GradleDaemon 9.3.1

Host: AMD Ryzen 7 5700U with Radeon Graphics         , 16 cores, 7G,  Windows 11 , 64 bit Build 26100 (10.0.26100.8328)
Time: Mon Jun  8 20:26:54 2026 South Africa Standard Time elapsed time: 71.690218 seconds (0d 0h 1m 11s)

---------------  T H R E A D  ---------------

Current thread (0x0000021ebb17fdb0):  JavaThread "C2 CompilerThread1" daemon [_thread_in_native, id=35368, stack(0x000000d2afe00000,0x000000d2aff00000) (1024K)]


Current CompileTask:
C2:71690 21457       4       com.android.aapt.Resources$Entry::writeTo (229 bytes)

Stack: [0x000000d2afe00000,0x000000d2aff00000]
Native frames: (J=compiled Java code, j=interpreted, Vv=VM code, C=native code)
V  [jvm.dll+0x6d78a9]
V  [jvm.dll+0x8665b3]
V  [jvm.dll+0x868bde]
V  [jvm.dll+0x8692c3]
V  [jvm.dll+0x280ee6]
V  [jvm.dll+0xc07cd]
V  [jvm.dll+0xc0d03]
V  [jvm.dll+0x3ba0cb]
V  [jvm.dll+0x385df7]
V  [jvm.dll+0x38526a]
V  [jvm.dll+0x249bd2]
V  [jvm.dll+0x2491a1]
V  [jvm.dll+0x1c76e4]
V  [jvm.dll+0x25891e]
V  [jvm.dll+0x256e66]
V  [jvm.dll+0x3f513e]
V  [jvm.dll+0x80fd28]
V  [jvm.dll+0x6d60fd]
C  [ucrtbase.dll+0x37b0]
C  [KERNEL32.DLL+0x2e957]
C  [ntdll.dll+0x427c]


---------------  P R O C E S S  ---------------

Threads class SMR info:
_java_thread_list=0x0000021ec08a8000, length=263, elements={
0x0000021e98414840, 0x0000021eb0778160, 0x0000021eb077b000, 0x0000021eb077be10,
0x0000021eb079afd0, 0x0000021eb079b640, 0x0000021eb079c450, 0x0000021eb07b28a0,
0x0000021eb07c3b20, 0x0000021eb07c8990, 0x0000021eb5098f70, 0x0000021eb5e1d7b0,
0x0000021eb77522e0, 0x0000021eb7833210, 0x0000021eb781d530, 0x0000021eb7850ca0,
0x0000021eb7a52040, 0x0000021eb73f2b10, 0x0000021eb73f10d0, 0x0000021eb73f31a0,
0x0000021eb73f3830, 0x0000021eb73f03b0, 0x0000021eb73f0a40, 0x0000021eb506d650,
0x0000021eb73f1df0, 0x0000021eb8367be0, 0x0000021eb9256a00, 0x0000021eb7ff0530,
0x0000021eb7fefea0, 0x0000021eb7ff18e0, 0x0000021eb7ff0bc0, 0x0000021eb7ff2c90,
0x0000021eb7ff1250, 0x0000021eb7ff46d0, 0x0000021eb7ff39b0, 0x0000021eb7ff4040,
0x0000021eb7ff53f0, 0x0000021eb7ff5a80, 0x0000021eb7ff6110, 0x0000021eb7ff67a0,
0x0000021eb7ff3320, 0x0000021eb7ff6e30, 0x0000021eb67d2ec0, 0x0000021eb67d3550,
0x0000021eb67d00d0, 0x0000021eb67d3be0, 0x0000021eb67d0760, 0x0000021eb67d4270,
0x0000021eb67d0df0, 0x0000021eb67d4900, 0x0000021eb67d1480, 0x0000021eb67d1b10,
0x0000021eb67d4f90, 0x0000021eb67d5620, 0x0000021eb67d21a0, 0x0000021eb67d2830,
0x0000021eb67d5cb0, 0x0000021eb67d76f0, 0x0000021eb67d6340, 0x0000021eb67d69d0,
0x0000021eb67d7060, 0x0000021eb6111c60, 0x0000021eb61122f0, 0x0000021eb6112980,
0x0000021eb6113010, 0x0000021eb61136a0, 0x0000021eb61115d0, 0x0000021eb6113d30,
0x0000021eb61143c0, 0x0000021eb6110f40, 0x0000021eb6117840, 0x0000021eb6114a50,
0x0000021eb6116b20, 0x0000021eb61150e0, 0x0000021eb6115770, 0x0000021eb6115e00,
0x0000021eb62f87a0, 0x0000021eb62f94c0, 0x0000021eb62fa870, 0x0000021eb62f73f0,
0x0000021eb62f7a80, 0x0000021eb62faf00, 0x0000021eb62f8e30, 0x0000021eb62fb590,
0x0000021eb62fbc20, 0x0000021eb62fc940, 0x0000021eb62fcfd0, 0x0000021eb62fc2b0,
0x0000021eb62fd660, 0x0000021eb62fa1e0, 0x0000021eb62fdcf0, 0x0000021eb62fe380,
0x0000021eb62fea10, 0x0000021eb86eb0e0, 0x0000021eb86e9010, 0x0000021eb86e9d30,
0x0000021eb86ea3c0, 0x0000021eb86eaa50, 0x0000021eb86e96a0, 0x0000021eb86eded0,
0x0000021eb86ebe00, 0x0000021eb86ee560, 0x0000021eb86eebf0, 0x0000021eb86ec490,
0x0000021eb86eb770, 0x0000021eb86ecb20, 0x0000021eb86f0630, 0x0000021eb86ef280,
0x0000021eb86ef910, 0x0000021eb86effa0, 0x0000021eb86ed1b0, 0x0000021eb86ed840,
0x0000021eb6cf8290, 0x0000021eb6cf8920, 0x0000021eb6cf8fb0, 0x0000021eb6cf7570,
0x0000021eb6cf61c0, 0x0000021eb6cf6850, 0x0000021eb6cf7c00, 0x0000021eb6cf6ee0,
0x0000021eb6cf5b30, 0x0000021eb6cfbda0, 0x0000021eb6cfc430, 0x0000021eb6cfa360,
0x0000021ebb17fdb0, 0x0000021ec2367f40, 0x0000021ec2369980, 0x0000021ec23678b0,
0x0000021ec23685d0, 0x0000021ec2368c60, 0x0000021ec2367220, 0x0000021ec236ad30,
0x0000021ec236b3c0, 0x0000021ec236ba50, 0x0000021ec236d490, 0x0000021ec236c770,
0x0000021ec236c0e0, 0x0000021ec236ce00, 0x0000021ec236a010, 0x0000021ec236db20,
0x0000021ec236a6a0, 0x0000021ec236e1b0, 0x0000021ec0117dc0, 0x0000021ec01170a0,
0x0000021ec011bf60, 0x0000021ec0119e90, 0x0000021ec011b240, 0x0000021ec011abb0,
0x0000021ec011b8d0, 0x0000021ec011c5f0, 0x0000021ec011cc80, 0x0000021ec0119800,
0x0000021ec011f3e0, 0x0000021ec011e6c0, 0x0000021ec011fa70, 0x0000021ec0120100,
0x0000021ec011ed50, 0x0000021ec0119170, 0x0000021ec011a520, 0x0000021ec0118450,
0x0000021ec0120790, 0x0000021ec011d310, 0x0000021ec0120e20, 0x0000021ec011d9a0,
0x0000021ec01214b0, 0x0000021ec011e030, 0x0000021ec0121b40, 0x0000021ec0124930,
0x0000021ec0124fc0, 0x0000021ec01221d0, 0x0000021ec0123c10, 0x0000021ec01242a0,
0x0000021ec0125650, 0x0000021ec236e840, 0x0000021eb9181510, 0x0000021eb91835e0,
0x0000021eb91828c0, 0x0000021eb9182230, 0x0000021eb9182f50, 0x0000021eb9180e80,
0x0000021eb9184300, 0x0000021eb9184990, 0x0000021eb9185020, 0x0000021eb9186a60,
0x0000021eb91856b0, 0x0000021eb91870f0, 0x0000021eb91884a0, 0x0000021eb9185d40,
0x0000021eb91863d0, 0x0000021ec1736e80, 0x0000021ec1735440, 0x0000021ec1737ba0,
0x0000021ec1737510, 0x0000021ec1735ad0, 0x0000021ec1734db0, 0x0000021ec1736160,
0x0000021ec1738230, 0x0000021ec17388c0, 0x0000021ec173a300, 0x0000021ebb344f10,
0x0000021ec173bd40, 0x0000021ec173a990, 0x0000021ec173d0f0, 0x0000021ec173b6b0,
0x0000021ec1739c70, 0x0000021ec173ca60, 0x0000021ec173b020, 0x0000021ec173eb30,
0x0000021ec173c3d0, 0x0000021ec173de10, 0x0000021ec173f1c0, 0x0000021ec173d780,
0x0000021ec1740c00, 0x0000021ec1740570, 0x0000021ec173e4a0, 0x0000021ec1741920,
0x0000021ec1741290, 0x0000021ec1741fb0, 0x0000021ec1742640, 0x0000021ec173fee0,
0x0000021ec1742cd0, 0x0000021ec173f850, 0x0000021ec1743360, 0x0000021ec17439f0,
0x0000021ec1744080, 0x0000021ec0118ae0, 0x0000021eb6764300, 0x0000021eb67635e0,
0x0000021eb67670f0, 0x0000021eb6765020, 0x0000021eb67656b0, 0x0000021eb6765d40,
0x0000021eb676b920, 0x0000021eb6768b30, 0x0000021eb676eda0, 0x0000021eb676e710,
0x0000021eb676d9f0, 0x0000021eb676e080, 0x0000021eb676f430, 0x0000021eb676d360,
0x0000021eb676fac0, 0x0000021eb676c640, 0x0000021eb676ccd0, 0x0000021eb6771500,
0x0000021eb6772220, 0x0000021eb67728b0, 0x0000021eb6770150, 0x0000021eb67707e0,
0x0000021eb6771b90, 0x0000021eb6770e70, 0x0000021ec0122860, 0x0000021eb6769850,
0x0000021eb67691c0, 0x0000021ec14b97d0, 0x0000021ec14b8ab0, 0x0000021ec3482730,
0x0000021ec3482dc0, 0x0000021ec17e4d90, 0x0000021ec17e5ab0, 0x0000021ec22756d0,
0x0000021ec14b9e60, 0x0000021ec371cf10, 0x0000021ec371e2c0
}
_to_delete_list=0x0000021ec08a8480, length=262, elements={
0x0000021e98414840, 0x0000021eb0778160, 0x0000021eb077b000, 0x0000021eb077be10,
0x0000021eb079afd0, 0x0000021eb079b640, 0x0000021eb079c450, 0x0000021eb07b28a0,
0x0000021eb07c3b20, 0x0000021eb07c8990, 0x0000021eb5098f70, 0x0000021eb5e1d7b0,
0x0000021eb77522e0, 0x0000021eb7833210, 0x0000021eb781d530, 0x0000021eb7850ca0,
0x0000021eb7a52040, 0x0000021eb73f2b10, 0x0000021eb73f10d0, 0x0000021eb73f31a0,
0x0000021eb73f3830, 0x0000021eb73f03b0, 0x0000021eb73f0a40, 0x0000021eb506d650,
0x0000021eb73f1df0, 0x0000021eb8367be0, 0x0000021eb9256a00, 0x0000021eb7ff0530,
0x0000021eb7fefea0, 0x0000021eb7ff18e0, 0x0000021eb7ff0bc0, 0x0000021eb7ff2c90,
0x0000021eb7ff1250, 0x0000021eb7ff46d0, 0x0000021eb7ff39b0, 0x0000021eb7ff4040,
0x0000021eb7ff53f0, 0x0000021eb7ff5a80, 0x0000021eb7ff6110, 0x0000021eb7ff67a0,
0x0000021eb7ff3320, 0x0000021eb7ff6e30, 0x0000021eb67d2ec0, 0x0000021eb67d3550,
0x0000021eb67d00d0, 0x0000021eb67d3be0, 0x0000021eb67d0760, 0x0000021eb67d4270,
0x0000021eb67d0df0, 0x0000021eb67d4900, 0x0000021eb67d1480, 0x0000021eb67d1b10,
0x0000021eb67d4f90, 0x0000021eb67d5620, 0x0000021eb67d21a0, 0x0000021eb67d2830,
0x0000021eb67d5cb0, 0x0000021eb67d76f0, 0x0000021eb67d6340, 0x0000021eb67d69d0,
0x0000021eb67d7060, 0x0000021eb6111c60, 0x0000021eb61122f0, 0x0000021eb6112980,
0x0000021eb6113010, 0x0000021eb61136a0, 0x0000021eb61115d0, 0x0000021eb6113d30,
0x0000021eb61143c0, 0x0000021eb6110f40, 0x0000021eb6117840, 0x0000021eb6114a50,
0x0000021eb6116b20, 0x0000021eb61150e0, 0x0000021eb6115770, 0x0000021eb6115e00,
0x0000021eb62f87a0, 0x0000021eb62f94c0, 0x0000021eb62fa870, 0x0000021eb62f73f0,
0x0000021eb62f7a80, 0x0000021eb62faf00, 0x0000021eb62f8e30, 0x0000021eb62fb590,
0x0000021eb62fbc20, 0x0000021eb62fc940, 0x0000021eb62fcfd0, 0x0000021eb62fc2b0,
0x0000021eb62fd660, 0x0000021eb62fa1e0, 0x0000021eb62fdcf0, 0x0000021eb62fe380,
0x0000021eb62fea10, 0x0000021eb86eb0e0, 0x0000021eb86e9010, 0x0000021eb86e9d30,
0x0000021eb86ea3c0, 0x0000021eb86eaa50, 0x0000021eb86e96a0, 0x0000021eb86eded0,
0x0000021eb86ebe00, 0x0000021eb86ee560, 0x0000021eb86eebf0, 0x0000021eb86ec490,
0x0000021eb86eb770, 0x0000021eb86ecb20, 0x0000021eb86f0630, 0x0000021eb86ef280,
0x0000021eb86ef910, 0x0000021eb86effa0, 0x0000021eb86ed1b0, 0x0000021eb86ed840,
0x0000021eb6cf8290, 0x0000021eb6cf8920, 0x0000021eb6cf8fb0, 0x0000021eb6cf7570,
0x0000021eb6cf61c0, 0x0000021eb6cf6850, 0x0000021eb6cf7c00, 0x0000021eb6cf6ee0,
0x0000021eb6cf5b30, 0x0000021eb6cfbda0, 0x0000021eb6cfc430, 0x0000021eb6cfa360,
0x0000021ebb17fdb0, 0x0000021ec2367f40, 0x0000021ec2369980, 0x0000021ec23678b0,
0x0000021ec23685d0, 0x0000021ec2368c60, 0x0000021ec2367220, 0x0000021ec236ad30,
0x0000021ec236b3c0, 0x0000021ec236ba50, 0x0000021ec236d490, 0x0000021ec236c770,
0x0000021ec236c0e0, 0x0000021ec236ce00, 0x0000021ec236a010, 0x0000021ec236db20,
0x0000021ec236a6a0, 0x0000021ec236e1b0, 0x0000021ec0117dc0, 0x0000021ec01170a0,
0x0000021ec011bf60, 0x0000021ec0119e90, 0x0000021ec011b240, 0x0000021ec011abb0,
0x0000021ec011b8d0, 0x0000021ec011c5f0, 0x0000021ec011cc80, 0x0000021ec0119800,
0x0000021ec011f3e0, 0x0000021ec011e6c0, 0x0000021ec011fa70, 0x0000021ec0120100,
0x0000021ec011ed50, 0x0000021ec0119170, 0x0000021ec011a520, 0x0000021ec0118450,
0x0000021ec0120790, 0x0000021ec011d310, 0x0000021ec0120e20, 0x0000021ec011d9a0,
0x0000021ec01214b0, 0x0000021ec011e030, 0x0000021ec0121b40, 0x0000021ec0124930,
0x0000021ec0124fc0, 0x0000021ec01221d0, 0x0000021ec0123c10, 0x0000021ec01242a0,
0x0000021ec0125650, 0x0000021ec236e840, 0x0000021eb9181510, 0x0000021eb91835e0,
0x0000021eb91828c0, 0x0000021eb9182230, 0x0000021eb9182f50, 0x0000021eb9180e80,
0x0000021eb9184300, 0x0000021eb9184990, 0x0000021eb9185020, 0x0000021eb9186a60,
0x0000021eb91856b0, 0x0000021eb91870f0, 0x0000021eb91884a0, 0x0000021eb9185d40,
0x0000021eb91863d0, 0x0000021ec1736e80, 0x0000021ec1735440, 0x0000021ec1737ba0,
0x0000021ec1737510, 0x0000021ec1735ad0, 0x0000021ec1734db0, 0x0000021ec1736160,
0x0000021ec1738230, 0x0000021ec17388c0, 0x0000021ec173a300, 0x0000021ebb344f10,
0x0000021ec173bd40, 0x0000021ec173a990, 0x0000021ec173d0f0, 0x0000021ec173b6b0,
0x0000021ec1739c70, 0x0000021ec173ca60, 0x0000021ec173b020, 0x0000021ec173eb30,
0x0000021ec173c3d0, 0x0000021ec173de10, 0x0000021ec173f1c0, 0x0000021ec173d780,
0x0000021ec1740c00, 0x0000021ec1740570, 0x0000021ec173e4a0, 0x0000021ec1741920,
0x0000021ec1741290, 0x0000021ec1741fb0, 0x0000021ec1742640, 0x0000021ec173fee0,
0x0000021ec1742cd0, 0x0000021ec173f850, 0x0000021ec1743360, 0x0000021ec17439f0,
0x0000021ec1744080, 0x0000021ec0118ae0, 0x0000021eb6764300, 0x0000021eb67635e0,
0x0000021eb67670f0, 0x0000021eb6765020, 0x0000021eb67656b0, 0x0000021eb6765d40,
0x0000021eb676b920, 0x0000021eb6768b30, 0x0000021eb676eda0, 0x0000021eb676e710,
0x0000021eb676d9f0, 0x0000021eb676e080, 0x0000021eb676f430, 0x0000021eb676d360,
0x0000021eb676fac0, 0x0000021eb676c640, 0x0000021eb676ccd0, 0x0000021eb6771500,
0x0000021eb6772220, 0x0000021eb67728b0, 0x0000021eb6770150, 0x0000021eb67707e0,
0x0000021eb6771b90, 0x0000021eb6770e70, 0x0000021ec0122860, 0x0000021eb6769850,
0x0000021eb67691c0, 0x0000021ec14b97d0, 0x0000021ec14b8ab0, 0x0000021ec3482730,
0x0000021ec3482dc0, 0x0000021ec17e4d90, 0x0000021ec17e5ab0, 0x0000021ec22756d0,
0x0000021ec14b9e60, 0x0000021ec371cf10
}

Java Threads: ( => current thread )
  0x0000021e98414840 JavaThread "main"                              [_thread_blocked, id=32632, stack(0x000000d2a6f00000,0x000000d2a7000000) (1024K)]
  0x0000021eb0778160 JavaThread "Common-Cleaner"             daemon [_thread_blocked, id=1892, stack(0x000000d2a7700000,0x000000d2a7800000) (1024K)]
  0x0000021eb077b000 JavaThread "Reference Handler"          daemon [_thread_blocked, id=28080, stack(0x000000d2a7800000,0x000000d2a7900000) (1024K)]
  0x0000021eb077be10 JavaThread "Finalizer"                  daemon [_thread_blocked, id=13848, stack(0x000000d2a7900000,0x000000d2a7a00000) (1024K)]
  0x0000021eb079afd0 JavaThread "Signal Dispatcher"          daemon [_thread_blocked, id=13236, stack(0x000000d2a7a00000,0x000000d2a7b00000) (1024K)]
  0x0000021eb079b640 JavaThread "Attach Listener"            daemon [_thread_blocked, id=35208, stack(0x000000d2a7b00000,0x000000d2a7c00000) (1024K)]
  0x0000021eb079c450 JavaThread "Service Thread"             daemon [_thread_blocked, id=17000, stack(0x000000d2a7c00000,0x000000d2a7d00000) (1024K)]
  0x0000021eb07b28a0 JavaThread "Monitor Deflation Thread"   daemon [_thread_blocked, id=2572, stack(0x000000d2a7d00000,0x000000d2a7e00000) (1024K)]
  0x0000021eb07c3b20 JavaThread "C2 CompilerThread0"         daemon [_thread_in_native, id=34092, stack(0x000000d2a7e00000,0x000000d2a7f00000) (1024K)]
  0x0000021eb07c8990 JavaThread "C1 CompilerThread0"         daemon [_thread_in_native, id=21240, stack(0x000000d2a7f00000,0x000000d2a8000000) (1024K)]
  0x0000021eb5098f70 JavaThread "Notification Thread"        daemon [_thread_blocked, id=35016, stack(0x000000d2a8200000,0x000000d2a8300000) (1024K)]
  0x0000021eb5e1d7b0 JavaThread "Daemon health stats"               [_thread_blocked, id=29960, stack(0x000000d2a8a00000,0x000000d2a8b00000) (1024K)]
  0x0000021eb77522e0 JavaThread "Incoming local TCP Connector on port 55701"        [_thread_in_native, id=12060, stack(0x000000d2a8b00000,0x000000d2a8c00000) (1024K)]
  0x0000021eb7833210 JavaThread "Daemon periodic checks"            [_thread_blocked, id=30584, stack(0x000000d2a8c00000,0x000000d2a8d00000) (1024K)]
  0x0000021eb781d530 JavaThread "Daemon"                            [_thread_blocked, id=36168, stack(0x000000d2a8d00000,0x000000d2a8e00000) (1024K)]
  0x0000021eb7850ca0 JavaThread "Handler for socket connection from /127.0.0.1:55701 to /127.0.0.1:55702"        [_thread_in_native, id=22572, stack(0x000000d2a8e00000,0x000000d2a8f00000) (1024K)]
  0x0000021eb7a52040 JavaThread "Cancel handler"                    [_thread_blocked, id=36336, stack(0x000000d2a8f00000,0x000000d2a9000000) (1024K)]
  0x0000021eb73f2b10 JavaThread "Daemon worker"                     [_thread_blocked, id=31508, stack(0x000000d2a9900000,0x000000d2a9a00000) (1024K)]
  0x0000021eb73f10d0 JavaThread "Asynchronous log dispatcher for DefaultDaemonConnection: socket connection from /127.0.0.1:55701 to /127.0.0.1:55702"        [_thread_blocked, id=28804, stack(0x000000d2a9a00000,0x000000d2a9b00000) (1024K)]
  0x0000021eb73f31a0 JavaThread "Stdin handler"                     [_thread_blocked, id=33656, stack(0x000000d2a9b00000,0x000000d2a9c00000) (1024K)]
  0x0000021eb73f3830 JavaThread "Daemon client event forwarder"        [_thread_blocked, id=33116, stack(0x000000d2a9c00000,0x000000d2a9d00000) (1024K)]
  0x0000021eb73f03b0 JavaThread "Cache worker for journal cache (C:\Users\Windows 10\.gradle\caches\journal-1)"        [_thread_blocked, id=1040, stack(0x000000d2a9d00000,0x000000d2a9e00000) (1024K)]
  0x0000021eb73f0a40 JavaThread "File lock request listener"        [_thread_in_native, id=28760, stack(0x000000d2a9e00000,0x000000d2a9f00000) (1024K)]
  0x0000021eb506d650 JavaThread "C1 CompilerThread1"         daemon [_thread_blocked, id=34904, stack(0x000000d2a8000000,0x000000d2a8100000) (1024K)]
  0x0000021eb73f1df0 JavaThread "Cache worker for file hash cache (C:\Users\Windows 10\.gradle\caches\9.3.1\fileHashes)"        [_thread_blocked, id=27400, stack(0x000000d2a8100000,0x000000d2a8200000) (1024K)]
  0x0000021eb8367be0 JavaThread "C1 CompilerThread2"         daemon [_thread_blocked, id=34408, stack(0x000000d2a8600000,0x000000d2a8700000) (1024K)]
  0x0000021eb9256a00 JavaThread "C1 CompilerThread3"         daemon [_thread_blocked, id=34260, stack(0x000000d2a9f00000,0x000000d2aa000000) (1024K)]
  0x0000021eb7ff0530 JavaThread "Cache worker for file hash cache (C:\Users\Windows 10\Videos\smartcent2\.gradle\9.3.1\fileHashes)"        [_thread_blocked, id=33176, stack(0x000000d2aa000000,0x000000d2aa100000) (1024K)]
  0x0000021eb7fefea0 JavaThread "Cache worker for Build Output Cleanup Cache (C:\Users\Windows 10\Videos\smartcent2\.gradle\buildOutputCleanup)"        [_thread_blocked, id=31604, stack(0x000000d2aa100000,0x000000d2aa200000) (1024K)]
  0x0000021eb7ff18e0 JavaThread "File watcher server"        daemon [_thread_in_native, id=33728, stack(0x000000d2aa200000,0x000000d2aa300000) (1024K)]
  0x0000021eb7ff0bc0 JavaThread "File watcher consumer"      daemon [_thread_blocked, id=33924, stack(0x000000d2aa300000,0x000000d2aa400000) (1024K)]
  0x0000021eb7ff2c90 JavaThread "Cache worker for checksums cache (C:\Users\Windows 10\Videos\smartcent2\.gradle\9.3.1\checksums)"        [_thread_blocked, id=15452, stack(0x000000d2aa400000,0x000000d2aa500000) (1024K)]
  0x0000021eb7ff1250 JavaThread "Cache worker for file content cache (C:\Users\Windows 10\.gradle\caches\9.3.1\fileContent)"        [_thread_blocked, id=35996, stack(0x000000d2aa500000,0x000000d2aa600000) (1024K)]
  0x0000021eb7ff46d0 JavaThread "Cache worker for cache directory md-supplier (C:\Users\Windows 10\.gradle\caches\9.3.1\md-supplier)"        [_thread_blocked, id=35532, stack(0x000000d2aa600000,0x000000d2aa700000) (1024K)]
  0x0000021eb7ff39b0 JavaThread "Cache worker for cache directory md-rule (C:\Users\Windows 10\.gradle\caches\9.3.1\md-rule)"        [_thread_blocked, id=31180, stack(0x000000d2aa700000,0x000000d2aa800000) (1024K)]
  0x0000021eb7ff4040 JavaThread "jar transforms"                    [_thread_blocked, id=26076, stack(0x000000d2aa800000,0x000000d2aa900000) (1024K)]
  0x0000021eb7ff53f0 JavaThread "jar transforms Thread 2"           [_thread_blocked, id=32716, stack(0x000000d2aa900000,0x000000d2aaa00000) (1024K)]
  0x0000021eb7ff5a80 JavaThread "jar transforms Thread 3"           [_thread_blocked, id=33252, stack(0x000000d2aaa00000,0x000000d2aab00000) (1024K)]
  0x0000021eb7ff6110 JavaThread "Unconstrained build operations"        [_thread_blocked, id=452, stack(0x000000d2aab00000,0x000000d2aac00000) (1024K)]
  0x0000021eb7ff67a0 JavaThread "Unconstrained build operations Thread 2"        [_thread_blocked, id=30996, stack(0x000000d2aac00000,0x000000d2aad00000) (1024K)]
  0x0000021eb7ff3320 JavaThread "Unconstrained build operations Thread 3"        [_thread_blocked, id=35348, stack(0x000000d2aad00000,0x000000d2aae00000) (1024K)]
  0x0000021eb7ff6e30 JavaThread "Unconstrained build operations Thread 4"        [_thread_blocked, id=30740, stack(0x000000d2aae00000,0x000000d2aaf00000) (1024K)]
  0x0000021eb67d2ec0 JavaThread "Unconstrained build operations Thread 5"        [_thread_blocked, id=36248, stack(0x000000d2aaf00000,0x000000d2ab000000) (1024K)]
  0x0000021eb67d3550 JavaThread "Unconstrained build operations Thread 6"        [_thread_blocked, id=32552, stack(0x000000d2ab000000,0x000000d2ab100000) (1024K)]
  0x0000021eb67d00d0 JavaThread "Unconstrained build operations Thread 7"        [_thread_blocked, id=33308, stack(0x000000d2ab100000,0x000000d2ab200000) (1024K)]
  0x0000021eb67d3be0 JavaThread "Unconstrained build operations Thread 8"        [_thread_blocked, id=32588, stack(0x000000d2ab200000,0x000000d2ab300000) (1024K)]
  0x0000021eb67d0760 JavaThread "Unconstrained build operations Thread 9"        [_thread_blocked, id=26948, stack(0x000000d2ab300000,0x000000d2ab400000) (1024K)]
  0x0000021eb67d4270 JavaThread "Unconstrained build operations Thread 10"        [_thread_blocked, id=13116, stack(0x000000d2ab400000,0x000000d2ab500000) (1024K)]
  0x0000021eb67d0df0 JavaThread "Unconstrained build operations Thread 11"        [_thread_blocked, id=36136, stack(0x000000d2ab500000,0x000000d2ab600000) (1024K)]
  0x0000021eb67d4900 JavaThread "Unconstrained build operations Thread 12"        [_thread_blocked, id=3100, stack(0x000000d2ab600000,0x000000d2ab700000) (1024K)]
  0x0000021eb67d1480 JavaThread "Unconstrained build operations Thread 13"        [_thread_blocked, id=35748, stack(0x000000d2ab700000,0x000000d2ab800000) (1024K)]
  0x0000021eb67d1b10 JavaThread "Unconstrained build operations Thread 14"        [_thread_blocked, id=34140, stack(0x000000d2ab800000,0x000000d2ab900000) (1024K)]
  0x0000021eb67d4f90 JavaThread "Unconstrained build operations Thread 15"        [_thread_blocked, id=23728, stack(0x000000d2ab900000,0x000000d2aba00000) (1024K)]
  0x0000021eb67d5620 JavaThread "Unconstrained build operations Thread 16"        [_thread_blocked, id=36332, stack(0x000000d2aba00000,0x000000d2abb00000) (1024K)]
  0x0000021eb67d21a0 JavaThread "Unconstrained build operations Thread 17"        [_thread_blocked, id=18068, stack(0x000000d2abb00000,0x000000d2abc00000) (1024K)]
  0x0000021eb67d2830 JavaThread "Unconstrained build operations Thread 18"        [_thread_blocked, id=21128, stack(0x000000d2abc00000,0x000000d2abd00000) (1024K)]
  0x0000021eb67d5cb0 JavaThread "Unconstrained build operations Thread 19"        [_thread_blocked, id=23116, stack(0x000000d2abd00000,0x000000d2abe00000) (1024K)]
  0x0000021eb67d76f0 JavaThread "Unconstrained build operations Thread 20"        [_thread_blocked, id=30988, stack(0x000000d2abe00000,0x000000d2abf00000) (1024K)]
  0x0000021eb67d6340 JavaThread "jar transforms Thread 4"           [_thread_blocked, id=13136, stack(0x000000d2abf00000,0x000000d2ac000000) (1024K)]
  0x0000021eb67d69d0 JavaThread "jar transforms Thread 5"           [_thread_blocked, id=27912, stack(0x000000d2ac000000,0x000000d2ac100000) (1024K)]
  0x0000021eb67d7060 JavaThread "Unconstrained build operations Thread 21"        [_thread_blocked, id=31372, stack(0x000000d2ac100000,0x000000d2ac200000) (1024K)]
  0x0000021eb6111c60 JavaThread "Unconstrained build operations Thread 22"        [_thread_blocked, id=33344, stack(0x000000d2ac200000,0x000000d2ac300000) (1024K)]
  0x0000021eb61122f0 JavaThread "Unconstrained build operations Thread 23"        [_thread_blocked, id=33104, stack(0x000000d2ac300000,0x000000d2ac400000) (1024K)]
  0x0000021eb6112980 JavaThread "Unconstrained build operations Thread 24"        [_thread_blocked, id=19088, stack(0x000000d2ac400000,0x000000d2ac500000) (1024K)]
  0x0000021eb6113010 JavaThread "Unconstrained build operations Thread 25"        [_thread_blocked, id=32500, stack(0x000000d2ac500000,0x000000d2ac600000) (1024K)]
  0x0000021eb61136a0 JavaThread "Unconstrained build operations Thread 26"        [_thread_blocked, id=13300, stack(0x000000d2ac600000,0x000000d2ac700000) (1024K)]
  0x0000021eb61115d0 JavaThread "Unconstrained build operations Thread 27"        [_thread_blocked, id=2964, stack(0x000000d2ac700000,0x000000d2ac800000) (1024K)]
  0x0000021eb6113d30 JavaThread "Unconstrained build operations Thread 28"        [_thread_blocked, id=29908, stack(0x000000d2ac800000,0x000000d2ac900000) (1024K)]
  0x0000021eb61143c0 JavaThread "Unconstrained build operations Thread 29"        [_thread_blocked, id=4180, stack(0x000000d2ac900000,0x000000d2aca00000) (1024K)]
  0x0000021eb6110f40 JavaThread "Unconstrained build operations Thread 30"        [_thread_blocked, id=34560, stack(0x000000d2aca00000,0x000000d2acb00000) (1024K)]
  0x0000021eb6117840 JavaThread "jar transforms Thread 6"           [_thread_blocked, id=28612, stack(0x000000d2acb00000,0x000000d2acc00000) (1024K)]
  0x0000021eb6114a50 JavaThread "jar transforms Thread 7"           [_thread_blocked, id=30908, stack(0x000000d2acc00000,0x000000d2acd00000) (1024K)]
  0x0000021eb6116b20 JavaThread "jar transforms Thread 8"           [_thread_blocked, id=13028, stack(0x000000d2acd00000,0x000000d2ace00000) (1024K)]
  0x0000021eb61150e0 JavaThread "Unconstrained build operations Thread 31"        [_thread_blocked, id=28556, stack(0x000000d2ace00000,0x000000d2acf00000) (1024K)]
  0x0000021eb6115770 JavaThread "Unconstrained build operations Thread 32"        [_thread_blocked, id=20360, stack(0x000000d2acf00000,0x000000d2ad000000) (1024K)]
  0x0000021eb6115e00 JavaThread "Unconstrained build operations Thread 33"        [_thread_blocked, id=10960, stack(0x000000d2ad000000,0x000000d2ad100000) (1024K)]
  0x0000021eb62f87a0 JavaThread "Unconstrained build operations Thread 34"        [_thread_blocked, id=30832, stack(0x000000d2a8300000,0x000000d2a8400000) (1024K)]
  0x0000021eb62f94c0 JavaThread "Unconstrained build operations Thread 35"        [_thread_blocked, id=27800, stack(0x000000d2ad100000,0x000000d2ad200000) (1024K)]
  0x0000021eb62fa870 JavaThread "Unconstrained build operations Thread 36"        [_thread_blocked, id=22768, stack(0x000000d2ad200000,0x000000d2ad300000) (1024K)]
  0x0000021eb62f73f0 JavaThread "Unconstrained build operations Thread 37"        [_thread_blocked, id=35040, stack(0x000000d2ad300000,0x000000d2ad400000) (1024K)]
  0x0000021eb62f7a80 JavaThread "Unconstrained build operations Thread 38"        [_thread_blocked, id=31716, stack(0x000000d2ad400000,0x000000d2ad500000) (1024K)]
  0x0000021eb62faf00 JavaThread "Unconstrained build operations Thread 39"        [_thread_blocked, id=17748, stack(0x000000d2ad500000,0x000000d2ad600000) (1024K)]
  0x0000021eb62f8e30 JavaThread "Unconstrained build operations Thread 40"        [_thread_blocked, id=36292, stack(0x000000d2ad600000,0x000000d2ad700000) (1024K)]
  0x0000021eb62fb590 JavaThread "Unconstrained build operations Thread 41"        [_thread_blocked, id=32380, stack(0x000000d2ad700000,0x000000d2ad800000) (1024K)]
  0x0000021eb62fbc20 JavaThread "Unconstrained build operations Thread 42"        [_thread_blocked, id=26100, stack(0x000000d2ad800000,0x000000d2ad900000) (1024K)]
  0x0000021eb62fc940 JavaThread "Unconstrained build operations Thread 43"        [_thread_blocked, id=35156, stack(0x000000d2ad900000,0x000000d2ada00000) (1024K)]
  0x0000021eb62fcfd0 JavaThread "Unconstrained build operations Thread 44"        [_thread_blocked, id=11288, stack(0x000000d2ada00000,0x000000d2adb00000) (1024K)]
  0x0000021eb62fc2b0 JavaThread "Unconstrained build operations Thread 45"        [_thread_blocked, id=27404, stack(0x000000d2adb00000,0x000000d2adc00000) (1024K)]
  0x0000021eb62fd660 JavaThread "Unconstrained build operations Thread 46"        [_thread_blocked, id=5408, stack(0x000000d2adc00000,0x000000d2add00000) (1024K)]
  0x0000021eb62fa1e0 JavaThread "Unconstrained build operations Thread 47"        [_thread_blocked, id=30876, stack(0x000000d2add00000,0x000000d2ade00000) (1024K)]
  0x0000021eb62fdcf0 JavaThread "Unconstrained build operations Thread 48"        [_thread_blocked, id=33220, stack(0x000000d2ade00000,0x000000d2adf00000) (1024K)]
  0x0000021eb62fe380 JavaThread "Unconstrained build operations Thread 49"        [_thread_blocked, id=28364, stack(0x000000d2adf00000,0x000000d2ae000000) (1024K)]
  0x0000021eb62fea10 JavaThread "Unconstrained build operations Thread 50"        [_thread_blocked, id=13736, stack(0x000000d2ae000000,0x000000d2ae100000) (1024K)]
  0x0000021eb86eb0e0 JavaThread "Unconstrained build operations Thread 51"        [_thread_blocked, id=34344, stack(0x000000d2ae100000,0x000000d2ae200000) (1024K)]
  0x0000021eb86e9010 JavaThread "Unconstrained build operations Thread 52"        [_thread_blocked, id=35520, stack(0x000000d2ae200000,0x000000d2ae300000) (1024K)]
  0x0000021eb86e9d30 JavaThread "Unconstrained build operations Thread 53"        [_thread_blocked, id=11568, stack(0x000000d2ae300000,0x000000d2ae400000) (1024K)]
  0x0000021eb86ea3c0 JavaThread "Unconstrained build operations Thread 54"        [_thread_blocked, id=15708, stack(0x000000d2ae400000,0x000000d2ae500000) (1024K)]
  0x0000021eb86eaa50 JavaThread "Unconstrained build operations Thread 55"        [_thread_blocked, id=34020, stack(0x000000d2ae500000,0x000000d2ae600000) (1024K)]
  0x0000021eb86e96a0 JavaThread "Unconstrained build operations Thread 56"        [_thread_blocked, id=13244, stack(0x000000d2ae600000,0x000000d2ae700000) (1024K)]
  0x0000021eb86eded0 JavaThread "Unconstrained build operations Thread 57"        [_thread_blocked, id=33920, stack(0x000000d2ae700000,0x000000d2ae800000) (1024K)]
  0x0000021eb86ebe00 JavaThread "Unconstrained build operations Thread 58"        [_thread_blocked, id=480, stack(0x000000d2ae800000,0x000000d2ae900000) (1024K)]
  0x0000021eb86ee560 JavaThread "Unconstrained build operations Thread 59"        [_thread_blocked, id=32052, stack(0x000000d2ae900000,0x000000d2aea00000) (1024K)]
  0x0000021eb86eebf0 JavaThread "Unconstrained build operations Thread 60"        [_thread_blocked, id=35784, stack(0x000000d2aea00000,0x000000d2aeb00000) (1024K)]
  0x0000021eb86ec490 JavaThread "Unconstrained build operations Thread 61"        [_thread_blocked, id=33900, stack(0x000000d2aeb00000,0x000000d2aec00000) (1024K)]
  0x0000021eb86eb770 JavaThread "Unconstrained build operations Thread 62"        [_thread_blocked, id=33816, stack(0x000000d2aec00000,0x000000d2aed00000) (1024K)]
  0x0000021eb86ecb20 JavaThread "Unconstrained build operations Thread 63"        [_thread_blocked, id=34440, stack(0x000000d2aed00000,0x000000d2aee00000) (1024K)]
  0x0000021eb86f0630 JavaThread "Unconstrained build operations Thread 64"        [_thread_blocked, id=30600, stack(0x000000d2aee00000,0x000000d2aef00000) (1024K)]
  0x0000021eb86ef280 JavaThread "Unconstrained build operations Thread 65"        [_thread_blocked, id=23688, stack(0x000000d2aef00000,0x000000d2af000000) (1024K)]
  0x0000021eb86ef910 JavaThread "Unconstrained build operations Thread 66"        [_thread_blocked, id=31924, stack(0x000000d2af000000,0x000000d2af100000) (1024K)]
  0x0000021eb86effa0 JavaThread "Unconstrained build operations Thread 67"        [_thread_blocked, id=28872, stack(0x000000d2af100000,0x000000d2af200000) (1024K)]
  0x0000021eb86ed1b0 JavaThread "Unconstrained build operations Thread 68"        [_thread_blocked, id=36044, stack(0x000000d2af200000,0x000000d2af300000) (1024K)]
  0x0000021eb86ed840 JavaThread "Unconstrained build operations Thread 69"        [_thread_blocked, id=35240, stack(0x000000d2af300000,0x000000d2af400000) (1024K)]
  0x0000021eb6cf8290 JavaThread "Unconstrained build operations Thread 70"        [_thread_blocked, id=31476, stack(0x000000d2af400000,0x000000d2af500000) (1024K)]
  0x0000021eb6cf8920 JavaThread "Unconstrained build operations Thread 71"        [_thread_blocked, id=11516, stack(0x000000d2af500000,0x000000d2af600000) (1024K)]
  0x0000021eb6cf8fb0 JavaThread "Unconstrained build operations Thread 72"        [_thread_blocked, id=30872, stack(0x000000d2af600000,0x000000d2af700000) (1024K)]
  0x0000021eb6cf7570 JavaThread "Unconstrained build operations Thread 73"        [_thread_blocked, id=13844, stack(0x000000d2af700000,0x000000d2af800000) (1024K)]
  0x0000021eb6cf61c0 JavaThread "Unconstrained build operations Thread 74"        [_thread_blocked, id=27752, stack(0x000000d2af800000,0x000000d2af900000) (1024K)]
  0x0000021eb6cf6850 JavaThread "Unconstrained build operations Thread 75"        [_thread_blocked, id=11556, stack(0x000000d2af900000,0x000000d2afa00000) (1024K)]
  0x0000021eb6cf7c00 JavaThread "Unconstrained build operations Thread 76"        [_thread_blocked, id=32772, stack(0x000000d2afa00000,0x000000d2afb00000) (1024K)]
  0x0000021eb6cf6ee0 JavaThread "Unconstrained build operations Thread 77"        [_thread_blocked, id=33692, stack(0x000000d2afb00000,0x000000d2afc00000) (1024K)]
  0x0000021eb6cf5b30 JavaThread "Unconstrained build operations Thread 78"        [_thread_blocked, id=8860, stack(0x000000d2afc00000,0x000000d2afd00000) (1024K)]
  0x0000021eb6cfbda0 JavaThread "build event listener"              [_thread_blocked, id=13296, stack(0x000000d2afd00000,0x000000d2afe00000) (1024K)]
  0x0000021eb6cfc430 JavaThread "Memory manager"                    [_thread_blocked, id=34292, stack(0x000000d2b0100000,0x000000d2b0200000) (1024K)]
  0x0000021eb6cfa360 JavaThread "build event listener"              [_thread_blocked, id=31436, stack(0x000000d2aff00000,0x000000d2b0000000) (1024K)]
=>0x0000021ebb17fdb0 JavaThread "C2 CompilerThread1"         daemon [_thread_in_native, id=35368, stack(0x000000d2afe00000,0x000000d2aff00000) (1024K)]
  0x0000021ec2367f40 JavaThread "included builds"                   [_thread_blocked, id=36460, stack(0x000000d2b0300000,0x000000d2b0400000) (1024K)]
  0x0000021ec2369980 JavaThread "Execution worker"                  [_thread_blocked, id=36188, stack(0x000000d2b0400000,0x000000d2b0500000) (1024K)]
  0x0000021ec23678b0 JavaThread "Execution worker Thread 2"         [_thread_blocked, id=32940, stack(0x000000d2b0500000,0x000000d2b0600000) (1024K)]
  0x0000021ec23685d0 JavaThread "Execution worker Thread 3"         [_thread_blocked, id=24964, stack(0x000000d2b0600000,0x000000d2b0700000) (1024K)]
  0x0000021ec2368c60 JavaThread "Execution worker Thread 4"         [_thread_blocked, id=21120, stack(0x000000d2b0700000,0x000000d2b0800000) (1024K)]
  0x0000021ec2367220 JavaThread "Execution worker Thread 5"         [_thread_blocked, id=32080, stack(0x000000d2b0800000,0x000000d2b0900000) (1024K)]
  0x0000021ec236ad30 JavaThread "Execution worker Thread 6"         [_thread_blocked, id=24336, stack(0x000000d2b0900000,0x000000d2b0a00000) (1024K)]
  0x0000021ec236b3c0 JavaThread "Execution worker Thread 7"         [_thread_blocked, id=34076, stack(0x000000d2b0a00000,0x000000d2b0b00000) (1024K)]
  0x0000021ec236ba50 JavaThread "Execution worker Thread 8"         [_thread_blocked, id=9860, stack(0x000000d2b0b00000,0x000000d2b0c00000) (1024K)]
  0x0000021ec236d490 JavaThread "Execution worker Thread 9"         [_thread_blocked, id=19360, stack(0x000000d2b0c00000,0x000000d2b0d00000) (1024K)]
  0x0000021ec236c770 JavaThread "Execution worker Thread 10"        [_thread_blocked, id=35800, stack(0x000000d2b0d00000,0x000000d2b0e00000) (1024K)]
  0x0000021ec236c0e0 JavaThread "Execution worker Thread 11"        [_thread_blocked, id=30656, stack(0x000000d2b0e00000,0x000000d2b0f00000) (1024K)]
  0x0000021ec236ce00 JavaThread "Execution worker Thread 12"        [_thread_in_native, id=6288, stack(0x000000d2b0f00000,0x000000d2b1000000) (1024K)]
  0x0000021ec236a010 JavaThread "Execution worker Thread 13"        [_thread_blocked, id=31516, stack(0x000000d2b1000000,0x000000d2b1100000) (1024K)]
  0x0000021ec236db20 JavaThread "Execution worker Thread 14"        [_thread_blocked, id=22516, stack(0x000000d2b1100000,0x000000d2b1200000) (1024K)]
  0x0000021ec236a6a0 JavaThread "Execution worker Thread 15"        [_thread_blocked, id=33556, stack(0x000000d2b1200000,0x000000d2b1300000) (1024K)]
  0x0000021ec236e1b0 JavaThread "Cache worker for execution history cache (C:\Users\Windows 10\Videos\smartcent2\.gradle\9.3.1\executionHistory)"        [_thread_blocked, id=36268, stack(0x000000d2b1300000,0x000000d2b1400000) (1024K)]
  0x0000021ec0117dc0 JavaThread "Unconstrained build operations Thread 79"        [_thread_blocked, id=30116, stack(0x000000d2a6c00000,0x000000d2a6d00000) (1024K)]
  0x0000021ec01170a0 JavaThread "Unconstrained build operations Thread 80"        [_thread_blocked, id=29584, stack(0x000000d2a6d00000,0x000000d2a6e00000) (1024K)]
  0x0000021ec011bf60 JavaThread "Unconstrained build operations Thread 81"        [_thread_blocked, id=23180, stack(0x000000d2a6e00000,0x000000d2a6f00000) (1024K)]
  0x0000021ec0119e90 JavaThread "Unconstrained build operations Thread 82"        [_thread_blocked, id=20224, stack(0x000000d2b1400000,0x000000d2b1500000) (1024K)]
  0x0000021ec011b240 JavaThread "Unconstrained build operations Thread 83"        [_thread_blocked, id=24384, stack(0x000000d2b1500000,0x000000d2b1600000) (1024K)]
  0x0000021ec011abb0 JavaThread "Unconstrained build operations Thread 84"        [_thread_blocked, id=12880, stack(0x000000d2b1600000,0x000000d2b1700000) (1024K)]
  0x0000021ec011b8d0 JavaThread "Unconstrained build operations Thread 85"        [_thread_blocked, id=8476, stack(0x000000d2b1700000,0x000000d2b1800000) (1024K)]
  0x0000021ec011c5f0 JavaThread "Unconstrained build operations Thread 86"        [_thread_blocked, id=21424, stack(0x000000d2b1800000,0x000000d2b1900000) (1024K)]
  0x0000021ec011cc80 JavaThread "Unconstrained build operations Thread 87"        [_thread_blocked, id=21856, stack(0x000000d2b1900000,0x000000d2b1a00000) (1024K)]
  0x0000021ec0119800 JavaThread "Unconstrained build operations Thread 88"        [_thread_blocked, id=27336, stack(0x000000d2b1a00000,0x000000d2b1b00000) (1024K)]
  0x0000021ec011f3e0 JavaThread "Unconstrained build operations Thread 89"        [_thread_blocked, id=34460, stack(0x000000d2b1b00000,0x000000d2b1c00000) (1024K)]
  0x0000021ec011e6c0 JavaThread "Unconstrained build operations Thread 90"        [_thread_blocked, id=16732, stack(0x000000d2b1c00000,0x000000d2b1d00000) (1024K)]
  0x0000021ec011fa70 JavaThread "Unconstrained build operations Thread 91"        [_thread_blocked, id=32776, stack(0x000000d2b1d00000,0x000000d2b1e00000) (1024K)]
  0x0000021ec0120100 JavaThread "Unconstrained build operations Thread 92"        [_thread_blocked, id=31560, stack(0x000000d2b1e00000,0x000000d2b1f00000) (1024K)]
  0x0000021ec011ed50 JavaThread "Unconstrained build operations Thread 93"        [_thread_blocked, id=36768, stack(0x000000d2b1f00000,0x000000d2b2000000) (1024K)]
  0x0000021ec0119170 JavaThread "Unconstrained build operations Thread 94"        [_thread_blocked, id=36580, stack(0x000000d2b2000000,0x000000d2b2100000) (1024K)]
  0x0000021ec011a520 JavaThread "Unconstrained build operations Thread 95"        [_thread_blocked, id=28152, stack(0x000000d2b2100000,0x000000d2b2200000) (1024K)]
  0x0000021ec0118450 JavaThread "Unconstrained build operations Thread 96"        [_thread_blocked, id=19056, stack(0x000000d2b2200000,0x000000d2b2300000) (1024K)]
  0x0000021ec0120790 JavaThread "Unconstrained build operations Thread 97"        [_thread_blocked, id=22012, stack(0x000000d2b2300000,0x000000d2b2400000) (1024K)]
  0x0000021ec011d310 JavaThread "Unconstrained build operations Thread 98"        [_thread_blocked, id=14196, stack(0x000000d2b2400000,0x000000d2b2500000) (1024K)]
  0x0000021ec0120e20 JavaThread "Unconstrained build operations Thread 99"        [_thread_blocked, id=18328, stack(0x000000d2b2500000,0x000000d2b2600000) (1024K)]
  0x0000021ec011d9a0 JavaThread "Unconstrained build operations Thread 100"        [_thread_blocked, id=34352, stack(0x000000d2b2600000,0x000000d2b2700000) (1024K)]
  0x0000021ec01214b0 JavaThread "Unconstrained build operations Thread 101"        [_thread_blocked, id=33544, stack(0x000000d2b2700000,0x000000d2b2800000) (1024K)]
  0x0000021ec011e030 JavaThread "Unconstrained build operations Thread 102"        [_thread_blocked, id=35868, stack(0x000000d2b2800000,0x000000d2b2900000) (1024K)]
  0x0000021ec0121b40 JavaThread "Unconstrained build operations Thread 103"        [_thread_blocked, id=26536, stack(0x000000d2b2900000,0x000000d2b2a00000) (1024K)]
  0x0000021ec0124930 JavaThread "Unconstrained build operations Thread 104"        [_thread_blocked, id=32732, stack(0x000000d2b2a00000,0x000000d2b2b00000) (1024K)]
  0x0000021ec0124fc0 JavaThread "Unconstrained build operations Thread 105"        [_thread_blocked, id=30488, stack(0x000000d2b2b00000,0x000000d2b2c00000) (1024K)]
  0x0000021ec01221d0 JavaThread "Unconstrained build operations Thread 106"        [_thread_blocked, id=30132, stack(0x000000d2b2c00000,0x000000d2b2d00000) (1024K)]
  0x0000021ec0123c10 JavaThread "Unconstrained build operations Thread 107"        [_thread_blocked, id=15688, stack(0x000000d2b2d00000,0x000000d2b2e00000) (1024K)]
  0x0000021ec01242a0 JavaThread "Unconstrained build operations Thread 108"        [_thread_blocked, id=13260, stack(0x000000d2b2e00000,0x000000d2b2f00000) (1024K)]
  0x0000021ec0125650 JavaThread "Unconstrained build operations Thread 109"        [_thread_blocked, id=35292, stack(0x000000d2b2f00000,0x000000d2b3000000) (1024K)]
  0x0000021ec236e840 JavaThread "Unconstrained build operations Thread 110"        [_thread_blocked, id=24480, stack(0x000000d2b3000000,0x000000d2b3100000) (1024K)]
  0x0000021eb9181510 JavaThread "Unconstrained build operations Thread 111"        [_thread_blocked, id=31140, stack(0x000000d2b3100000,0x000000d2b3200000) (1024K)]
  0x0000021eb91835e0 JavaThread "Unconstrained build operations Thread 112"        [_thread_blocked, id=28372, stack(0x000000d2b3200000,0x000000d2b3300000) (1024K)]
  0x0000021eb91828c0 JavaThread "Unconstrained build operations Thread 113"        [_thread_blocked, id=34504, stack(0x000000d2b3300000,0x000000d2b3400000) (1024K)]
  0x0000021eb9182230 JavaThread "Unconstrained build operations Thread 114"        [_thread_blocked, id=3640, stack(0x000000d2b3400000,0x000000d2b3500000) (1024K)]
  0x0000021eb9182f50 JavaThread "Unconstrained build operations Thread 115"        [_thread_blocked, id=27588, stack(0x000000d2b3500000,0x000000d2b3600000) (1024K)]
  0x0000021eb9180e80 JavaThread "Unconstrained build operations Thread 116"        [_thread_blocked, id=24720, stack(0x000000d2b3600000,0x000000d2b3700000) (1024K)]
  0x0000021eb9184300 JavaThread "Unconstrained build operations Thread 117"        [_thread_blocked, id=32576, stack(0x000000d2b3700000,0x000000d2b3800000) (1024K)]
  0x0000021eb9184990 JavaThread "Unconstrained build operations Thread 118"        [_thread_blocked, id=408, stack(0x000000d2b3800000,0x000000d2b3900000) (1024K)]
  0x0000021eb9185020 JavaThread "Unconstrained build operations Thread 119"        [_thread_blocked, id=36124, stack(0x000000d2b3900000,0x000000d2b3a00000) (1024K)]
  0x0000021eb9186a60 JavaThread "Unconstrained build operations Thread 120"        [_thread_blocked, id=33944, stack(0x000000d2b0200000,0x000000d2b0300000) (1024K)]
  0x0000021eb91856b0 JavaThread "Unconstrained build operations Thread 121"        [_thread_blocked, id=33384, stack(0x000000d2b3a00000,0x000000d2b3b00000) (1024K)]
  0x0000021eb91870f0 JavaThread "Unconstrained build operations Thread 122"        [_thread_blocked, id=31364, stack(0x000000d2b3b00000,0x000000d2b3c00000) (1024K)]
  0x0000021eb91884a0 JavaThread "Unconstrained build operations Thread 123"        [_thread_blocked, id=14504, stack(0x000000d2b3c00000,0x000000d2b3d00000) (1024K)]
  0x0000021eb9185d40 JavaThread "Unconstrained build operations Thread 124"        [_thread_blocked, id=26884, stack(0x000000d2b3d00000,0x000000d2b3e00000) (1024K)]
  0x0000021eb91863d0 JavaThread "Unconstrained build operations Thread 125"        [_thread_blocked, id=1768, stack(0x000000d2b3e00000,0x000000d2b3f00000) (1024K)]
  0x0000021ec1736e80 JavaThread "Unconstrained build operations Thread 126"        [_thread_blocked, id=35072, stack(0x000000d2b3f00000,0x000000d2b4000000) (1024K)]
  0x0000021ec1735440 JavaThread "Unconstrained build operations Thread 127"        [_thread_blocked, id=34980, stack(0x000000d2b4000000,0x000000d2b4100000) (1024K)]
  0x0000021ec1737ba0 JavaThread "Unconstrained build operations Thread 128"        [_thread_blocked, id=18656, stack(0x000000d2b4100000,0x000000d2b4200000) (1024K)]
  0x0000021ec1737510 JavaThread "Unconstrained build operations Thread 129"        [_thread_blocked, id=448, stack(0x000000d2b4200000,0x000000d2b4300000) (1024K)]
  0x0000021ec1735ad0 JavaThread "Unconstrained build operations Thread 130"        [_thread_blocked, id=27036, stack(0x000000d2b4300000,0x000000d2b4400000) (1024K)]
  0x0000021ec1734db0 JavaThread "Unconstrained build operations Thread 131"        [_thread_blocked, id=35052, stack(0x000000d2b4400000,0x000000d2b4500000) (1024K)]
  0x0000021ec1736160 JavaThread "Unconstrained build operations Thread 132"        [_thread_blocked, id=34432, stack(0x000000d2b4500000,0x000000d2b4600000) (1024K)]
  0x0000021ec1738230 JavaThread "Unconstrained build operations Thread 133"        [_thread_blocked, id=21244, stack(0x000000d2b4600000,0x000000d2b4700000) (1024K)]
  0x0000021ec17388c0 JavaThread "Unconstrained build operations Thread 134"        [_thread_blocked, id=30752, stack(0x000000d2b4700000,0x000000d2b4800000) (1024K)]
  0x0000021ec173a300 JavaThread "WorkerExecutor Queue"              [_thread_in_native, id=14940, stack(0x000000d2b0000000,0x000000d2b0100000) (1024K)]
  0x0000021ebb344f10 JavaThread "C2 CompilerThread2"         daemon [_thread_in_native, id=32876, stack(0x000000d2b4800000,0x000000d2b4900000) (1024K)]
  0x0000021ec173bd40 JavaThread "Unconstrained build operations Thread 135"        [_thread_blocked, id=35308, stack(0x000000d2b4900000,0x000000d2b4a00000) (1024K)]
  0x0000021ec173a990 JavaThread "Unconstrained build operations Thread 136"        [_thread_blocked, id=36084, stack(0x000000d2b4a00000,0x000000d2b4b00000) (1024K)]
  0x0000021ec173d0f0 JavaThread "Unconstrained build operations Thread 137"        [_thread_blocked, id=11936, stack(0x000000d2b4b00000,0x000000d2b4c00000) (1024K)]
  0x0000021ec173b6b0 JavaThread "Unconstrained build operations Thread 138"        [_thread_blocked, id=35364, stack(0x000000d2b4c00000,0x000000d2b4d00000) (1024K)]
  0x0000021ec1739c70 JavaThread "Unconstrained build operations Thread 139"        [_thread_blocked, id=31880, stack(0x000000d2b4d00000,0x000000d2b4e00000) (1024K)]
  0x0000021ec173ca60 JavaThread "Unconstrained build operations Thread 140"        [_thread_blocked, id=33660, stack(0x000000d2b4e00000,0x000000d2b4f00000) (1024K)]
  0x0000021ec173b020 JavaThread "Unconstrained build operations Thread 141"        [_thread_blocked, id=33000, stack(0x000000d2b4f00000,0x000000d2b5000000) (1024K)]
  0x0000021ec173eb30 JavaThread "Unconstrained build operations Thread 142"        [_thread_blocked, id=17632, stack(0x000000d2b5000000,0x000000d2b5100000) (1024K)]
  0x0000021ec173c3d0 JavaThread "Unconstrained build operations Thread 143"        [_thread_blocked, id=33168, stack(0x000000d2b5100000,0x000000d2b5200000) (1024K)]
  0x0000021ec173de10 JavaThread "Unconstrained build operations Thread 144"        [_thread_blocked, id=31468, stack(0x000000d2b5200000,0x000000d2b5300000) (1024K)]
  0x0000021ec173f1c0 JavaThread "Unconstrained build operations Thread 145"        [_thread_blocked, id=35496, stack(0x000000d2b5300000,0x000000d2b5400000) (1024K)]
  0x0000021ec173d780 JavaThread "Unconstrained build operations Thread 146"        [_thread_blocked, id=30932, stack(0x000000d2b5400000,0x000000d2b5500000) (1024K)]
  0x0000021ec1740c00 JavaThread "Unconstrained build operations Thread 147"        [_thread_blocked, id=27472, stack(0x000000d2b5500000,0x000000d2b5600000) (1024K)]
  0x0000021ec1740570 JavaThread "Unconstrained build operations Thread 148"        [_thread_blocked, id=29236, stack(0x000000d2b5600000,0x000000d2b5700000) (1024K)]
  0x0000021ec173e4a0 JavaThread "Unconstrained build operations Thread 149"        [_thread_blocked, id=30240, stack(0x000000d2b5700000,0x000000d2b5800000) (1024K)]
  0x0000021ec1741920 JavaThread "Unconstrained build operations Thread 150"        [_thread_blocked, id=11956, stack(0x000000d2b5800000,0x000000d2b5900000) (1024K)]
  0x0000021ec1741290 JavaThread "Unconstrained build operations Thread 151"        [_thread_blocked, id=27012, stack(0x000000d2b5900000,0x000000d2b5a00000) (1024K)]
  0x0000021ec1741fb0 JavaThread "Unconstrained build operations Thread 152"        [_thread_blocked, id=4540, stack(0x000000d2b5a00000,0x000000d2b5b00000) (1024K)]
  0x0000021ec1742640 JavaThread "Unconstrained build operations Thread 153"        [_thread_blocked, id=30112, stack(0x000000d2b5b00000,0x000000d2b5c00000) (1024K)]
  0x0000021ec173fee0 JavaThread "Unconstrained build operations Thread 154"        [_thread_blocked, id=32668, stack(0x000000d2b5c00000,0x000000d2b5d00000) (1024K)]
  0x0000021ec1742cd0 JavaThread "Unconstrained build operations Thread 155"        [_thread_blocked, id=34452, stack(0x000000d2b5d00000,0x000000d2b5e00000) (1024K)]
  0x0000021ec173f850 JavaThread "Unconstrained build operations Thread 156"        [_thread_blocked, id=27460, stack(0x000000d2b5e00000,0x000000d2b5f00000) (1024K)]
  0x0000021ec1743360 JavaThread "Unconstrained build operations Thread 157"        [_thread_blocked, id=25072, stack(0x000000d2b5f00000,0x000000d2b6000000) (1024K)]
  0x0000021ec17439f0 JavaThread "Unconstrained build operations Thread 158"        [_thread_blocked, id=36472, stack(0x000000d2b6000000,0x000000d2b6100000) (1024K)]
  0x0000021ec1744080 JavaThread "Unconstrained build operations Thread 159"        [_thread_blocked, id=26028, stack(0x000000d2b6100000,0x000000d2b6200000) (1024K)]
  0x0000021ec0118ae0 JavaThread "Unconstrained build operations Thread 160"        [_thread_blocked, id=35796, stack(0x000000d2b6200000,0x000000d2b6300000) (1024K)]
  0x0000021eb6764300 JavaThread "WorkerExecutor Queue Thread 2"        [_thread_blocked, id=32956, stack(0x000000d2b6300000,0x000000d2b6400000) (1024K)]
  0x0000021eb67635e0 JavaThread "WorkerExecutor Queue Thread 3"        [_thread_blocked, id=26772, stack(0x000000d2b6400000,0x000000d2b6500000) (1024K)]
  0x0000021eb67670f0 JavaThread "WorkerExecutor Queue Thread 4"        [_thread_blocked, id=32548, stack(0x000000d2b6500000,0x000000d2b6600000) (1024K)]
  0x0000021eb6765020 JavaThread "RMI Scheduler(0)"           daemon [_thread_blocked, id=2196, stack(0x000000d2b6600000,0x000000d2b6700000) (1024K)]
  0x0000021eb67656b0 JavaThread "RMI RenewClean-[127.0.0.1:17884,org.jetbrains.kotlin.daemon.common.LoopbackNetworkInterface$ClientLoopbackSocketFactory@4103d8e5]" daemon [_thread_blocked, id=36036, stack(0x000000d2b6700000,0x000000d2b6800000) (1024K)]
  0x0000021eb6765d40 JavaThread "RMI GC Daemon"              daemon [_thread_blocked, id=34632, stack(0x000000d2b6800000,0x000000d2b6900000) (1024K)]
  0x0000021eb676b920 JavaThread "RMI TCP Accept-0"           daemon [_thread_in_native, id=25596, stack(0x000000d2b6900000,0x000000d2b6a00000) (1024K)]
  0x0000021eb6768b30 JavaThread "RMI Reaper"                        [_thread_blocked, id=35824, stack(0x000000d2b6a00000,0x000000d2b6b00000) (1024K)]
  0x0000021eb676eda0 JavaThread "ForkJoinPool-1-worker-1"    daemon [_thread_blocked, id=32116, stack(0x000000d2b6b00000,0x000000d2b6c00000) (1024K)]
  0x0000021eb676e710 JavaThread "ForkJoinPool-1-worker-2"    daemon [_thread_blocked, id=35524, stack(0x000000d2b6e00000,0x000000d2b6f00000) (1024K)]
  0x0000021eb676d9f0 JavaThread "ForkJoinPool-1-worker-3"    daemon [_thread_blocked, id=33276, stack(0x000000d2b6f00000,0x000000d2b7000000) (1024K)]
  0x0000021eb676e080 JavaThread "ForkJoinPool-1-worker-4"    daemon [_thread_in_Java, id=1680, stack(0x000000d2b7000000,0x000000d2b7100000) (1024K)]
  0x0000021eb676f430 JavaThread "ForkJoinPool-1-worker-5"    daemon [_thread_in_Java, id=33208, stack(0x000000d2b7100000,0x000000d2b7200000) (1024K)]
  0x0000021eb676d360 JavaThread "ForkJoinPool-1-worker-6"    daemon [_thread_blocked, id=32452, stack(0x000000d2b7200000,0x000000d2b7300000) (1024K)]
  0x0000021eb676fac0 JavaThread "ForkJoinPool-1-worker-7"    daemon [_thread_in_native, id=34364, stack(0x000000d2b7300000,0x000000d2b7400000) (1024K)]
  0x0000021eb676c640 JavaThread "ForkJoinPool-1-worker-8"    daemon [_thread_in_vm, id=17160, stack(0x000000d2b7400000,0x000000d2b7500000) (1024K)]
  0x0000021eb676ccd0 JavaThread "ForkJoinPool-1-worker-9"    daemon [_thread_in_Java, id=35264, stack(0x000000d2b7500000,0x000000d2b7600000) (1024K)]
  0x0000021eb6771500 JavaThread "ForkJoinPool-1-worker-10"   daemon [_thread_blocked, id=8340, stack(0x000000d2b7600000,0x000000d2b7700000) (1024K)]
  0x0000021eb6772220 JavaThread "ForkJoinPool-1-worker-11"   daemon [_thread_in_Java, id=33916, stack(0x000000d2b7700000,0x000000d2b7800000) (1024K)]
  0x0000021eb67728b0 JavaThread "ForkJoinPool-1-worker-12"   daemon [_thread_blocked, id=35544, stack(0x000000d2b7800000,0x000000d2b7900000) (1024K)]
  0x0000021eb6770150 JavaThread "ForkJoinPool-1-worker-13"   daemon [_thread_in_vm, id=33284, stack(0x000000d2b7900000,0x000000d2b7a00000) (1024K)]
  0x0000021eb67707e0 JavaThread "ForkJoinPool-1-worker-14"   daemon [_thread_in_Java, id=25920, stack(0x000000d2b7a00000,0x000000d2b7b00000) (1024K)]
  0x0000021eb6771b90 JavaThread "ForkJoinPool-1-worker-15"   daemon [_thread_in_Java, id=31200, stack(0x000000d2b7b00000,0x000000d2b7c00000) (1024K)]
  0x0000021eb6770e70 JavaThread "ForkJoinPool-1-worker-16"   daemon [_thread_in_vm, id=31460, stack(0x000000d2b7c00000,0x000000d2b7d00000) (1024K)]
  0x0000021ec0122860 JavaThread "RMI TCP Connection(1)-127.0.0.1" daemon [_thread_in_native, id=28444, stack(0x000000d2b7d00000,0x000000d2b7e00000) (1024K)]
  0x0000021eb6769850 JavaThread "WorkerExecutor Queue Thread 5"        [_thread_blocked, id=28960, stack(0x000000d2b7e00000,0x000000d2b7f00000) (1024K)]
  0x0000021eb67691c0 JavaThread "WorkerExecutor Queue Thread 6"        [_thread_blocked, id=29356, stack(0x000000d2b7f00000,0x000000d2b8000000) (1024K)]
  0x0000021ec14b97d0 JavaThread "WorkerExecutor Queue Thread 7"        [_thread_blocked, id=20904, stack(0x000000d2b8000000,0x000000d2b8100000) (1024K)]
  0x0000021ec14b8ab0 JavaThread "WorkerExecutor Queue Thread 8"        [_thread_blocked, id=26940, stack(0x000000d2b8100000,0x000000d2b8200000) (1024K)]
  0x0000021ec3482730 JavaThread "WorkerExecutor Queue Thread 9"        [_thread_blocked, id=8056, stack(0x000000d2b8200000,0x000000d2b8300000) (1024K)]
  0x0000021ec3482dc0 JavaThread "WorkerExecutor Queue Thread 10"        [_thread_blocked, id=31920, stack(0x000000d2b8300000,0x000000d2b8400000) (1024K)]
  0x0000021ec17e4d90 JavaThread "WorkerExecutor Queue Thread 11"        [_thread_blocked, id=16596, stack(0x000000d2b8400000,0x000000d2b8500000) (1024K)]
  0x0000021ec17e5ab0 JavaThread "WorkerExecutor Queue Thread 12"        [_thread_blocked, id=25728, stack(0x000000d2b8500000,0x000000d2b8600000) (1024K)]
  0x0000021ec22756d0 JavaThread "WorkerExecutor Queue Thread 13"        [_thread_blocked, id=21540, stack(0x000000d2b8600000,0x000000d2b8700000) (1024K)]
  0x0000021ec14b9e60 JavaThread "WorkerExecutor Queue Thread 14"        [_thread_blocked, id=30896, stack(0x000000d2b8700000,0x000000d2b8800000) (1024K)]
  0x0000021ec371cf10 JavaThread "WorkerExecutor Queue Thread 15"        [_thread_blocked, id=35708, stack(0x000000d2b8800000,0x000000d2b8900000) (1024K)]
  0x0000021ec371e2c0 JavaThread "WorkerExecutor Queue Thread 16"        [_thread_blocked, id=33188, stack(0x000000d2b8900000,0x000000d2b8a00000) (1024K)]
Total: 263

Other Threads:
  0x0000021eb06fba70 VMThread "VM Thread"                           [id=29712, stack(0x000000d2a7600000,0x000000d2a7700000) (1024K)]
  0x0000021eaf9bda20 WatcherThread "VM Periodic Task Thread"        [id=3016, stack(0x000000d2a7500000,0x000000d2a7600000) (1024K)]
  0x0000021e9846da80 WorkerThread "GC Thread#0"                     [id=15280, stack(0x000000d2a7000000,0x000000d2a7100000) (1024K)]
  0x0000021eb531a460 WorkerThread "GC Thread#1"                     [id=23676, stack(0x000000d2a8400000,0x000000d2a8500000) (1024K)]
  0x0000021eb52b6f70 WorkerThread "GC Thread#2"                     [id=35536, stack(0x000000d2a8500000,0x000000d2a8600000) (1024K)]
  0x0000021eb5c28cf0 WorkerThread "GC Thread#3"                     [id=16488, stack(0x000000d2a8700000,0x000000d2a8800000) (1024K)]
  0x0000021eb5d8c160 WorkerThread "GC Thread#4"                     [id=30708, stack(0x000000d2a8800000,0x000000d2a8900000) (1024K)]
  0x0000021eb6449910 WorkerThread "GC Thread#5"                     [id=31260, stack(0x000000d2a8900000,0x000000d2a8a00000) (1024K)]
  0x0000021eb7a526b0 WorkerThread "GC Thread#6"                     [id=31120, stack(0x000000d2a9000000,0x000000d2a9100000) (1024K)]
  0x0000021eb7a52a60 WorkerThread "GC Thread#7"                     [id=32020, stack(0x000000d2a9100000,0x000000d2a9200000) (1024K)]
  0x0000021eb5f6b520 WorkerThread "GC Thread#8"                     [id=7732, stack(0x000000d2a9200000,0x000000d2a9300000) (1024K)]
  0x0000021eb5f6bc80 WorkerThread "GC Thread#9"                     [id=3140, stack(0x000000d2a9300000,0x000000d2a9400000) (1024K)]
  0x0000021eb5f6b8d0 WorkerThread "GC Thread#10"                    [id=24116, stack(0x000000d2a9400000,0x000000d2a9500000) (1024K)]
  0x0000021eb5f6b170 WorkerThread "GC Thread#11"                    [id=32184, stack(0x000000d2a9500000,0x000000d2a9600000) (1024K)]
  0x0000021eb5f6c030 WorkerThread "GC Thread#12"                    [id=34088, stack(0x000000d2a9600000,0x000000d2a9700000) (1024K)]
  0x0000021e9847eae0 ConcurrentGCThread "G1 Main Marker"            [id=436, stack(0x000000d2a7100000,0x000000d2a7200000) (1024K)]
  0x0000021e98481900 WorkerThread "G1 Conc#0"                       [id=31728, stack(0x000000d2a7200000,0x000000d2a7300000) (1024K)]
  0x0000021eb5f6c3e0 WorkerThread "G1 Conc#1"                       [id=19840, stack(0x000000d2a9700000,0x000000d2a9800000) (1024K)]
  0x0000021eb5f6cb40 WorkerThread "G1 Conc#2"                       [id=35148, stack(0x000000d2a9800000,0x000000d2a9900000) (1024K)]
  0x0000021eaf891030 ConcurrentGCThread "G1 Refine#0"               [id=3192, stack(0x000000d2a7300000,0x000000d2a7400000) (1024K)]
  0x0000021eaf893480 ConcurrentGCThread "G1 Service"                [id=35260, stack(0x000000d2a7400000,0x000000d2a7500000) (1024K)]
Total: 21

Threads with active compile tasks:
C2 CompilerThread0  71823 21501       4       com.android.tools.r8.graph.d6::a (126 bytes)
C1 CompilerThread0  71823 21773 %     3       com.android.tools.r8.dex.i::a @ 23 (113 bytes)
C2 CompilerThread1  71823 21457       4       com.android.aapt.Resources$Entry::writeTo (229 bytes)
C2 CompilerThread2  71824 21500       4       com.android.tools.r8.graph.d6$$Lambda/0x00000001013e2878::accept (20 bytes)
Total: 4

VM state: at safepoint (normal execution)

VM Mutex/Monitor currently owned by a thread:  ([mutex/lock_event])
[0x00007ffce5c986d0] Threads_lock - owner thread: 0x0000021eb06fba70
[0x00007ffce5c987d0] Heap_lock - owner thread: 0x0000021e9847eae0

Heap address: 0x0000000080000000, size: 2048 MB, Compressed Oops mode: 32-bit

CDS archive(s) not mapped
Compressed class space mapped at: 0x0000000100000000-0x0000000140000000, reserved size: 1073741824
Narrow klass base: 0x0000000000000000, Narrow klass shift: 3, Narrow klass range: 0x140000000

GC Precious Log:
 CardTable entry size: 512
 Card Set container configuration: InlinePtr #cards 5 size 8 Array Of Cards #cards 12 size 40 Howl #buckets 4 coarsen threshold 1843 Howl Bitmap #cards 512 size 80 coarsen threshold 460 Card regions per heap region 1 cards per card region 2048
 CPUs: 16 total, 16 available
 Memory: 7501M
 Large Page Support: Disabled
 NUMA Support: Disabled
 Compressed Oops: Enabled (32-bit)
 Heap Region Size: 1M
 Heap Min Capacity: 8M
 Heap Initial Capacity: 118M
 Heap Max Capacity: 2G
 Pre-touch: Disabled
 Parallel Workers: 13
 Concurrent Workers: 3
 Concurrent Refinement Workers: 13
 Periodic GC: Disabled

Heap:
 garbage-first heap   total 527360K, used 392533K [0x0000000080000000, 0x0000000100000000)
  region size 1024K, 102 young (104448K), 16 survivors (16384K)
 Metaspace       used 142133K, committed 144576K, reserved 1179648K
  class space    used 19854K, committed 21056K, reserved 1048576K

Heap Regions: E=young(eden), S=young(survivor), O=old, HS=humongous(starts), HC=humongous(continues), CS=collection set, F=free, TAMS=top-at-mark-start, PB=parsable bottom
|   0|0x0000000080000000, 0x0000000080100000, 0x0000000080100000|100%|HS|  |TAMS 0x0000000080100000| PB 0x0000000080000000| Complete 
|   1|0x0000000080100000, 0x0000000080200000, 0x0000000080200000|100%|HC|  |TAMS 0x0000000080200000| PB 0x0000000080100000| Complete 
|   2|0x0000000080200000, 0x0000000080300000, 0x0000000080300000|100%|HC|  |TAMS 0x0000000080300000| PB 0x0000000080200000| Complete 
|   3|0x0000000080300000, 0x0000000080400000, 0x0000000080400000|100%|HC|  |TAMS 0x0000000080400000| PB 0x0000000080300000| Complete 
|   4|0x0000000080400000, 0x0000000080500000, 0x0000000080500000|100%| O|  |TAMS 0x0000000080500000| PB 0x0000000080400000| Untracked 
|   5|0x0000000080500000, 0x0000000080600000, 0x0000000080600000|100%| O|  |TAMS 0x0000000080600000| PB 0x0000000080500000| Untracked 
|   6|0x0000000080600000, 0x0000000080700000, 0x0000000080700000|100%| O|  |TAMS 0x0000000080700000| PB 0x0000000080600000| Untracked 
|   7|0x0000000080700000, 0x0000000080800000, 0x0000000080800000|100%|HS|  |TAMS 0x0000000080800000| PB 0x0000000080700000| Complete 
|   8|0x0000000080800000, 0x0000000080900000, 0x0000000080900000|100%| O|  |TAMS 0x0000000080900000| PB 0x0000000080800000| Untracked 
|   9|0x0000000080900000, 0x0000000080a00000, 0x0000000080a00000|100%| O|  |TAMS 0x0000000080a00000| PB 0x0000000080900000| Untracked 
|  10|0x0000000080a00000, 0x0000000080b00000, 0x0000000080b00000|100%| O|  |TAMS 0x0000000080b00000| PB 0x0000000080a00000| Untracked 
|  11|0x0000000080b00000, 0x0000000080c00000, 0x0000000080c00000|100%| O|  |TAMS 0x0000000080b00000| PB 0x0000000080b00000| Untracked 
|  12|0x0000000080c00000, 0x0000000080d00000, 0x0000000080d00000|100%| O|  |TAMS 0x0000000080c00000| PB 0x0000000080c00000| Untracked 
|  13|0x0000000080d00000, 0x0000000080e00000, 0x0000000080e00000|100%| O|  |TAMS 0x0000000080d00000| PB 0x0000000080d00000| Untracked 
|  14|0x0000000080e00000, 0x0000000080f00000, 0x0000000080f00000|100%| O|  |TAMS 0x0000000080e00000| PB 0x0000000080e00000| Untracked 
|  15|0x0000000080f00000, 0x0000000081000000, 0x0000000081000000|100%| O|  |TAMS 0x0000000080f00000| PB 0x0000000080f00000| Untracked 
|  16|0x0000000081000000, 0x0000000081100000, 0x0000000081100000|100%| O|  |TAMS 0x0000000081000000| PB 0x0000000081000000| Untracked 
|  17|0x0000000081100000, 0x0000000081200000, 0x0000000081200000|100%| O|  |TAMS 0x0000000081100000| PB 0x0000000081100000| Untracked 
|  18|0x0000000081200000, 0x0000000081300000, 0x0000000081300000|100%| O|  |TAMS 0x0000000081200000| PB 0x0000000081200000| Untracked 
|  19|0x0000000081300000, 0x0000000081400000, 0x0000000081400000|100%| O|  |TAMS 0x0000000081300000| PB 0x0000000081300000| Untracked 
|  20|0x0000000081400000, 0x0000000081500000, 0x0000000081500000|100%| O|  |TAMS 0x0000000081400000| PB 0x0000000081400000| Untracked 
|  21|0x0000000081500000, 0x0000000081600000, 0x0000000081600000|100%| O|  |TAMS 0x0000000081500000| PB 0x0000000081500000| Untracked 
|  22|0x0000000081600000, 0x0000000081700000, 0x0000000081700000|100%| O|  |TAMS 0x0000000081600000| PB 0x0000000081600000| Untracked 
|  23|0x0000000081700000, 0x0000000081800000, 0x0000000081800000|100%| O|  |TAMS 0x0000000081700000| PB 0x0000000081700000| Untracked 
|  24|0x0000000081800000, 0x0000000081900000, 0x0000000081900000|100%| O|  |TAMS 0x0000000081800000| PB 0x0000000081800000| Untracked 
|  25|0x0000000081900000, 0x0000000081a00000, 0x0000000081a00000|100%| O|  |TAMS 0x0000000081900000| PB 0x0000000081900000| Untracked 
|  26|0x0000000081a00000, 0x0000000081b00000, 0x0000000081b00000|100%| O|  |TAMS 0x0000000081a00000| PB 0x0000000081a00000| Untracked 
|  27|0x0000000081b00000, 0x0000000081c00000, 0x0000000081c00000|100%| O|  |TAMS 0x0000000081b00000| PB 0x0000000081b00000| Untracked 
|  28|0x0000000081c00000, 0x0000000081d00000, 0x0000000081d00000|100%|HS|  |TAMS 0x0000000081c00000| PB 0x0000000081c00000| Complete 
|  29|0x0000000081d00000, 0x0000000081e00000, 0x0000000081e00000|100%|HC|  |TAMS 0x0000000081d00000| PB 0x0000000081d00000| Complete 
|  30|0x0000000081e00000, 0x0000000081f00000, 0x0000000081f00000|100%| O|  |TAMS 0x0000000081e00000| PB 0x0000000081e00000| Untracked 
|  31|0x0000000081f00000, 0x0000000082000000, 0x0000000082000000|100%| O|  |TAMS 0x0000000081f00000| PB 0x0000000081f00000| Untracked 
|  32|0x0000000082000000, 0x0000000082100000, 0x0000000082100000|100%| O|  |TAMS 0x0000000082000000| PB 0x0000000082000000| Untracked 
|  33|0x0000000082100000, 0x0000000082200000, 0x0000000082200000|100%| O|  |TAMS 0x0000000082100000| PB 0x0000000082100000| Untracked 
|  34|0x0000000082200000, 0x0000000082300000, 0x0000000082300000|100%| O|  |TAMS 0x0000000082200000| PB 0x0000000082200000| Untracked 
|  35|0x0000000082300000, 0x0000000082400000, 0x0000000082400000|100%| O|  |TAMS 0x0000000082300000| PB 0x0000000082300000| Untracked 
|  36|0x0000000082400000, 0x0000000082500000, 0x0000000082500000|100%| O|  |TAMS 0x0000000082400000| PB 0x0000000082400000| Untracked 
|  37|0x0000000082500000, 0x0000000082600000, 0x0000000082600000|100%| O|  |TAMS 0x0000000082500000| PB 0x0000000082500000| Untracked 
|  38|0x0000000082600000, 0x0000000082700000, 0x0000000082700000|100%| O|  |TAMS 0x0000000082600000| PB 0x0000000082600000| Untracked 
|  39|0x0000000082700000, 0x0000000082800000, 0x0000000082800000|100%|HS|  |TAMS 0x0000000082700000| PB 0x0000000082700000| Complete 
|  40|0x0000000082800000, 0x0000000082900000, 0x0000000082900000|100%| O|  |TAMS 0x0000000082800000| PB 0x0000000082800000| Untracked 
|  41|0x0000000082900000, 0x0000000082a00000, 0x0000000082a00000|100%| O|  |TAMS 0x0000000082900000| PB 0x0000000082900000| Untracked 
|  42|0x0000000082a00000, 0x0000000082b00000, 0x0000000082b00000|100%| O|  |TAMS 0x0000000082a00000| PB 0x0000000082a00000| Untracked 
|  43|0x0000000082b00000, 0x0000000082c00000, 0x0000000082c00000|100%| O|  |TAMS 0x0000000082b00000| PB 0x0000000082b00000| Untracked 
|  44|0x0000000082c00000, 0x0000000082d00000, 0x0000000082d00000|100%|HS|  |TAMS 0x0000000082c00000| PB 0x0000000082c00000| Complete 
|  45|0x0000000082d00000, 0x0000000082e00000, 0x0000000082e00000|100%|HS|  |TAMS 0x0000000082d00000| PB 0x0000000082d00000| Complete 
|  46|0x0000000082e00000, 0x0000000082f00000, 0x0000000082f00000|100%| O|  |TAMS 0x0000000082e00000| PB 0x0000000082e00000| Untracked 
|  47|0x0000000082f00000, 0x0000000083000000, 0x0000000083000000|100%| O|  |TAMS 0x0000000082f00000| PB 0x0000000082f00000| Untracked 
|  48|0x0000000083000000, 0x0000000083100000, 0x0000000083100000|100%|HS|  |TAMS 0x0000000083000000| PB 0x0000000083000000| Complete 
|  49|0x0000000083100000, 0x0000000083200000, 0x0000000083200000|100%|HC|  |TAMS 0x0000000083100000| PB 0x0000000083100000| Complete 
|  50|0x0000000083200000, 0x0000000083300000, 0x0000000083300000|100%|HS|  |TAMS 0x0000000083200000| PB 0x0000000083200000| Complete 
|  51|0x0000000083300000, 0x0000000083400000, 0x0000000083400000|100%| O|  |TAMS 0x0000000083300000| PB 0x0000000083300000| Untracked 
|  52|0x0000000083400000, 0x0000000083500000, 0x0000000083500000|100%|HS|  |TAMS 0x0000000083400000| PB 0x0000000083400000| Complete 
|  53|0x0000000083500000, 0x0000000083600000, 0x0000000083600000|100%|HS|  |TAMS 0x0000000083500000| PB 0x0000000083500000| Complete 
|  54|0x0000000083600000, 0x0000000083700000, 0x0000000083700000|100%|HS|  |TAMS 0x0000000083600000| PB 0x0000000083600000| Complete 
|  55|0x0000000083700000, 0x0000000083800000, 0x0000000083800000|100%|HC|  |TAMS 0x0000000083700000| PB 0x0000000083700000| Complete 
|  56|0x0000000083800000, 0x0000000083900000, 0x0000000083900000|100%| O|  |TAMS 0x0000000083800000| PB 0x0000000083800000| Untracked 
|  57|0x0000000083900000, 0x0000000083a00000, 0x0000000083a00000|100%| O|  |TAMS 0x0000000083900000| PB 0x0000000083900000| Untracked 
|  58|0x0000000083a00000, 0x0000000083b00000, 0x0000000083b00000|100%| O|  |TAMS 0x0000000083a00000| PB 0x0000000083a00000| Untracked 
|  59|0x0000000083b00000, 0x0000000083c00000, 0x0000000083c00000|100%| O|  |TAMS 0x0000000083b00000| PB 0x0000000083b00000| Untracked 
|  60|0x0000000083c00000, 0x0000000083d00000, 0x0000000083d00000|100%| O|  |TAMS 0x0000000083c00000| PB 0x0000000083c00000| Untracked 
|  61|0x0000000083d00000, 0x0000000083e00000, 0x0000000083e00000|100%| O|  |TAMS 0x0000000083d00000| PB 0x0000000083d00000| Untracked 
|  62|0x0000000083e00000, 0x0000000083f00000, 0x0000000083f00000|100%| O|  |TAMS 0x0000000083e00000| PB 0x0000000083e00000| Untracked 
|  63|0x0000000083f00000, 0x0000000084000000, 0x0000000084000000|100%| O|  |TAMS 0x0000000083f00000| PB 0x0000000083f00000| Untracked 
|  64|0x0000000084000000, 0x0000000084100000, 0x0000000084100000|100%| O|  |TAMS 0x0000000084000000| PB 0x0000000084000000| Untracked 
|  65|0x0000000084100000, 0x0000000084200000, 0x0000000084200000|100%| O|  |TAMS 0x0000000084100000| PB 0x0000000084100000| Untracked 
|  66|0x0000000084200000, 0x0000000084300000, 0x0000000084300000|100%| O|  |TAMS 0x0000000084200000| PB 0x0000000084200000| Untracked 
|  67|0x0000000084300000, 0x0000000084400000, 0x0000000084400000|100%| O|  |TAMS 0x0000000084300000| PB 0x0000000084300000| Untracked 
|  68|0x0000000084400000, 0x0000000084500000, 0x0000000084500000|100%| O|  |TAMS 0x0000000084400000| PB 0x0000000084400000| Untracked 
|  69|0x0000000084500000, 0x0000000084600000, 0x0000000084600000|100%| O|  |TAMS 0x0000000084500000| PB 0x0000000084500000| Untracked 
|  70|0x0000000084600000, 0x0000000084700000, 0x0000000084700000|100%| O|  |TAMS 0x0000000084600000| PB 0x0000000084600000| Untracked 
|  71|0x0000000084700000, 0x0000000084800000, 0x0000000084800000|100%| O|  |TAMS 0x0000000084700000| PB 0x0000000084700000| Untracked 
|  72|0x0000000084800000, 0x0000000084900000, 0x0000000084900000|100%| O|  |TAMS 0x0000000084800000| PB 0x0000000084800000| Untracked 
|  73|0x0000000084900000, 0x0000000084a00000, 0x0000000084a00000|100%| O|  |TAMS 0x0000000084900000| PB 0x0000000084900000| Untracked 
|  74|0x0000000084a00000, 0x0000000084b00000, 0x0000000084b00000|100%|HS|  |TAMS 0x0000000084a00000| PB 0x0000000084a00000| Complete 
|  75|0x0000000084b00000, 0x0000000084c00000, 0x0000000084c00000|100%| O|  |TAMS 0x0000000084b00000| PB 0x0000000084b00000| Untracked 
|  76|0x0000000084c00000, 0x0000000084d00000, 0x0000000084d00000|100%| O|  |TAMS 0x0000000084c00000| PB 0x0000000084c00000| Untracked 
|  77|0x0000000084d00000, 0x0000000084e00000, 0x0000000084e00000|100%| O|  |TAMS 0x0000000084d00000| PB 0x0000000084d00000| Untracked 
|  78|0x0000000084e00000, 0x0000000084f00000, 0x0000000084f00000|100%| O|  |TAMS 0x0000000084e00000| PB 0x0000000084e00000| Untracked 
|  79|0x0000000084f00000, 0x0000000085000000, 0x0000000085000000|100%| O|  |TAMS 0x0000000084f00000| PB 0x0000000084f00000| Untracked 
|  80|0x0000000085000000, 0x0000000085100000, 0x0000000085100000|100%| O|  |TAMS 0x0000000085000000| PB 0x0000000085000000| Untracked 
|  81|0x0000000085100000, 0x0000000085200000, 0x0000000085200000|100%| O|  |TAMS 0x0000000085100000| PB 0x0000000085100000| Untracked 
|  82|0x0000000085200000, 0x0000000085300000, 0x0000000085300000|100%| O|  |TAMS 0x0000000085200000| PB 0x0000000085200000| Untracked 
|  83|0x0000000085300000, 0x0000000085400000, 0x0000000085400000|100%| O|  |TAMS 0x0000000085300000| PB 0x0000000085300000| Untracked 
|  84|0x0000000085400000, 0x0000000085500000, 0x0000000085500000|100%| O|  |TAMS 0x0000000085400000| PB 0x0000000085400000| Untracked 
|  85|0x0000000085500000, 0x0000000085600000, 0x0000000085600000|100%|HS|  |TAMS 0x0000000085500000| PB 0x0000000085500000| Complete 
|  86|0x0000000085600000, 0x0000000085700000, 0x0000000085700000|100%|HC|  |TAMS 0x0000000085600000| PB 0x0000000085600000| Complete 
|  87|0x0000000085700000, 0x0000000085800000, 0x0000000085800000|100%|HS|  |TAMS 0x0000000085700000| PB 0x0000000085700000| Complete 
|  88|0x0000000085800000, 0x0000000085900000, 0x0000000085900000|100%|HS|  |TAMS 0x0000000085800000| PB 0x0000000085800000| Complete 
|  89|0x0000000085900000, 0x0000000085a00000, 0x0000000085a00000|100%| O|  |TAMS 0x0000000085900000| PB 0x0000000085900000| Untracked 
|  90|0x0000000085a00000, 0x0000000085b00000, 0x0000000085b00000|100%| O|  |TAMS 0x0000000085a00000| PB 0x0000000085a00000| Untracked 
|  91|0x0000000085b00000, 0x0000000085c00000, 0x0000000085c00000|100%| O|  |TAMS 0x0000000085b00000| PB 0x0000000085b00000| Untracked 
|  92|0x0000000085c00000, 0x0000000085d00000, 0x0000000085d00000|100%|HS|  |TAMS 0x0000000085c00000| PB 0x0000000085c00000| Complete 
|  93|0x0000000085d00000, 0x0000000085e00000, 0x0000000085e00000|100%|HC|  |TAMS 0x0000000085d00000| PB 0x0000000085d00000| Complete 
|  94|0x0000000085e00000, 0x0000000085f00000, 0x0000000085f00000|100%|HS|  |TAMS 0x0000000085e00000| PB 0x0000000085e00000| Complete 
|  95|0x0000000085f00000, 0x0000000086000000, 0x0000000086000000|100%| O|  |TAMS 0x0000000085f00000| PB 0x0000000085f00000| Untracked 
|  96|0x0000000086000000, 0x0000000086100000, 0x0000000086100000|100%| O|  |TAMS 0x0000000086000000| PB 0x0000000086000000| Untracked 
|  97|0x0000000086100000, 0x0000000086200000, 0x0000000086200000|100%| O|  |TAMS 0x0000000086100000| PB 0x0000000086100000| Untracked 
|  98|0x0000000086200000, 0x0000000086300000, 0x0000000086300000|100%| O|Cm|TAMS 0x0000000086200000| PB 0x0000000086200000| Complete 
|  99|0x0000000086300000, 0x0000000086400000, 0x0000000086400000|100%| O|  |TAMS 0x0000000086300000| PB 0x0000000086300000| Untracked 
| 100|0x0000000086400000, 0x0000000086500000, 0x0000000086500000|100%|HS|  |TAMS 0x0000000086400000| PB 0x0000000086400000| Complete 
| 101|0x0000000086500000, 0x0000000086600000, 0x0000000086600000|100%|HC|  |TAMS 0x0000000086500000| PB 0x0000000086500000| Complete 
| 102|0x0000000086600000, 0x0000000086700000, 0x0000000086700000|100%|HS|  |TAMS 0x0000000086600000| PB 0x0000000086600000| Complete 
| 103|0x0000000086700000, 0x0000000086800000, 0x0000000086800000|100%|HC|  |TAMS 0x0000000086700000| PB 0x0000000086700000| Complete 
| 104|0x0000000086800000, 0x0000000086900000, 0x0000000086900000|100%|HS|  |TAMS 0x0000000086800000| PB 0x0000000086800000| Complete 
| 105|0x0000000086900000, 0x0000000086a00000, 0x0000000086a00000|100%|HC|  |TAMS 0x0000000086900000| PB 0x0000000086900000| Complete 
| 106|0x0000000086a00000, 0x0000000086b00000, 0x0000000086b00000|100%|HC|  |TAMS 0x0000000086a00000| PB 0x0000000086a00000| Complete 
| 107|0x0000000086b00000, 0x0000000086c00000, 0x0000000086c00000|100%| O|  |TAMS 0x0000000086b00000| PB 0x0000000086b00000| Untracked 
| 108|0x0000000086c00000, 0x0000000086d00000, 0x0000000086d00000|100%| O|  |TAMS 0x0000000086c00000| PB 0x0000000086c00000| Untracked 
| 109|0x0000000086d00000, 0x0000000086e00000, 0x0000000086e00000|100%| O|  |TAMS 0x0000000086d00000| PB 0x0000000086d00000| Untracked 
| 110|0x0000000086e00000, 0x0000000086f00000, 0x0000000086f00000|100%| O|  |TAMS 0x0000000086e00000| PB 0x0000000086e00000| Untracked 
| 111|0x0000000086f00000, 0x0000000087000000, 0x0000000087000000|100%| O|Cm|TAMS 0x0000000086f00000| PB 0x0000000086f00000| Complete 
| 112|0x0000000087000000, 0x0000000087100000, 0x0000000087100000|100%|HS|  |TAMS 0x0000000087000000| PB 0x0000000087000000| Complete 
| 113|0x0000000087100000, 0x0000000087200000, 0x0000000087200000|100%| O|  |TAMS 0x0000000087100000| PB 0x0000000087100000| Untracked 
| 114|0x0000000087200000, 0x0000000087300000, 0x0000000087300000|100%| O|  |TAMS 0x0000000087200000| PB 0x0000000087200000| Untracked 
| 115|0x0000000087300000, 0x0000000087400000, 0x0000000087400000|100%| O|  |TAMS 0x0000000087300000| PB 0x0000000087300000| Untracked 
| 116|0x0000000087400000, 0x0000000087500000, 0x0000000087500000|100%| O|  |TAMS 0x0000000087400000| PB 0x0000000087400000| Untracked 
| 117|0x0000000087500000, 0x0000000087600000, 0x0000000087600000|100%| O|  |TAMS 0x0000000087500000| PB 0x0000000087500000| Untracked 
| 118|0x0000000087600000, 0x0000000087700000, 0x0000000087700000|100%| O|  |TAMS 0x0000000087600000| PB 0x0000000087600000| Untracked 
| 119|0x0000000087700000, 0x0000000087800000, 0x0000000087800000|100%| O|  |TAMS 0x0000000087700000| PB 0x0000000087700000| Untracked 
| 120|0x0000000087800000, 0x0000000087900000, 0x0000000087900000|100%|HS|  |TAMS 0x0000000087800000| PB 0x0000000087800000| Complete 
| 121|0x0000000087900000, 0x0000000087a00000, 0x0000000087a00000|100%| O|Cm|TAMS 0x0000000087900000| PB 0x0000000087900000| Complete 
| 122|0x0000000087a00000, 0x0000000087b00000, 0x0000000087b00000|100%| O|  |TAMS 0x0000000087a00000| PB 0x0000000087a00000| Untracked 
| 123|0x0000000087b00000, 0x0000000087c00000, 0x0000000087c00000|100%| O|  |TAMS 0x0000000087b00000| PB 0x0000000087b00000| Untracked 
| 124|0x0000000087c00000, 0x0000000087d00000, 0x0000000087d00000|100%| O|  |TAMS 0x0000000087c00000| PB 0x0000000087c00000| Untracked 
| 125|0x0000000087d00000, 0x0000000087e00000, 0x0000000087e00000|100%| O|  |TAMS 0x0000000087d00000| PB 0x0000000087d00000| Untracked 
| 126|0x0000000087e00000, 0x0000000087f00000, 0x0000000087f00000|100%| O|  |TAMS 0x0000000087e00000| PB 0x0000000087e00000| Untracked 
| 127|0x0000000087f00000, 0x0000000088000000, 0x0000000088000000|100%| O|  |TAMS 0x0000000087f00000| PB 0x0000000087f00000| Untracked 
| 128|0x0000000088000000, 0x0000000088100000, 0x0000000088100000|100%|HS|  |TAMS 0x0000000088000000| PB 0x0000000088000000| Complete 
| 129|0x0000000088100000, 0x0000000088200000, 0x0000000088200000|100%| O|Cm|TAMS 0x0000000088100000| PB 0x0000000088100000| Complete 
| 130|0x0000000088200000, 0x0000000088300000, 0x0000000088300000|100%| O|  |TAMS 0x0000000088200000| PB 0x0000000088200000| Untracked 
| 131|0x0000000088300000, 0x0000000088400000, 0x0000000088400000|100%| O|Cm|TAMS 0x0000000088300000| PB 0x0000000088300000| Complete 
| 132|0x0000000088400000, 0x0000000088500000, 0x0000000088500000|100%| O|Cm|TAMS 0x0000000088400000| PB 0x0000000088400000| Complete 
| 133|0x0000000088500000, 0x0000000088600000, 0x0000000088600000|100%| O|Cm|TAMS 0x0000000088500000| PB 0x0000000088500000| Complete 
| 134|0x0000000088600000, 0x0000000088700000, 0x0000000088700000|100%|HS|  |TAMS 0x0000000088600000| PB 0x0000000088600000| Complete 
| 135|0x0000000088700000, 0x0000000088800000, 0x0000000088800000|100%|HS|  |TAMS 0x0000000088700000| PB 0x0000000088700000| Complete 
| 136|0x0000000088800000, 0x0000000088900000, 0x0000000088900000|100%|HS|  |TAMS 0x0000000088800000| PB 0x0000000088800000| Complete 
| 137|0x0000000088900000, 0x0000000088a00000, 0x0000000088a00000|100%|HS|  |TAMS 0x0000000088900000| PB 0x0000000088900000| Complete 
| 138|0x0000000088a00000, 0x0000000088b00000, 0x0000000088b00000|100%| O|Cm|TAMS 0x0000000088a00000| PB 0x0000000088a00000| Complete 
| 139|0x0000000088b00000, 0x0000000088c00000, 0x0000000088c00000|100%| O|Cm|TAMS 0x0000000088b00000| PB 0x0000000088b00000| Complete 
| 140|0x0000000088c00000, 0x0000000088d00000, 0x0000000088d00000|100%| O|Cm|TAMS 0x0000000088c00000| PB 0x0000000088c00000| Complete 
| 141|0x0000000088d00000, 0x0000000088e00000, 0x0000000088e00000|100%| O|Cm|TAMS 0x0000000088d00000| PB 0x0000000088d00000| Complete 
| 142|0x0000000088e00000, 0x0000000088f00000, 0x0000000088f00000|100%| O|Cm|TAMS 0x0000000088e00000| PB 0x0000000088e00000| Complete 
| 143|0x0000000088f00000, 0x0000000089000000, 0x0000000089000000|100%| O|  |TAMS 0x0000000088f00000| PB 0x0000000088f00000| Untracked 
| 144|0x0000000089000000, 0x0000000089100000, 0x0000000089100000|100%| O|  |TAMS 0x0000000089000000| PB 0x0000000089000000| Untracked 
| 145|0x0000000089100000, 0x0000000089200000, 0x0000000089200000|100%| O|Cm|TAMS 0x0000000089100000| PB 0x0000000089100000| Complete 
| 146|0x0000000089200000, 0x0000000089300000, 0x0000000089300000|100%| O|Cm|TAMS 0x0000000089200000| PB 0x0000000089200000| Complete 
| 147|0x0000000089300000, 0x0000000089400000, 0x0000000089400000|100%| O|  |TAMS 0x0000000089300000| PB 0x0000000089300000| Untracked 
| 148|0x0000000089400000, 0x0000000089500000, 0x0000000089500000|100%| O|  |TAMS 0x0000000089400000| PB 0x0000000089400000| Untracked 
| 149|0x0000000089500000, 0x0000000089600000, 0x0000000089600000|100%| O|  |TAMS 0x0000000089500000| PB 0x0000000089500000| Untracked 
| 150|0x0000000089600000, 0x0000000089600000, 0x0000000089700000|  0%| F|  |TAMS 0x0000000089600000| PB 0x0000000089600000| Untracked 
| 151|0x0000000089700000, 0x0000000089700000, 0x0000000089800000|  0%| F|  |TAMS 0x0000000089700000| PB 0x0000000089700000| Untracked 
| 152|0x0000000089800000, 0x0000000089900000, 0x0000000089900000|100%|HS|  |TAMS 0x0000000089800000| PB 0x0000000089800000| Complete 
| 153|0x0000000089900000, 0x0000000089a00000, 0x0000000089a00000|100%| O|  |TAMS 0x0000000089900000| PB 0x0000000089900000| Untracked 
| 154|0x0000000089a00000, 0x0000000089b00000, 0x0000000089b00000|100%| O|  |TAMS 0x0000000089a00000| PB 0x0000000089a00000| Untracked 
| 155|0x0000000089b00000, 0x0000000089c00000, 0x0000000089c00000|100%| O|  |TAMS 0x0000000089b00000| PB 0x0000000089b00000| Untracked 
| 156|0x0000000089c00000, 0x0000000089d00000, 0x0000000089d00000|100%| O|  |TAMS 0x0000000089c00000| PB 0x0000000089c00000| Untracked 
| 157|0x0000000089d00000, 0x0000000089e00000, 0x0000000089e00000|100%| O|  |TAMS 0x0000000089d00000| PB 0x0000000089d00000| Untracked 
| 158|0x0000000089e00000, 0x0000000089f00000, 0x0000000089f00000|100%| O|  |TAMS 0x0000000089e00000| PB 0x0000000089e00000| Untracked 
| 159|0x0000000089f00000, 0x000000008a000000, 0x000000008a000000|100%| O|  |TAMS 0x0000000089f00000| PB 0x0000000089f00000| Untracked 
| 160|0x000000008a000000, 0x000000008a100000, 0x000000008a100000|100%| O|  |TAMS 0x000000008a000000| PB 0x000000008a000000| Untracked 
| 161|0x000000008a100000, 0x000000008a200000, 0x000000008a200000|100%| O|  |TAMS 0x000000008a100000| PB 0x000000008a100000| Untracked 
| 162|0x000000008a200000, 0x000000008a300000, 0x000000008a300000|100%| O|  |TAMS 0x000000008a200000| PB 0x000000008a200000| Untracked 
| 163|0x000000008a300000, 0x000000008a400000, 0x000000008a400000|100%| O|  |TAMS 0x000000008a300000| PB 0x000000008a300000| Untracked 
| 164|0x000000008a400000, 0x000000008a500000, 0x000000008a500000|100%| O|  |TAMS 0x000000008a400000| PB 0x000000008a400000| Untracked 
| 165|0x000000008a500000, 0x000000008a600000, 0x000000008a600000|100%| O|  |TAMS 0x000000008a500000| PB 0x000000008a500000| Untracked 
| 166|0x000000008a600000, 0x000000008a700000, 0x000000008a700000|100%| O|  |TAMS 0x000000008a600000| PB 0x000000008a600000| Untracked 
| 167|0x000000008a700000, 0x000000008a800000, 0x000000008a800000|100%| O|  |TAMS 0x000000008a700000| PB 0x000000008a700000| Untracked 
| 168|0x000000008a800000, 0x000000008a900000, 0x000000008a900000|100%| O|  |TAMS 0x000000008a800000| PB 0x000000008a800000| Untracked 
| 169|0x000000008a900000, 0x000000008aa00000, 0x000000008aa00000|100%| O|  |TAMS 0x000000008a900000| PB 0x000000008a900000| Untracked 
| 170|0x000000008aa00000, 0x000000008ab00000, 0x000000008ab00000|100%| O|  |TAMS 0x000000008aa00000| PB 0x000000008aa00000| Untracked 
| 171|0x000000008ab00000, 0x000000008ac00000, 0x000000008ac00000|100%| O|  |TAMS 0x000000008ab00000| PB 0x000000008ab00000| Untracked 
| 172|0x000000008ac00000, 0x000000008ad00000, 0x000000008ad00000|100%| O|  |TAMS 0x000000008ac00000| PB 0x000000008ac00000| Untracked 
| 173|0x000000008ad00000, 0x000000008ae00000, 0x000000008ae00000|100%| O|  |TAMS 0x000000008ad00000| PB 0x000000008ad00000| Untracked 
| 174|0x000000008ae00000, 0x000000008af00000, 0x000000008af00000|100%| O|  |TAMS 0x000000008ae00000| PB 0x000000008ae00000| Untracked 
| 175|0x000000008af00000, 0x000000008b000000, 0x000000008b000000|100%| O|  |TAMS 0x000000008af00000| PB 0x000000008af00000| Untracked 
| 176|0x000000008b000000, 0x000000008b100000, 0x000000008b100000|100%| O|  |TAMS 0x000000008b000000| PB 0x000000008b000000| Untracked 
| 177|0x000000008b100000, 0x000000008b200000, 0x000000008b200000|100%| O|  |TAMS 0x000000008b100000| PB 0x000000008b100000| Untracked 
| 178|0x000000008b200000, 0x000000008b300000, 0x000000008b300000|100%| O|  |TAMS 0x000000008b200000| PB 0x000000008b200000| Untracked 
| 179|0x000000008b300000, 0x000000008b400000, 0x000000008b400000|100%| O|  |TAMS 0x000000008b300000| PB 0x000000008b300000| Untracked 
| 180|0x000000008b400000, 0x000000008b500000, 0x000000008b500000|100%| O|  |TAMS 0x000000008b400000| PB 0x000000008b400000| Untracked 
| 181|0x000000008b500000, 0x000000008b600000, 0x000000008b600000|100%| O|  |TAMS 0x000000008b500000| PB 0x000000008b500000| Untracked 
| 182|0x000000008b600000, 0x000000008b700000, 0x000000008b700000|100%| O|  |TAMS 0x000000008b600000| PB 0x000000008b600000| Untracked 
| 183|0x000000008b700000, 0x000000008b800000, 0x000000008b800000|100%| O|  |TAMS 0x000000008b700000| PB 0x000000008b700000| Untracked 
| 184|0x000000008b800000, 0x000000008b900000, 0x000000008b900000|100%| O|  |TAMS 0x000000008b800000| PB 0x000000008b800000| Untracked 
| 185|0x000000008b900000, 0x000000008ba00000, 0x000000008ba00000|100%| O|  |TAMS 0x000000008b900000| PB 0x000000008b900000| Untracked 
| 186|0x000000008ba00000, 0x000000008bb00000, 0x000000008bb00000|100%| O|  |TAMS 0x000000008ba00000| PB 0x000000008ba00000| Untracked 
| 187|0x000000008bb00000, 0x000000008bc00000, 0x000000008bc00000|100%| O|Cm|TAMS 0x000000008bb00000| PB 0x000000008bb00000| Complete 
| 188|0x000000008bc00000, 0x000000008bd00000, 0x000000008bd00000|100%| O|  |TAMS 0x000000008bc00000| PB 0x000000008bc00000| Untracked 
| 189|0x000000008bd00000, 0x000000008be00000, 0x000000008be00000|100%| O|  |TAMS 0x000000008bd00000| PB 0x000000008bd00000| Untracked 
| 190|0x000000008be00000, 0x000000008bf00000, 0x000000008bf00000|100%| O|  |TAMS 0x000000008be00000| PB 0x000000008be00000| Untracked 
| 191|0x000000008bf00000, 0x000000008c000000, 0x000000008c000000|100%| O|Cm|TAMS 0x000000008bf00000| PB 0x000000008bf00000| Complete 
| 192|0x000000008c000000, 0x000000008c100000, 0x000000008c100000|100%| O|Cm|TAMS 0x000000008c000000| PB 0x000000008c000000| Complete 
| 193|0x000000008c100000, 0x000000008c200000, 0x000000008c200000|100%| O|  |TAMS 0x000000008c100000| PB 0x000000008c100000| Untracked 
| 194|0x000000008c200000, 0x000000008c300000, 0x000000008c300000|100%| O|Cm|TAMS 0x000000008c200000| PB 0x000000008c200000| Complete 
| 195|0x000000008c300000, 0x000000008c400000, 0x000000008c400000|100%| O|Cm|TAMS 0x000000008c300000| PB 0x000000008c300000| Complete 
| 196|0x000000008c400000, 0x000000008c500000, 0x000000008c500000|100%| O|Cm|TAMS 0x000000008c400000| PB 0x000000008c400000| Complete 
| 197|0x000000008c500000, 0x000000008c600000, 0x000000008c600000|100%| O|Cm|TAMS 0x000000008c500000| PB 0x000000008c500000| Complete 
| 198|0x000000008c600000, 0x000000008c700000, 0x000000008c700000|100%| O|  |TAMS 0x000000008c600000| PB 0x000000008c600000| Untracked 
| 199|0x000000008c700000, 0x000000008c800000, 0x000000008c800000|100%| O|  |TAMS 0x000000008c700000| PB 0x000000008c700000| Untracked 
| 200|0x000000008c800000, 0x000000008c900000, 0x000000008c900000|100%| O|  |TAMS 0x000000008c800000| PB 0x000000008c800000| Untracked 
| 201|0x000000008c900000, 0x000000008ca00000, 0x000000008ca00000|100%| O|  |TAMS 0x000000008c900000| PB 0x000000008c900000| Untracked 
| 202|0x000000008ca00000, 0x000000008cb00000, 0x000000008cb00000|100%| O|Cm|TAMS 0x000000008ca00000| PB 0x000000008ca00000| Complete 
| 203|0x000000008cb00000, 0x000000008cc00000, 0x000000008cc00000|100%| O|  |TAMS 0x000000008cb00000| PB 0x000000008cb00000| Untracked 
| 204|0x000000008cc00000, 0x000000008cd00000, 0x000000008cd00000|100%| O|Cm|TAMS 0x000000008cc00000| PB 0x000000008cc00000| Complete 
| 205|0x000000008cd00000, 0x000000008ce00000, 0x000000008ce00000|100%| O|Cm|TAMS 0x000000008cd00000| PB 0x000000008cd00000| Complete 
| 206|0x000000008ce00000, 0x000000008cf00000, 0x000000008cf00000|100%| O|Cm|TAMS 0x000000008ce00000| PB 0x000000008ce00000| Complete 
| 207|0x000000008cf00000, 0x000000008cf00000, 0x000000008d000000|  0%| F|  |TAMS 0x000000008cf00000| PB 0x000000008cf00000| Untracked 
| 208|0x000000008d000000, 0x000000008d100000, 0x000000008d100000|100%| O|Cm|TAMS 0x000000008d000000| PB 0x000000008d000000| Complete 
| 209|0x000000008d100000, 0x000000008d200000, 0x000000008d200000|100%| O|Cm|TAMS 0x000000008d100000| PB 0x000000008d100000| Complete 
| 210|0x000000008d200000, 0x000000008d300000, 0x000000008d300000|100%| O|  |TAMS 0x000000008d200000| PB 0x000000008d200000| Untracked 
| 211|0x000000008d300000, 0x000000008d400000, 0x000000008d400000|100%| O|  |TAMS 0x000000008d300000| PB 0x000000008d300000| Untracked 
| 212|0x000000008d400000, 0x000000008d500000, 0x000000008d500000|100%| O|  |TAMS 0x000000008d400000| PB 0x000000008d400000| Untracked 
| 213|0x000000008d500000, 0x000000008d600000, 0x000000008d600000|100%| O|Cm|TAMS 0x000000008d500000| PB 0x000000008d500000| Complete 
| 214|0x000000008d600000, 0x000000008d666600, 0x000000008d700000| 39%| O|  |TAMS 0x000000008d600000| PB 0x000000008d600000| Untracked 
| 215|0x000000008d700000, 0x000000008d800000, 0x000000008d800000|100%|HS|  |TAMS 0x000000008d700000| PB 0x000000008d700000| Complete 
| 216|0x000000008d800000, 0x000000008d800000, 0x000000008d900000|  0%| F|  |TAMS 0x000000008d800000| PB 0x000000008d800000| Untracked 
| 217|0x000000008d900000, 0x000000008da00000, 0x000000008da00000|100%|HS|  |TAMS 0x000000008d900000| PB 0x000000008d900000| Complete 
| 218|0x000000008da00000, 0x000000008db00000, 0x000000008db00000|100%| O|Cm|TAMS 0x000000008da00000| PB 0x000000008da00000| Complete 
| 219|0x000000008db00000, 0x000000008dc00000, 0x000000008dc00000|100%| O|  |TAMS 0x000000008db00000| PB 0x000000008db00000| Untracked 
| 220|0x000000008dc00000, 0x000000008dd00000, 0x000000008dd00000|100%| O|  |TAMS 0x000000008dc00000| PB 0x000000008dc00000| Untracked 
| 221|0x000000008dd00000, 0x000000008de00000, 0x000000008de00000|100%| O|  |TAMS 0x000000008dd00000| PB 0x000000008dd00000| Untracked 
| 222|0x000000008de00000, 0x000000008df00000, 0x000000008df00000|100%| O|  |TAMS 0x000000008de00000| PB 0x000000008de00000| Untracked 
| 223|0x000000008df00000, 0x000000008e000000, 0x000000008e000000|100%| O|Cm|TAMS 0x000000008df00000| PB 0x000000008df00000| Complete 
| 224|0x000000008e000000, 0x000000008e100000, 0x000000008e100000|100%| O|Cm|TAMS 0x000000008e000000| PB 0x000000008e000000| Complete 
| 225|0x000000008e100000, 0x000000008e200000, 0x000000008e200000|100%| O|  |TAMS 0x000000008e100000| PB 0x000000008e100000| Untracked 
| 226|0x000000008e200000, 0x000000008e200000, 0x000000008e300000|  0%| F|  |TAMS 0x000000008e200000| PB 0x000000008e200000| Untracked 
| 227|0x000000008e300000, 0x000000008e300000, 0x000000008e400000|  0%| F|  |TAMS 0x000000008e300000| PB 0x000000008e300000| Untracked 
| 228|0x000000008e400000, 0x000000008e500000, 0x000000008e500000|100%| O|  |TAMS 0x000000008e400000| PB 0x000000008e400000| Untracked 
| 229|0x000000008e500000, 0x000000008e600000, 0x000000008e600000|100%| O|Cm|TAMS 0x000000008e500000| PB 0x000000008e500000| Complete 
| 230|0x000000008e600000, 0x000000008e700000, 0x000000008e700000|100%| O|  |TAMS 0x000000008e600000| PB 0x000000008e600000| Untracked 
| 231|0x000000008e700000, 0x000000008e800000, 0x000000008e800000|100%| O|Cm|TAMS 0x000000008e700000| PB 0x000000008e700000| Complete 
| 232|0x000000008e800000, 0x000000008e900000, 0x000000008e900000|100%| O|  |TAMS 0x000000008e800000| PB 0x000000008e800000| Untracked 
| 233|0x000000008e900000, 0x000000008ea00000, 0x000000008ea00000|100%| O|  |TAMS 0x000000008e900000| PB 0x000000008e900000| Untracked 
| 234|0x000000008ea00000, 0x000000008eb00000, 0x000000008eb00000|100%| O|  |TAMS 0x000000008ea00000| PB 0x000000008ea00000| Untracked 
| 235|0x000000008eb00000, 0x000000008ec00000, 0x000000008ec00000|100%| O|  |TAMS 0x000000008eb00000| PB 0x000000008eb00000| Untracked 
| 236|0x000000008ec00000, 0x000000008ed00000, 0x000000008ed00000|100%| O|  |TAMS 0x000000008ec00000| PB 0x000000008ec00000| Untracked 
| 237|0x000000008ed00000, 0x000000008ee00000, 0x000000008ee00000|100%| O|Cm|TAMS 0x000000008ed00000| PB 0x000000008ed00000| Complete 
| 238|0x000000008ee00000, 0x000000008ef00000, 0x000000008ef00000|100%| O|  |TAMS 0x000000008ee00000| PB 0x000000008ee00000| Untracked 
| 239|0x000000008ef00000, 0x000000008f000000, 0x000000008f000000|100%| O|Cm|TAMS 0x000000008ef00000| PB 0x000000008ef00000| Complete 
| 240|0x000000008f000000, 0x000000008f100000, 0x000000008f100000|100%| O|  |TAMS 0x000000008f000000| PB 0x000000008f000000| Untracked 
| 241|0x000000008f100000, 0x000000008f100000, 0x000000008f200000|  0%| F|  |TAMS 0x000000008f100000| PB 0x000000008f100000| Untracked 
| 242|0x000000008f200000, 0x000000008f300000, 0x000000008f300000|100%| O|  |TAMS 0x000000008f200000| PB 0x000000008f200000| Untracked 
| 243|0x000000008f300000, 0x000000008f400000, 0x000000008f400000|100%| O|Cm|TAMS 0x000000008f300000| PB 0x000000008f300000| Complete 
| 244|0x000000008f400000, 0x000000008f400000, 0x000000008f500000|  0%| F|  |TAMS 0x000000008f400000| PB 0x000000008f400000| Untracked 
| 245|0x000000008f500000, 0x000000008f600000, 0x000000008f600000|100%| O|Cm|TAMS 0x000000008f500000| PB 0x000000008f500000| Complete 
| 246|0x000000008f600000, 0x000000008f600000, 0x000000008f700000|  0%| F|  |TAMS 0x000000008f600000| PB 0x000000008f600000| Untracked 
| 247|0x000000008f700000, 0x000000008f700000, 0x000000008f800000|  0%| F|  |TAMS 0x000000008f700000| PB 0x000000008f700000| Untracked 
| 248|0x000000008f800000, 0x000000008f800000, 0x000000008f900000|  0%| F|  |TAMS 0x000000008f800000| PB 0x000000008f800000| Untracked 
| 249|0x000000008f900000, 0x000000008f900000, 0x000000008fa00000|  0%| F|  |TAMS 0x000000008f900000| PB 0x000000008f900000| Untracked 
| 250|0x000000008fa00000, 0x000000008fa00000, 0x000000008fb00000|  0%| F|  |TAMS 0x000000008fa00000| PB 0x000000008fa00000| Untracked 
| 251|0x000000008fb00000, 0x000000008fb00000, 0x000000008fc00000|  0%| F|  |TAMS 0x000000008fb00000| PB 0x000000008fb00000| Untracked 
| 252|0x000000008fc00000, 0x000000008fc00000, 0x000000008fd00000|  0%| F|  |TAMS 0x000000008fc00000| PB 0x000000008fc00000| Untracked 
| 253|0x000000008fd00000, 0x000000008fd00000, 0x000000008fe00000|  0%| F|  |TAMS 0x000000008fd00000| PB 0x000000008fd00000| Untracked 
| 254|0x000000008fe00000, 0x000000008fe00000, 0x000000008ff00000|  0%| F|  |TAMS 0x000000008fe00000| PB 0x000000008fe00000| Untracked 
| 255|0x000000008ff00000, 0x000000008ff00000, 0x0000000090000000|  0%| F|  |TAMS 0x000000008ff00000| PB 0x000000008ff00000| Untracked 
| 256|0x0000000090000000, 0x0000000090000000, 0x0000000090100000|  0%| F|  |TAMS 0x0000000090000000| PB 0x0000000090000000| Untracked 
| 257|0x0000000090100000, 0x0000000090100000, 0x0000000090200000|  0%| F|  |TAMS 0x0000000090100000| PB 0x0000000090100000| Untracked 
| 258|0x0000000090200000, 0x0000000090200000, 0x0000000090300000|  0%| F|  |TAMS 0x0000000090200000| PB 0x0000000090200000| Untracked 
| 259|0x0000000090300000, 0x0000000090300000, 0x0000000090400000|  0%| F|  |TAMS 0x0000000090300000| PB 0x0000000090300000| Untracked 
| 260|0x0000000090400000, 0x0000000090400000, 0x0000000090500000|  0%| F|  |TAMS 0x0000000090400000| PB 0x0000000090400000| Untracked 
| 261|0x0000000090500000, 0x0000000090500000, 0x0000000090600000|  0%| F|  |TAMS 0x0000000090500000| PB 0x0000000090500000| Untracked 
| 262|0x0000000090600000, 0x0000000090600000, 0x0000000090700000|  0%| F|  |TAMS 0x0000000090600000| PB 0x0000000090600000| Untracked 
| 263|0x0000000090700000, 0x0000000090700000, 0x0000000090800000|  0%| F|  |TAMS 0x0000000090700000| PB 0x0000000090700000| Untracked 
| 264|0x0000000090800000, 0x0000000090800000, 0x0000000090900000|  0%| F|  |TAMS 0x0000000090800000| PB 0x0000000090800000| Untracked 
| 265|0x0000000090900000, 0x0000000090900000, 0x0000000090a00000|  0%| F|  |TAMS 0x0000000090900000| PB 0x0000000090900000| Untracked 
| 266|0x0000000090a00000, 0x0000000090a00000, 0x0000000090b00000|  0%| F|  |TAMS 0x0000000090a00000| PB 0x0000000090a00000| Untracked 
| 267|0x0000000090b00000, 0x0000000090b00000, 0x0000000090c00000|  0%| F|  |TAMS 0x0000000090b00000| PB 0x0000000090b00000| Untracked 
| 268|0x0000000090c00000, 0x0000000090c00000, 0x0000000090d00000|  0%| F|  |TAMS 0x0000000090c00000| PB 0x0000000090c00000| Untracked 
| 269|0x0000000090d00000, 0x0000000090d00000, 0x0000000090e00000|  0%| F|  |TAMS 0x0000000090d00000| PB 0x0000000090d00000| Untracked 
| 270|0x0000000090e00000, 0x0000000090e00000, 0x0000000090f00000|  0%| F|  |TAMS 0x0000000090e00000| PB 0x0000000090e00000| Untracked 
| 271|0x0000000090f00000, 0x0000000090f00000, 0x0000000091000000|  0%| F|  |TAMS 0x0000000090f00000| PB 0x0000000090f00000| Untracked 
| 272|0x0000000091000000, 0x0000000091000000, 0x0000000091100000|  0%| F|  |TAMS 0x0000000091000000| PB 0x0000000091000000| Untracked 
| 273|0x0000000091100000, 0x0000000091100000, 0x0000000091200000|  0%| F|  |TAMS 0x0000000091100000| PB 0x0000000091100000| Untracked 
| 274|0x0000000091200000, 0x0000000091200000, 0x0000000091300000|  0%| F|  |TAMS 0x0000000091200000| PB 0x0000000091200000| Untracked 
| 275|0x0000000091300000, 0x0000000091300000, 0x0000000091400000|  0%| F|  |TAMS 0x0000000091300000| PB 0x0000000091300000| Untracked 
| 276|0x0000000091400000, 0x0000000091400000, 0x0000000091500000|  0%| F|  |TAMS 0x0000000091400000| PB 0x0000000091400000| Untracked 
| 277|0x0000000091500000, 0x0000000091500000, 0x0000000091600000|  0%| F|  |TAMS 0x0000000091500000| PB 0x0000000091500000| Untracked 
| 278|0x0000000091600000, 0x0000000091600000, 0x0000000091700000|  0%| F|  |TAMS 0x0000000091600000| PB 0x0000000091600000| Untracked 
| 279|0x0000000091700000, 0x0000000091700000, 0x0000000091800000|  0%| F|  |TAMS 0x0000000091700000| PB 0x0000000091700000| Untracked 
| 280|0x0000000091800000, 0x0000000091800000, 0x0000000091900000|  0%| F|  |TAMS 0x0000000091800000| PB 0x0000000091800000| Untracked 
| 281|0x0000000091900000, 0x0000000091900000, 0x0000000091a00000|  0%| F|  |TAMS 0x0000000091900000| PB 0x0000000091900000| Untracked 
| 282|0x0000000091a00000, 0x0000000091a00000, 0x0000000091b00000|  0%| F|  |TAMS 0x0000000091a00000| PB 0x0000000091a00000| Untracked 
| 283|0x0000000091b00000, 0x0000000091b00000, 0x0000000091c00000|  0%| F|  |TAMS 0x0000000091b00000| PB 0x0000000091b00000| Untracked 
| 284|0x0000000091c00000, 0x0000000091c00000, 0x0000000091d00000|  0%| F|  |TAMS 0x0000000091c00000| PB 0x0000000091c00000| Untracked 
| 285|0x0000000091d00000, 0x0000000091d00000, 0x0000000091e00000|  0%| F|  |TAMS 0x0000000091d00000| PB 0x0000000091d00000| Untracked 
| 286|0x0000000091e00000, 0x0000000091e00000, 0x0000000091f00000|  0%| F|  |TAMS 0x0000000091e00000| PB 0x0000000091e00000| Untracked 
| 287|0x0000000091f00000, 0x0000000091f00000, 0x0000000092000000|  0%| F|  |TAMS 0x0000000091f00000| PB 0x0000000091f00000| Untracked 
| 288|0x0000000092000000, 0x00000000920eefc0, 0x0000000092100000| 93%| S|CS|TAMS 0x0000000092000000| PB 0x0000000092000000| Complete 
| 289|0x0000000092100000, 0x0000000092200000, 0x0000000092200000|100%| S|CS|TAMS 0x0000000092100000| PB 0x0000000092100000| Complete 
| 290|0x0000000092200000, 0x0000000092300000, 0x0000000092300000|100%| S|CS|TAMS 0x0000000092200000| PB 0x0000000092200000| Complete 
| 291|0x0000000092300000, 0x0000000092400000, 0x0000000092400000|100%| S|CS|TAMS 0x0000000092300000| PB 0x0000000092300000| Complete 
| 292|0x0000000092400000, 0x0000000092500000, 0x0000000092500000|100%| S|CS|TAMS 0x0000000092400000| PB 0x0000000092400000| Complete 
| 293|0x0000000092500000, 0x0000000092600000, 0x0000000092600000|100%| S|CS|TAMS 0x0000000092500000| PB 0x0000000092500000| Complete 
| 294|0x0000000092600000, 0x0000000092600000, 0x0000000092700000|  0%| F|  |TAMS 0x0000000092600000| PB 0x0000000092600000| Untracked 
| 295|0x0000000092700000, 0x0000000092700000, 0x0000000092800000|  0%| F|  |TAMS 0x0000000092700000| PB 0x0000000092700000| Untracked 
| 296|0x0000000092800000, 0x0000000092800000, 0x0000000092900000|  0%| F|  |TAMS 0x0000000092800000| PB 0x0000000092800000| Untracked 
| 297|0x0000000092900000, 0x0000000092900000, 0x0000000092a00000|  0%| F|  |TAMS 0x0000000092900000| PB 0x0000000092900000| Untracked 
| 298|0x0000000092a00000, 0x0000000092a00000, 0x0000000092b00000|  0%| F|  |TAMS 0x0000000092a00000| PB 0x0000000092a00000| Untracked 
| 299|0x0000000092b00000, 0x0000000092b00000, 0x0000000092c00000|  0%| F|  |TAMS 0x0000000092b00000| PB 0x0000000092b00000| Untracked 
| 300|0x0000000092c00000, 0x0000000092c00000, 0x0000000092d00000|  0%| F|  |TAMS 0x0000000092c00000| PB 0x0000000092c00000| Untracked 
| 301|0x0000000092d00000, 0x0000000092d00000, 0x0000000092e00000|  0%| F|  |TAMS 0x0000000092d00000| PB 0x0000000092d00000| Untracked 
| 302|0x0000000092e00000, 0x0000000092e00000, 0x0000000092f00000|  0%| F|  |TAMS 0x0000000092e00000| PB 0x0000000092e00000| Untracked 
| 303|0x0000000092f00000, 0x0000000093000000, 0x0000000093000000|100%| S|CS|TAMS 0x0000000092f00000| PB 0x0000000092f00000| Complete 
| 304|0x0000000093000000, 0x0000000093100000, 0x0000000093100000|100%| S|CS|TAMS 0x0000000093000000| PB 0x0000000093000000| Complete 
| 305|0x0000000093100000, 0x0000000093200000, 0x0000000093200000|100%| S|CS|TAMS 0x0000000093100000| PB 0x0000000093100000| Complete 
| 306|0x0000000093200000, 0x0000000093300000, 0x0000000093300000|100%| S|CS|TAMS 0x0000000093200000| PB 0x0000000093200000| Complete 
| 307|0x0000000093300000, 0x0000000093400000, 0x0000000093400000|100%| S|CS|TAMS 0x0000000093300000| PB 0x0000000093300000| Complete 
| 308|0x0000000093400000, 0x0000000093500000, 0x0000000093500000|100%| S|CS|TAMS 0x0000000093400000| PB 0x0000000093400000| Complete 
| 309|0x0000000093500000, 0x0000000093600000, 0x0000000093600000|100%| S|CS|TAMS 0x0000000093500000| PB 0x0000000093500000| Complete 
| 310|0x0000000093600000, 0x0000000093700000, 0x0000000093700000|100%| S|CS|TAMS 0x0000000093600000| PB 0x0000000093600000| Complete 
| 311|0x0000000093700000, 0x0000000093800000, 0x0000000093800000|100%| S|CS|TAMS 0x0000000093700000| PB 0x0000000093700000| Complete 
| 312|0x0000000093800000, 0x0000000093900000, 0x0000000093900000|100%| S|CS|TAMS 0x0000000093800000| PB 0x0000000093800000| Complete 
| 313|0x0000000093900000, 0x0000000093900000, 0x0000000093a00000|  0%| F|  |TAMS 0x0000000093900000| PB 0x0000000093900000| Untracked 
| 314|0x0000000093a00000, 0x0000000093a00000, 0x0000000093b00000|  0%| F|  |TAMS 0x0000000093a00000| PB 0x0000000093a00000| Untracked 
| 315|0x0000000093b00000, 0x0000000093b00000, 0x0000000093c00000|  0%| F|  |TAMS 0x0000000093b00000| PB 0x0000000093b00000| Untracked 
| 316|0x0000000093c00000, 0x0000000093c00000, 0x0000000093d00000|  0%| F|  |TAMS 0x0000000093c00000| PB 0x0000000093c00000| Untracked 
| 317|0x0000000093d00000, 0x0000000093d00000, 0x0000000093e00000|  0%| F|  |TAMS 0x0000000093d00000| PB 0x0000000093d00000| Untracked 
| 318|0x0000000093e00000, 0x0000000093e00000, 0x0000000093f00000|  0%| F|  |TAMS 0x0000000093e00000| PB 0x0000000093e00000| Untracked 
| 319|0x0000000093f00000, 0x0000000093f00000, 0x0000000094000000|  0%| F|  |TAMS 0x0000000093f00000| PB 0x0000000093f00000| Untracked 
| 320|0x0000000094000000, 0x0000000094000000, 0x0000000094100000|  0%| F|  |TAMS 0x0000000094000000| PB 0x0000000094000000| Untracked 
| 321|0x0000000094100000, 0x0000000094100000, 0x0000000094200000|  0%| F|  |TAMS 0x0000000094100000| PB 0x0000000094100000| Untracked 
| 322|0x0000000094200000, 0x0000000094200000, 0x0000000094300000|  0%| F|  |TAMS 0x0000000094200000| PB 0x0000000094200000| Untracked 
| 323|0x0000000094300000, 0x0000000094300000, 0x0000000094400000|  0%| F|  |TAMS 0x0000000094300000| PB 0x0000000094300000| Untracked 
| 324|0x0000000094400000, 0x0000000094400000, 0x0000000094500000|  0%| F|  |TAMS 0x0000000094400000| PB 0x0000000094400000| Untracked 
| 325|0x0000000094500000, 0x0000000094500000, 0x0000000094600000|  0%| F|  |TAMS 0x0000000094500000| PB 0x0000000094500000| Untracked 
| 326|0x0000000094600000, 0x0000000094600000, 0x0000000094700000|  0%| F|  |TAMS 0x0000000094600000| PB 0x0000000094600000| Untracked 
| 327|0x0000000094700000, 0x0000000094700000, 0x0000000094800000|  0%| F|  |TAMS 0x0000000094700000| PB 0x0000000094700000| Untracked 
| 328|0x0000000094800000, 0x0000000094800000, 0x0000000094900000|  0%| F|  |TAMS 0x0000000094800000| PB 0x0000000094800000| Untracked 
| 329|0x0000000094900000, 0x0000000094900000, 0x0000000094a00000|  0%| F|  |TAMS 0x0000000094900000| PB 0x0000000094900000| Untracked 
| 330|0x0000000094a00000, 0x0000000094a00000, 0x0000000094b00000|  0%| F|  |TAMS 0x0000000094a00000| PB 0x0000000094a00000| Untracked 
| 331|0x0000000094b00000, 0x0000000094b00000, 0x0000000094c00000|  0%| F|  |TAMS 0x0000000094b00000| PB 0x0000000094b00000| Untracked 
| 332|0x0000000094c00000, 0x0000000094c00000, 0x0000000094d00000|  0%| F|  |TAMS 0x0000000094c00000| PB 0x0000000094c00000| Untracked 
| 333|0x0000000094d00000, 0x0000000094d00000, 0x0000000094e00000|  0%| F|  |TAMS 0x0000000094d00000| PB 0x0000000094d00000| Untracked 
| 334|0x0000000094e00000, 0x0000000094e00000, 0x0000000094f00000|  0%| F|  |TAMS 0x0000000094e00000| PB 0x0000000094e00000| Untracked 
| 335|0x0000000094f00000, 0x0000000094f00000, 0x0000000095000000|  0%| F|  |TAMS 0x0000000094f00000| PB 0x0000000094f00000| Untracked 
| 336|0x0000000095000000, 0x0000000095000000, 0x0000000095100000|  0%| F|  |TAMS 0x0000000095000000| PB 0x0000000095000000| Untracked 
| 337|0x0000000095100000, 0x0000000095100000, 0x0000000095200000|  0%| F|  |TAMS 0x0000000095100000| PB 0x0000000095100000| Untracked 
| 338|0x0000000095200000, 0x0000000095200000, 0x0000000095300000|  0%| F|  |TAMS 0x0000000095200000| PB 0x0000000095200000| Untracked 
| 339|0x0000000095300000, 0x0000000095300000, 0x0000000095400000|  0%| F|  |TAMS 0x0000000095300000| PB 0x0000000095300000| Untracked 
| 340|0x0000000095400000, 0x0000000095400000, 0x0000000095500000|  0%| F|  |TAMS 0x0000000095400000| PB 0x0000000095400000| Untracked 
| 341|0x0000000095500000, 0x0000000095500000, 0x0000000095600000|  0%| F|  |TAMS 0x0000000095500000| PB 0x0000000095500000| Untracked 
| 342|0x0000000095600000, 0x0000000095600000, 0x0000000095700000|  0%| F|  |TAMS 0x0000000095600000| PB 0x0000000095600000| Untracked 
| 343|0x0000000095700000, 0x0000000095700000, 0x0000000095800000|  0%| F|  |TAMS 0x0000000095700000| PB 0x0000000095700000| Untracked 
| 344|0x0000000095800000, 0x0000000095800000, 0x0000000095900000|  0%| F|  |TAMS 0x0000000095800000| PB 0x0000000095800000| Untracked 
| 345|0x0000000095900000, 0x0000000095900000, 0x0000000095a00000|  0%| F|  |TAMS 0x0000000095900000| PB 0x0000000095900000| Untracked 
| 346|0x0000000095a00000, 0x0000000095a00000, 0x0000000095b00000|  0%| F|  |TAMS 0x0000000095a00000| PB 0x0000000095a00000| Untracked 
| 347|0x0000000095b00000, 0x0000000095b00000, 0x0000000095c00000|  0%| F|  |TAMS 0x0000000095b00000| PB 0x0000000095b00000| Untracked 
| 348|0x0000000095c00000, 0x0000000095c00000, 0x0000000095d00000|  0%| F|  |TAMS 0x0000000095c00000| PB 0x0000000095c00000| Untracked 
| 349|0x0000000095d00000, 0x0000000095d00000, 0x0000000095e00000|  0%| F|  |TAMS 0x0000000095d00000| PB 0x0000000095d00000| Untracked 
| 350|0x0000000095e00000, 0x0000000095e00000, 0x0000000095f00000|  0%| F|  |TAMS 0x0000000095e00000| PB 0x0000000095e00000| Untracked 
| 351|0x0000000095f00000, 0x0000000095f00000, 0x0000000096000000|  0%| F|  |TAMS 0x0000000095f00000| PB 0x0000000095f00000| Untracked 
| 352|0x0000000096000000, 0x0000000096000000, 0x0000000096100000|  0%| F|  |TAMS 0x0000000096000000| PB 0x0000000096000000| Untracked 
| 353|0x0000000096100000, 0x0000000096100000, 0x0000000096200000|  0%| F|  |TAMS 0x0000000096100000| PB 0x0000000096100000| Untracked 
| 354|0x0000000096200000, 0x0000000096200000, 0x0000000096300000|  0%| F|  |TAMS 0x0000000096200000| PB 0x0000000096200000| Untracked 
| 355|0x0000000096300000, 0x0000000096300000, 0x0000000096400000|  0%| F|  |TAMS 0x0000000096300000| PB 0x0000000096300000| Untracked 
| 356|0x0000000096400000, 0x0000000096400000, 0x0000000096500000|  0%| F|  |TAMS 0x0000000096400000| PB 0x0000000096400000| Untracked 
| 357|0x0000000096500000, 0x0000000096500000, 0x0000000096600000|  0%| F|  |TAMS 0x0000000096500000| PB 0x0000000096500000| Untracked 
| 358|0x0000000096600000, 0x0000000096600000, 0x0000000096700000|  0%| F|  |TAMS 0x0000000096600000| PB 0x0000000096600000| Untracked 
| 359|0x0000000096700000, 0x0000000096700000, 0x0000000096800000|  0%| F|  |TAMS 0x0000000096700000| PB 0x0000000096700000| Untracked 
| 360|0x0000000096800000, 0x0000000096800000, 0x0000000096900000|  0%| F|  |TAMS 0x0000000096800000| PB 0x0000000096800000| Untracked 
| 361|0x0000000096900000, 0x0000000096900000, 0x0000000096a00000|  0%| F|  |TAMS 0x0000000096900000| PB 0x0000000096900000| Untracked 
| 362|0x0000000096a00000, 0x0000000096a00000, 0x0000000096b00000|  0%| F|  |TAMS 0x0000000096a00000| PB 0x0000000096a00000| Untracked 
| 363|0x0000000096b00000, 0x0000000096b00000, 0x0000000096c00000|  0%| F|  |TAMS 0x0000000096b00000| PB 0x0000000096b00000| Untracked 
| 364|0x0000000096c00000, 0x0000000096c00000, 0x0000000096d00000|  0%| F|  |TAMS 0x0000000096c00000| PB 0x0000000096c00000| Untracked 
| 365|0x0000000096d00000, 0x0000000096d00000, 0x0000000096e00000|  0%| F|  |TAMS 0x0000000096d00000| PB 0x0000000096d00000| Untracked 
| 366|0x0000000096e00000, 0x0000000096e00000, 0x0000000096f00000|  0%| F|  |TAMS 0x0000000096e00000| PB 0x0000000096e00000| Untracked 
| 367|0x0000000096f00000, 0x0000000096f00000, 0x0000000097000000|  0%| F|  |TAMS 0x0000000096f00000| PB 0x0000000096f00000| Untracked 
| 368|0x0000000097000000, 0x0000000097000000, 0x0000000097100000|  0%| F|  |TAMS 0x0000000097000000| PB 0x0000000097000000| Untracked 
| 369|0x0000000097100000, 0x0000000097100000, 0x0000000097200000|  0%| F|  |TAMS 0x0000000097100000| PB 0x0000000097100000| Untracked 
| 370|0x0000000097200000, 0x0000000097200000, 0x0000000097300000|  0%| F|  |TAMS 0x0000000097200000| PB 0x0000000097200000| Untracked 
| 371|0x0000000097300000, 0x0000000097300000, 0x0000000097400000|  0%| F|  |TAMS 0x0000000097300000| PB 0x0000000097300000| Untracked 
| 372|0x0000000097400000, 0x0000000097400000, 0x0000000097500000|  0%| F|  |TAMS 0x0000000097400000| PB 0x0000000097400000| Untracked 
| 373|0x0000000097500000, 0x0000000097500000, 0x0000000097600000|  0%| F|  |TAMS 0x0000000097500000| PB 0x0000000097500000| Untracked 
| 374|0x0000000097600000, 0x0000000097600000, 0x0000000097700000|  0%| F|  |TAMS 0x0000000097600000| PB 0x0000000097600000| Untracked 
| 375|0x0000000097700000, 0x0000000097700000, 0x0000000097800000|  0%| F|  |TAMS 0x0000000097700000| PB 0x0000000097700000| Untracked 
| 376|0x0000000097800000, 0x0000000097800000, 0x0000000097900000|  0%| F|  |TAMS 0x0000000097800000| PB 0x0000000097800000| Untracked 
| 377|0x0000000097900000, 0x0000000097900000, 0x0000000097a00000|  0%| F|  |TAMS 0x0000000097900000| PB 0x0000000097900000| Untracked 
| 378|0x0000000097a00000, 0x0000000097a00000, 0x0000000097b00000|  0%| F|  |TAMS 0x0000000097a00000| PB 0x0000000097a00000| Untracked 
| 379|0x0000000097b00000, 0x0000000097b35068, 0x0000000097c00000| 20%| E|  |TAMS 0x0000000097b00000| PB 0x0000000097b00000| Complete 
| 380|0x0000000097c00000, 0x0000000097d00000, 0x0000000097d00000|100%| E|CS|TAMS 0x0000000097c00000| PB 0x0000000097c00000| Complete 
| 381|0x0000000097d00000, 0x0000000097e00000, 0x0000000097e00000|100%| E|CS|TAMS 0x0000000097d00000| PB 0x0000000097d00000| Complete 
| 382|0x0000000097e00000, 0x0000000097f00000, 0x0000000097f00000|100%| E|CS|TAMS 0x0000000097e00000| PB 0x0000000097e00000| Complete 
| 383|0x0000000097f00000, 0x0000000098000000, 0x0000000098000000|100%| E|CS|TAMS 0x0000000097f00000| PB 0x0000000097f00000| Complete 
| 384|0x0000000098000000, 0x0000000098100000, 0x0000000098100000|100%| E|CS|TAMS 0x0000000098000000| PB 0x0000000098000000| Complete 
| 385|0x0000000098100000, 0x0000000098200000, 0x0000000098200000|100%| E|CS|TAMS 0x0000000098100000| PB 0x0000000098100000| Complete 
| 386|0x0000000098200000, 0x0000000098300000, 0x0000000098300000|100%| E|CS|TAMS 0x0000000098200000| PB 0x0000000098200000| Complete 
| 387|0x0000000098300000, 0x0000000098400000, 0x0000000098400000|100%| E|CS|TAMS 0x0000000098300000| PB 0x0000000098300000| Complete 
| 388|0x0000000098400000, 0x0000000098500000, 0x0000000098500000|100%| E|CS|TAMS 0x0000000098400000| PB 0x0000000098400000| Complete 
| 389|0x0000000098500000, 0x0000000098600000, 0x0000000098600000|100%| E|  |TAMS 0x0000000098500000| PB 0x0000000098500000| Complete 
| 390|0x0000000098600000, 0x0000000098700000, 0x0000000098700000|100%| E|CS|TAMS 0x0000000098600000| PB 0x0000000098600000| Complete 
| 391|0x0000000098700000, 0x0000000098800000, 0x0000000098800000|100%| E|CS|TAMS 0x0000000098700000| PB 0x0000000098700000| Complete 
| 392|0x0000000098800000, 0x0000000098900000, 0x0000000098900000|100%| E|CS|TAMS 0x0000000098800000| PB 0x0000000098800000| Complete 
| 393|0x0000000098900000, 0x0000000098a00000, 0x0000000098a00000|100%| E|CS|TAMS 0x0000000098900000| PB 0x0000000098900000| Complete 
| 394|0x0000000098a00000, 0x0000000098b00000, 0x0000000098b00000|100%| E|CS|TAMS 0x0000000098a00000| PB 0x0000000098a00000| Complete 
| 395|0x0000000098b00000, 0x0000000098c00000, 0x0000000098c00000|100%| E|CS|TAMS 0x0000000098b00000| PB 0x0000000098b00000| Complete 
| 396|0x0000000098c00000, 0x0000000098d00000, 0x0000000098d00000|100%| E|CS|TAMS 0x0000000098c00000| PB 0x0000000098c00000| Complete 
| 397|0x0000000098d00000, 0x0000000098e00000, 0x0000000098e00000|100%| E|CS|TAMS 0x0000000098d00000| PB 0x0000000098d00000| Complete 
| 398|0x0000000098e00000, 0x0000000098f00000, 0x0000000098f00000|100%| E|CS|TAMS 0x0000000098e00000| PB 0x0000000098e00000| Complete 
| 399|0x0000000098f00000, 0x0000000099000000, 0x0000000099000000|100%| E|CS|TAMS 0x0000000098f00000| PB 0x0000000098f00000| Complete 
| 400|0x0000000099000000, 0x0000000099100000, 0x0000000099100000|100%| E|CS|TAMS 0x0000000099000000| PB 0x0000000099000000| Complete 
| 401|0x0000000099100000, 0x0000000099200000, 0x0000000099200000|100%| E|CS|TAMS 0x0000000099100000| PB 0x0000000099100000| Complete 
| 402|0x0000000099200000, 0x0000000099300000, 0x0000000099300000|100%| E|CS|TAMS 0x0000000099200000| PB 0x0000000099200000| Complete 
| 403|0x0000000099300000, 0x0000000099400000, 0x0000000099400000|100%| E|CS|TAMS 0x0000000099300000| PB 0x0000000099300000| Complete 
| 404|0x0000000099400000, 0x0000000099500000, 0x0000000099500000|100%| E|CS|TAMS 0x0000000099400000| PB 0x0000000099400000| Complete 
| 405|0x0000000099500000, 0x0000000099600000, 0x0000000099600000|100%| E|CS|TAMS 0x0000000099500000| PB 0x0000000099500000| Complete 
| 406|0x0000000099600000, 0x0000000099700000, 0x0000000099700000|100%| E|CS|TAMS 0x0000000099600000| PB 0x0000000099600000| Complete 
| 407|0x0000000099700000, 0x0000000099800000, 0x0000000099800000|100%| E|CS|TAMS 0x0000000099700000| PB 0x0000000099700000| Complete 
| 408|0x0000000099800000, 0x0000000099900000, 0x0000000099900000|100%| E|CS|TAMS 0x0000000099800000| PB 0x0000000099800000| Complete 
| 409|0x0000000099900000, 0x0000000099a00000, 0x0000000099a00000|100%| E|CS|TAMS 0x0000000099900000| PB 0x0000000099900000| Complete 
| 410|0x0000000099a00000, 0x0000000099b00000, 0x0000000099b00000|100%| E|CS|TAMS 0x0000000099a00000| PB 0x0000000099a00000| Complete 
| 411|0x0000000099b00000, 0x0000000099c00000, 0x0000000099c00000|100%| E|CS|TAMS 0x0000000099b00000| PB 0x0000000099b00000| Complete 
| 412|0x0000000099c00000, 0x0000000099d00000, 0x0000000099d00000|100%| E|CS|TAMS 0x0000000099c00000| PB 0x0000000099c00000| Complete 
| 413|0x0000000099d00000, 0x0000000099e00000, 0x0000000099e00000|100%| E|CS|TAMS 0x0000000099d00000| PB 0x0000000099d00000| Complete 
| 414|0x0000000099e00000, 0x0000000099f00000, 0x0000000099f00000|100%| E|CS|TAMS 0x0000000099e00000| PB 0x0000000099e00000| Complete 
| 415|0x0000000099f00000, 0x000000009a000000, 0x000000009a000000|100%| E|CS|TAMS 0x0000000099f00000| PB 0x0000000099f00000| Complete 
| 416|0x000000009a000000, 0x000000009a100000, 0x000000009a100000|100%| E|CS|TAMS 0x000000009a000000| PB 0x000000009a000000| Complete 
| 417|0x000000009a100000, 0x000000009a200000, 0x000000009a200000|100%| E|CS|TAMS 0x000000009a100000| PB 0x000000009a100000| Complete 
| 418|0x000000009a200000, 0x000000009a300000, 0x000000009a300000|100%| E|CS|TAMS 0x000000009a200000| PB 0x000000009a200000| Complete 
| 419|0x000000009a300000, 0x000000009a400000, 0x000000009a400000|100%| E|CS|TAMS 0x000000009a300000| PB 0x000000009a300000| Complete 
| 420|0x000000009a400000, 0x000000009a500000, 0x000000009a500000|100%| E|CS|TAMS 0x000000009a400000| PB 0x000000009a400000| Complete 
| 421|0x000000009a500000, 0x000000009a600000, 0x000000009a600000|100%| E|CS|TAMS 0x000000009a500000| PB 0x000000009a500000| Complete 
| 422|0x000000009a600000, 0x000000009a700000, 0x000000009a700000|100%| E|CS|TAMS 0x000000009a600000| PB 0x000000009a600000| Complete 
| 423|0x000000009a700000, 0x000000009a800000, 0x000000009a800000|100%| E|CS|TAMS 0x000000009a700000| PB 0x000000009a700000| Complete 
| 424|0x000000009a800000, 0x000000009a900000, 0x000000009a900000|100%| E|CS|TAMS 0x000000009a800000| PB 0x000000009a800000| Complete 
| 425|0x000000009a900000, 0x000000009aa00000, 0x000000009aa00000|100%| E|CS|TAMS 0x000000009a900000| PB 0x000000009a900000| Complete 
| 426|0x000000009aa00000, 0x000000009ab00000, 0x000000009ab00000|100%| E|CS|TAMS 0x000000009aa00000| PB 0x000000009aa00000| Complete 
| 427|0x000000009ab00000, 0x000000009ac00000, 0x000000009ac00000|100%| E|CS|TAMS 0x000000009ab00000| PB 0x000000009ab00000| Complete 
| 428|0x000000009ac00000, 0x000000009ad00000, 0x000000009ad00000|100%| E|CS|TAMS 0x000000009ac00000| PB 0x000000009ac00000| Complete 
| 429|0x000000009ad00000, 0x000000009ae00000, 0x000000009ae00000|100%| E|CS|TAMS 0x000000009ad00000| PB 0x000000009ad00000| Complete 
| 430|0x000000009ae00000, 0x000000009af00000, 0x000000009af00000|100%| E|CS|TAMS 0x000000009ae00000| PB 0x000000009ae00000| Complete 
| 431|0x000000009af00000, 0x000000009b000000, 0x000000009b000000|100%| E|CS|TAMS 0x000000009af00000| PB 0x000000009af00000| Complete 
| 432|0x000000009b000000, 0x000000009b100000, 0x000000009b100000|100%| E|CS|TAMS 0x000000009b000000| PB 0x000000009b000000| Complete 
| 433|0x000000009b100000, 0x000000009b200000, 0x000000009b200000|100%| E|CS|TAMS 0x000000009b100000| PB 0x000000009b100000| Complete 
| 434|0x000000009b200000, 0x000000009b300000, 0x000000009b300000|100%| E|CS|TAMS 0x000000009b200000| PB 0x000000009b200000| Complete 
| 435|0x000000009b300000, 0x000000009b400000, 0x000000009b400000|100%| E|CS|TAMS 0x000000009b300000| PB 0x000000009b300000| Complete 
| 436|0x000000009b400000, 0x000000009b500000, 0x000000009b500000|100%| E|CS|TAMS 0x000000009b400000| PB 0x000000009b400000| Complete 
| 437|0x000000009b500000, 0x000000009b600000, 0x000000009b600000|100%| E|CS|TAMS 0x000000009b500000| PB 0x000000009b500000| Complete 
| 438|0x000000009b600000, 0x000000009b700000, 0x000000009b700000|100%| E|CS|TAMS 0x000000009b600000| PB 0x000000009b600000| Complete 
| 439|0x000000009b700000, 0x000000009b800000, 0x000000009b800000|100%| E|CS|TAMS 0x000000009b700000| PB 0x000000009b700000| Complete 
| 440|0x000000009b800000, 0x000000009b900000, 0x000000009b900000|100%| E|CS|TAMS 0x000000009b800000| PB 0x000000009b800000| Complete 
| 441|0x000000009b900000, 0x000000009ba00000, 0x000000009ba00000|100%| E|CS|TAMS 0x000000009b900000| PB 0x000000009b900000| Complete 
| 442|0x000000009ba00000, 0x000000009bb00000, 0x000000009bb00000|100%| E|CS|TAMS 0x000000009ba00000| PB 0x000000009ba00000| Complete 
| 443|0x000000009bb00000, 0x000000009bc00000, 0x000000009bc00000|100%| E|CS|TAMS 0x000000009bb00000| PB 0x000000009bb00000| Complete 
| 444|0x000000009bc00000, 0x000000009bd00000, 0x000000009bd00000|100%| E|CS|TAMS 0x000000009bc00000| PB 0x000000009bc00000| Complete 
| 445|0x000000009bd00000, 0x000000009be00000, 0x000000009be00000|100%| E|CS|TAMS 0x000000009bd00000| PB 0x000000009bd00000| Complete 
| 446|0x000000009be00000, 0x000000009bf00000, 0x000000009bf00000|100%| E|CS|TAMS 0x000000009be00000| PB 0x000000009be00000| Complete 
| 447|0x000000009bf00000, 0x000000009c000000, 0x000000009c000000|100%| E|CS|TAMS 0x000000009bf00000| PB 0x000000009bf00000| Complete 
| 448|0x000000009c000000, 0x000000009c100000, 0x000000009c100000|100%| E|CS|TAMS 0x000000009c000000| PB 0x000000009c000000| Complete 
| 449|0x000000009c100000, 0x000000009c200000, 0x000000009c200000|100%| E|CS|TAMS 0x000000009c100000| PB 0x000000009c100000| Complete 
| 450|0x000000009c200000, 0x000000009c300000, 0x000000009c300000|100%| E|CS|TAMS 0x000000009c200000| PB 0x000000009c200000| Complete 
| 451|0x000000009c300000, 0x000000009c400000, 0x000000009c400000|100%| E|CS|TAMS 0x000000009c300000| PB 0x000000009c300000| Complete 
| 452|0x000000009c400000, 0x000000009c500000, 0x000000009c500000|100%| E|CS|TAMS 0x000000009c400000| PB 0x000000009c400000| Complete 
| 453|0x000000009c500000, 0x000000009c600000, 0x000000009c600000|100%| E|CS|TAMS 0x000000009c500000| PB 0x000000009c500000| Complete 
| 454|0x000000009c600000, 0x000000009c700000, 0x000000009c700000|100%| E|CS|TAMS 0x000000009c600000| PB 0x000000009c600000| Complete 
| 455|0x000000009c700000, 0x000000009c800000, 0x000000009c800000|100%| E|CS|TAMS 0x000000009c700000| PB 0x000000009c700000| Complete 
| 456|0x000000009c800000, 0x000000009c900000, 0x000000009c900000|100%| E|CS|TAMS 0x000000009c800000| PB 0x000000009c800000| Complete 
| 457|0x000000009c900000, 0x000000009ca00000, 0x000000009ca00000|100%| E|CS|TAMS 0x000000009c900000| PB 0x000000009c900000| Complete 
|1991|0x00000000fc700000, 0x00000000fc800000, 0x00000000fc800000|100%| O|  |TAMS 0x00000000fc700000| PB 0x00000000fc700000| Untracked 
|1992|0x00000000fc800000, 0x00000000fc900000, 0x00000000fc900000|100%| E|CS|TAMS 0x00000000fc800000| PB 0x00000000fc800000| Complete 
|1993|0x00000000fc900000, 0x00000000fca00000, 0x00000000fca00000|100%| O|  |TAMS 0x00000000fc900000| PB 0x00000000fc900000| Untracked 
|1994|0x00000000fca00000, 0x00000000fcb00000, 0x00000000fcb00000|100%| O|  |TAMS 0x00000000fca00000| PB 0x00000000fca00000| Untracked 
|1995|0x00000000fcb00000, 0x00000000fcc00000, 0x00000000fcc00000|100%| O|  |TAMS 0x00000000fcb00000| PB 0x00000000fcb00000| Untracked 
|1996|0x00000000fcc00000, 0x00000000fcd00000, 0x00000000fcd00000|100%| E|CS|TAMS 0x00000000fcc00000| PB 0x00000000fcc00000| Complete 
|1997|0x00000000fcd00000, 0x00000000fce00000, 0x00000000fce00000|100%| O|  |TAMS 0x00000000fcd00000| PB 0x00000000fcd00000| Untracked 
|1998|0x00000000fce00000, 0x00000000fcf00000, 0x00000000fcf00000|100%| E|CS|TAMS 0x00000000fce00000| PB 0x00000000fce00000| Complete 
|1999|0x00000000fcf00000, 0x00000000fd000000, 0x00000000fd000000|100%| E|CS|TAMS 0x00000000fcf00000| PB 0x00000000fcf00000| Complete 
|2000|0x00000000fd000000, 0x00000000fd100000, 0x00000000fd100000|100%| O|Cm|TAMS 0x00000000fd000000| PB 0x00000000fd000000| Complete 
|2001|0x00000000fd100000, 0x00000000fd200000, 0x00000000fd200000|100%| E|CS|TAMS 0x00000000fd100000| PB 0x00000000fd100000| Complete 
|2002|0x00000000fd200000, 0x00000000fd300000, 0x00000000fd300000|100%| E|CS|TAMS 0x00000000fd200000| PB 0x00000000fd200000| Complete 
|2003|0x00000000fd300000, 0x00000000fd400000, 0x00000000fd400000|100%| O|Cm|TAMS 0x00000000fd300000| PB 0x00000000fd300000| Complete 
|2004|0x00000000fd400000, 0x00000000fd500000, 0x00000000fd500000|100%| O|Cm|TAMS 0x00000000fd400000| PB 0x00000000fd400000| Complete 
|2005|0x00000000fd500000, 0x00000000fd600000, 0x00000000fd600000|100%| O|  |TAMS 0x00000000fd500000| PB 0x00000000fd500000| Untracked 
|2006|0x00000000fd600000, 0x00000000fd700000, 0x00000000fd700000|100%| O|  |TAMS 0x00000000fd600000| PB 0x00000000fd600000| Untracked 
|2007|0x00000000fd700000, 0x00000000fd800000, 0x00000000fd800000|100%| O|  |TAMS 0x00000000fd700000| PB 0x00000000fd700000| Untracked 
|2008|0x00000000fd800000, 0x00000000fd900000, 0x00000000fd900000|100%| O|  |TAMS 0x00000000fd800000| PB 0x00000000fd800000| Untracked 
|2009|0x00000000fd900000, 0x00000000fda00000, 0x00000000fda00000|100%| O|  |TAMS 0x00000000fd900000| PB 0x00000000fd900000| Untracked 
|2010|0x00000000fda00000, 0x00000000fdb00000, 0x00000000fdb00000|100%| O|  |TAMS 0x00000000fda00000| PB 0x00000000fda00000| Untracked 
|2011|0x00000000fdb00000, 0x00000000fdc00000, 0x00000000fdc00000|100%| O|  |TAMS 0x00000000fdb00000| PB 0x00000000fdb00000| Untracked 
|2012|0x00000000fdc00000, 0x00000000fdd00000, 0x00000000fdd00000|100%| O|Cm|TAMS 0x00000000fdc00000| PB 0x00000000fdc00000| Complete 
|2013|0x00000000fdd00000, 0x00000000fde00000, 0x00000000fde00000|100%| O|  |TAMS 0x00000000fdd00000| PB 0x00000000fdd00000| Untracked 
|2014|0x00000000fde00000, 0x00000000fdf00000, 0x00000000fdf00000|100%| E|CS|TAMS 0x00000000fde00000| PB 0x00000000fde00000| Complete 
|2015|0x00000000fdf00000, 0x00000000fe000000, 0x00000000fe000000|100%| O|Cm|TAMS 0x00000000fdf00000| PB 0x00000000fdf00000| Complete 
|2016|0x00000000fe000000, 0x00000000fe100000, 0x00000000fe100000|100%| E|CS|TAMS 0x00000000fe000000| PB 0x00000000fe000000| Complete 
|2017|0x00000000fe100000, 0x00000000fe200000, 0x00000000fe200000|100%| O|Cm|TAMS 0x00000000fe100000| PB 0x00000000fe100000| Complete 
|2018|0x00000000fe200000, 0x00000000fe300000, 0x00000000fe300000|100%| O|Cm|TAMS 0x00000000fe200000| PB 0x00000000fe200000| Complete 
|2019|0x00000000fe300000, 0x00000000fe400000, 0x00000000fe400000|100%| O|Cm|TAMS 0x00000000fe300000| PB 0x00000000fe300000| Complete 
|2020|0x00000000fe400000, 0x00000000fe500000, 0x00000000fe500000|100%| E|CS|TAMS 0x00000000fe400000| PB 0x00000000fe400000| Complete 
|2021|0x00000000fe500000, 0x00000000fe600000, 0x00000000fe600000|100%| O|Cm|TAMS 0x00000000fe500000| PB 0x00000000fe500000| Complete 
|2022|0x00000000fe600000, 0x00000000fe700000, 0x00000000fe700000|100%| O|Cm|TAMS 0x00000000fe600000| PB 0x00000000fe600000| Complete 
|2023|0x00000000fe700000, 0x00000000fe800000, 0x00000000fe800000|100%| O|Cm|TAMS 0x00000000fe700000| PB 0x00000000fe700000| Complete 
|2024|0x00000000fe800000, 0x00000000fe900000, 0x00000000fe900000|100%| O|  |TAMS 0x00000000fe800000| PB 0x00000000fe800000| Untracked 
|2025|0x00000000fe900000, 0x00000000fea00000, 0x00000000fea00000|100%| O|  |TAMS 0x00000000fe900000| PB 0x00000000fe900000| Untracked 
|2026|0x00000000fea00000, 0x00000000feb00000, 0x00000000feb00000|100%| O|  |TAMS 0x00000000fea00000| PB 0x00000000fea00000| Untracked 
|2027|0x00000000feb00000, 0x00000000fec00000, 0x00000000fec00000|100%| O|  |TAMS 0x00000000feb00000| PB 0x00000000feb00000| Untracked 
|2028|0x00000000fec00000, 0x00000000fed00000, 0x00000000fed00000|100%| O|  |TAMS 0x00000000fec00000| PB 0x00000000fec00000| Untracked 
|2029|0x00000000fed00000, 0x00000000fee00000, 0x00000000fee00000|100%| O|  |TAMS 0x00000000fed00000| PB 0x00000000fed00000| Untracked 
|2030|0x00000000fee00000, 0x00000000fef00000, 0x00000000fef00000|100%| O|  |TAMS 0x00000000fee00000| PB 0x00000000fee00000| Untracked 
|2031|0x00000000fef00000, 0x00000000ff000000, 0x00000000ff000000|100%| E|CS|TAMS 0x00000000fef00000| PB 0x00000000fef00000| Complete 
|2032|0x00000000ff000000, 0x00000000ff100000, 0x00000000ff100000|100%| O|  |TAMS 0x00000000ff000000| PB 0x00000000ff000000| Untracked 
|2033|0x00000000ff100000, 0x00000000ff200000, 0x00000000ff200000|100%| O|  |TAMS 0x00000000ff100000| PB 0x00000000ff100000| Untracked 
|2034|0x00000000ff200000, 0x00000000ff300000, 0x00000000ff300000|100%| O|  |TAMS 0x00000000ff200000| PB 0x00000000ff200000| Untracked 
|2035|0x00000000ff300000, 0x00000000ff400000, 0x00000000ff400000|100%| O|  |TAMS 0x00000000ff300000| PB 0x00000000ff300000| Untracked 
|2036|0x00000000ff400000, 0x00000000ff500000, 0x00000000ff500000|100%| E|CS|TAMS 0x00000000ff400000| PB 0x00000000ff400000| Complete 
|2037|0x00000000ff500000, 0x00000000ff600000, 0x00000000ff600000|100%| O|  |TAMS 0x00000000ff500000| PB 0x00000000ff500000| Untracked 
|2038|0x00000000ff600000, 0x00000000ff700000, 0x00000000ff700000|100%| O|  |TAMS 0x00000000ff600000| PB 0x00000000ff600000| Untracked 
|2039|0x00000000ff700000, 0x00000000ff800000, 0x00000000ff800000|100%| O|  |TAMS 0x00000000ff700000| PB 0x00000000ff700000| Untracked 
|2040|0x00000000ff800000, 0x00000000ff900000, 0x00000000ff900000|100%| O|  |TAMS 0x00000000ff800000| PB 0x00000000ff800000| Untracked 
|2041|0x00000000ff900000, 0x00000000ffa00000, 0x00000000ffa00000|100%| O|  |TAMS 0x00000000ff900000| PB 0x00000000ff900000| Untracked 
|2042|0x00000000ffa00000, 0x00000000ffb00000, 0x00000000ffb00000|100%| O|  |TAMS 0x00000000ffa00000| PB 0x00000000ffa00000| Untracked 
|2043|0x00000000ffb00000, 0x00000000ffc00000, 0x00000000ffc00000|100%| O|  |TAMS 0x00000000ffb00000| PB 0x00000000ffb00000| Untracked 
|2044|0x00000000ffc00000, 0x00000000ffd00000, 0x00000000ffd00000|100%| O|  |TAMS 0x00000000ffc00000| PB 0x00000000ffc00000| Untracked 
|2045|0x00000000ffd00000, 0x00000000ffe00000, 0x00000000ffe00000|100%| O|  |TAMS 0x00000000ffd00000| PB 0x00000000ffd00000| Untracked 
|2046|0x00000000ffe00000, 0x00000000fff00000, 0x00000000fff00000|100%| O|  |TAMS 0x00000000ffe00000| PB 0x00000000ffe00000| Untracked 
|2047|0x00000000fff00000, 0x0000000100000000, 0x0000000100000000|100%| O|  |TAMS 0x00000000fff00000| PB 0x00000000fff00000| Untracked 

Card table byte_map: [0x0000021eab1f0000,0x0000021eab5f0000] _byte_map_base: 0x0000021eaadf0000

Marking Bits: (CMBitMap*) 0x0000021e9846e0a0
 Bits: [0x0000021eab5f0000, 0x0000021ead5f0000)

Polling page: 0x0000021e964e0000

Metaspace:

Usage:
  Non-class:    119.46 MB used.
      Class:     19.40 MB used.
       Both:    138.86 MB used.

Virtual space:
  Non-class space:      128.00 MB reserved,     120.69 MB ( 94%) committed,  2 nodes.
      Class space:        1.00 GB reserved,      20.56 MB (  2%) committed,  1 nodes.
             Both:        1.12 GB reserved,     141.25 MB ( 12%) committed. 

Chunk freelists:
   Non-Class:  6.95 MB
       Class:  11.45 MB
        Both:  18.41 MB

MaxMetaspaceSize: unlimited
CompressedClassSpaceSize: 1.00 GB
Initial GC threshold: 21.00 MB
Current GC threshold: 234.69 MB
CDS: off
 - commit_granule_bytes: 65536.
 - commit_granule_words: 8192.
 - virtual_space_node_default_size: 8388608.
 - enlarge_chunks_in_place: 1.
 - use_allocation_guard: 0.


Internal statistics:

num_allocs_failed_limit: 12.
num_arena_births: 4982.
num_arena_deaths: 4.
num_vsnodes_births: 3.
num_vsnodes_deaths: 0.
num_space_committed: 2258.
num_space_uncommitted: 0.
num_chunks_returned_to_freelist: 18.
num_chunks_taken_from_freelist: 11176.
num_chunk_merges: 10.
num_chunk_splits: 7300.
num_chunks_enlarged: 4592.
num_inconsistent_stats: 0.

CodeHeap 'non-profiled nmethods': size=119168Kb used=9983Kb max_used=10358Kb free=109184Kb
 bounds [0x0000021ea3110000, 0x0000021ea3b30000, 0x0000021eaa570000]
CodeHeap 'profiled nmethods': size=119104Kb used=28824Kb max_used=30516Kb free=90279Kb
 bounds [0x0000021e9b570000, 0x0000021e9d340000, 0x0000021ea29c0000]
CodeHeap 'non-nmethods': size=7488Kb used=3796Kb max_used=3848Kb free=3691Kb
 bounds [0x0000021ea29c0000, 0x0000021ea2d90000, 0x0000021ea3110000]
CodeCache: size=245760Kb, used=42603Kb, max_used=44722Kb, free=203154Kb
 total_blobs=15639, nmethods=14662, adapters=878, full_count=0
Compilation: enabled, stopped_count=0, restarted_count=0

Compilation events (20 events):
Event: 70.765 Thread 0x0000021eb07c8990 21552       2       org.gradle.internal.hash.DefaultStreamHasher::takeBuffer (25 bytes)
Event: 70.765 Thread 0x0000021eb506d650 21553   !   2       java.util.concurrent.ArrayBlockingQueue::poll (38 bytes)
Event: 70.765 Thread 0x0000021eb9256a00 nmethod 21551 0x0000021e9c119290 code [0x0000021e9c119420, 0x0000021e9c119510]
Event: 70.765 Thread 0x0000021eb07c8990 nmethod 21552 0x0000021e9b82c090 code [0x0000021e9b82c240, 0x0000021e9b82c448]
Event: 70.765 Thread 0x0000021eb506d650 nmethod 21553 0x0000021e9be0f790 code [0x0000021e9be0f9a0, 0x0000021e9be0fcb0]
Event: 70.765 Thread 0x0000021eb506d650 21555       2       org.gradle.api.internal.changedetection.state.CachingFileHasher$FileInfoSerializer::write (33 bytes)
Event: 70.765 Thread 0x0000021eb9256a00 21554       2       org.gradle.api.internal.changedetection.state.CachingFileHasher$FileInfoSerializer::write (10 bytes)
Event: 70.765 Thread 0x0000021eb8367be0 nmethod 21550 0x0000021e9b660410 code [0x0000021e9b660700, 0x0000021e9b661538]
Event: 70.766 Thread 0x0000021eb9256a00 nmethod 21554 0x0000021e9b7c8390 code [0x0000021e9b7c8580, 0x0000021e9b7c8800]
Event: 70.766 Thread 0x0000021eb506d650 nmethod 21555 0x0000021e9bdcb990 code [0x0000021e9bdcbb80, 0x0000021e9bdcbdc0]
Event: 70.767 Thread 0x0000021eb8367be0 21556       2       org.gradle.internal.hash.DefaultStreamHasher::returnBuffer (12 bytes)
Event: 70.767 Thread 0x0000021eb8367be0 nmethod 21556 0x0000021e9c046590 code [0x0000021e9c046740, 0x0000021e9c046878]
Event: 70.781 Thread 0x0000021eb9256a00 21557       1       com.google.common.cache.LocalCache$2::poll (2 bytes)
Event: 70.781 Thread 0x0000021eb9256a00 nmethod 21557 0x0000021ea343d690 code [0x0000021ea343d820, 0x0000021ea343d8f0]
Event: 70.917 Thread 0x0000021eb8367be0 21558   !   2       org.gradle.internal.hash.DefaultStreamHasher::doHash (84 bytes)
Event: 70.918 Thread 0x0000021eb8367be0 nmethod 21558 0x0000021e9bf62f90 code [0x0000021e9bf632a0, 0x0000021e9bf63eb8]
Event: 71.052 Thread 0x0000021eb07c8990 21559   !   3       java.io.FileInputStream::read (27 bytes)
Event: 71.052 Thread 0x0000021eb8367be0 21560   !   3       java.io.FileInputStream::implRead (40 bytes)
Event: 71.052 Thread 0x0000021eb07c8990 nmethod 21559 0x0000021e9cc72610 code [0x0000021e9cc727e0, 0x0000021e9cc729f8]
Event: 71.052 Thread 0x0000021eb8367be0 nmethod 21560 0x0000021e9be66510 code [0x0000021e9be66700, 0x0000021e9be66a50]

GC Heap History (20 events):
Event: 62.778 GC heap before
{Heap before GC invocations=51 (full 0):
 garbage-first heap   total 264192K, used 161841K [0x0000000080000000, 0x0000000100000000)
  region size 1024K, 51 young (52224K), 10 survivors (10240K)
 Metaspace       used 119587K, committed 122048K, reserved 1179648K
  class space    used 16851K, committed 18048K, reserved 1048576K
}
Event: 62.787 GC heap after
{Heap after GC invocations=52 (full 0):
 garbage-first heap   total 264192K, used 120529K [0x0000000080000000, 0x0000000100000000)
  region size 1024K, 9 young (9216K), 9 survivors (9216K)
 Metaspace       used 119587K, committed 122048K, reserved 1179648K
  class space    used 16851K, committed 18048K, reserved 1048576K
}
Event: 63.729 GC heap before
{Heap before GC invocations=53 (full 0):
 garbage-first heap   total 264192K, used 261841K [0x0000000080000000, 0x0000000100000000)
  region size 1024K, 134 young (137216K), 9 survivors (9216K)
 Metaspace       used 124072K, committed 126400K, reserved 1179648K
  class space    used 17419K, committed 18560K, reserved 1048576K
}
Event: 63.744 GC heap after
{Heap after GC invocations=54 (full 0):
 garbage-first heap   total 281600K, used 143438K [0x0000000080000000, 0x0000000100000000)
  region size 1024K, 17 young (17408K), 17 survivors (17408K)
 Metaspace       used 124072K, committed 126400K, reserved 1179648K
  class space    used 17419K, committed 18560K, reserved 1048576K
}
Event: 64.431 GC heap before
{Heap before GC invocations=54 (full 0):
 garbage-first heap   total 281600K, used 279630K [0x0000000080000000, 0x0000000100000000)
  region size 1024K, 106 young (108544K), 17 survivors (17408K)
 Metaspace       used 125715K, committed 128128K, reserved 1179648K
  class space    used 17642K, committed 18816K, reserved 1048576K
}
Event: 64.480 GC heap after
{Heap after GC invocations=55 (full 0):
 garbage-first heap   total 334848K, used 195073K [0x0000000080000000, 0x0000000100000000)
  region size 1024K, 17 young (17408K), 17 survivors (17408K)
 Metaspace       used 125715K, committed 128128K, reserved 1179648K
  class space    used 17642K, committed 18816K, reserved 1048576K
}
Event: 64.481 GC heap before
{Heap before GC invocations=55 (full 0):
 garbage-first heap   total 334848K, used 195073K [0x0000000080000000, 0x0000000100000000)
  region size 1024K, 18 young (18432K), 17 survivors (17408K)
 Metaspace       used 125715K, committed 128128K, reserved 1179648K
  class space    used 17642K, committed 18816K, reserved 1048576K
}
Event: 64.501 GC heap after
{Heap after GC invocations=56 (full 0):
 garbage-first heap   total 450560K, used 199946K [0x0000000080000000, 0x0000000100000000)
  region size 1024K, 3 young (3072K), 3 survivors (3072K)
 Metaspace       used 125715K, committed 128128K, reserved 1179648K
  class space    used 17642K, committed 18816K, reserved 1048576K
}
Event: 65.941 GC heap before
{Heap before GC invocations=57 (full 0):
 garbage-first heap   total 450560K, used 380170K [0x0000000080000000, 0x0000000100000000)
  region size 1024K, 176 young (180224K), 3 survivors (3072K)
 Metaspace       used 129912K, committed 132352K, reserved 1179648K
  class space    used 18418K, committed 19584K, reserved 1048576K
}
Event: 66.015 GC heap after
{Heap after GC invocations=58 (full 0):
 garbage-first heap   total 454656K, used 272896K [0x0000000080000000, 0x0000000100000000)
  region size 1024K, 22 young (22528K), 22 survivors (22528K)
 Metaspace       used 129912K, committed 132352K, reserved 1179648K
  class space    used 18418K, committed 19584K, reserved 1048576K
}
Event: 67.510 GC heap before
{Heap before GC invocations=58 (full 0):
 garbage-first heap   total 454656K, used 384512K [0x0000000080000000, 0x0000000100000000)
  region size 1024K, 125 young (128000K), 22 survivors (22528K)
 Metaspace       used 134106K, committed 136576K, reserved 1179648K
  class space    used 18967K, committed 20160K, reserved 1048576K
}
Event: 67.549 GC heap after
{Heap after GC invocations=59 (full 0):
 garbage-first heap   total 454656K, used 294400K [0x0000000080000000, 0x0000000100000000)
  region size 1024K, 16 young (16384K), 16 survivors (16384K)
 Metaspace       used 134106K, committed 136576K, reserved 1179648K
  class space    used 18967K, committed 20160K, reserved 1048576K
}
Event: 68.390 GC heap before
{Heap before GC invocations=59 (full 0):
 garbage-first heap   total 454656K, used 353792K [0x0000000080000000, 0x0000000100000000)
  region size 1024K, 76 young (77824K), 16 survivors (16384K)
 Metaspace       used 135505K, committed 137920K, reserved 1179648K
  class space    used 19185K, committed 20352K, reserved 1048576K
}
Event: 68.408 GC heap after
{Heap after GC invocations=60 (full 0):
 garbage-first heap   total 454656K, used 309184K [0x0000000080000000, 0x0000000100000000)
  region size 1024K, 13 young (13312K), 13 survivors (13312K)
 Metaspace       used 135505K, committed 137920K, reserved 1179648K
  class space    used 19185K, committed 20352K, reserved 1048576K
}
Event: 69.207 GC heap before
{Heap before GC invocations=61 (full 0):
 garbage-first heap   total 527360K, used 409536K [0x0000000080000000, 0x0000000100000000)
  region size 1024K, 101 young (103424K), 13 survivors (13312K)
 Metaspace       used 137167K, committed 139584K, reserved 1179648K
  class space    used 19354K, committed 20544K, reserved 1048576K
}
Event: 69.226 GC heap after
{Heap after GC invocations=62 (full 0):
 garbage-first heap   total 527360K, used 301608K [0x0000000080000000, 0x0000000100000000)
  region size 1024K, 13 young (13312K), 13 survivors (13312K)
 Metaspace       used 137167K, committed 139584K, reserved 1179648K
  class space    used 19354K, committed 20544K, reserved 1048576K
}
Event: 69.971 GC heap before
{Heap before GC invocations=62 (full 0):
 garbage-first heap   total 527360K, used 451112K [0x0000000080000000, 0x0000000100000000)
  region size 1024K, 160 young (163840K), 13 survivors (13312K)
 Metaspace       used 140634K, committed 143104K, reserved 1179648K
  class space    used 19669K, committed 20864K, reserved 1048576K
}
Event: 69.987 GC heap after
{Heap after GC invocations=63 (full 0):
 garbage-first heap   total 527360K, used 303513K [0x0000000080000000, 0x0000000100000000)
  region size 1024K, 9 young (9216K), 9 survivors (9216K)
 Metaspace       used 140634K, committed 143104K, reserved 1179648K
  class space    used 19669K, committed 20864K, reserved 1048576K
}
Event: 70.317 GC heap before
{Heap before GC invocations=63 (full 0):
 garbage-first heap   total 527360K, used 459161K [0x0000000080000000, 0x0000000100000000)
  region size 1024K, 162 young (165888K), 9 survivors (9216K)
 Metaspace       used 141220K, committed 143744K, reserved 1179648K
  class space    used 19719K, committed 20928K, reserved 1048576K
}
Event: 70.331 GC heap after
{Heap after GC invocations=64 (full 0):
 garbage-first heap   total 527360K, used 310613K [0x0000000080000000, 0x0000000100000000)
  region size 1024K, 16 young (16384K), 16 survivors (16384K)
 Metaspace       used 141220K, committed 143744K, reserved 1179648K
  class space    used 19719K, committed 20928K, reserved 1048576K
}

Dll operation events (3 events):
Event: 0.040 Loaded shared library C:\Program Files\Android\Android Studio\jbr\bin\java.dll
Event: 0.054 Loaded shared library C:\Program Files\Android\Android Studio\jbr\bin\zip.dll
Event: 1.240 Loaded shared library C:\Program Files\Android\Android Studio\jbr\bin\verify.dll

Deoptimization events (20 events):
Event: 70.570 Thread 0x0000021ec236ce00 Uncommon trap: trap_request=0xffffff45 fr.pc=0x0000021ea394a8bc relative=0x0000000000000bbc
Event: 70.570 Thread 0x0000021ec236ce00 Uncommon trap: reason=unstable_if action=reinterpret pc=0x0000021ea394a8bc method=com.android.utils.PositionXmlParser$DomBuilder.getCurrentPosition()Lcom/android/utils/PositionXmlParser$Position; @ 65 c2
Event: 70.570 Thread 0x0000021ec236ce00 DEOPT PACKING pc=0x0000021ea394a8bc sp=0x000000d2b0ffa0c0
Event: 70.570 Thread 0x0000021ec236ce00 DEOPT UNPACKING pc=0x0000021ea2a143a2 sp=0x000000d2b0ffa008 mode 2
Event: 70.593 Thread 0x0000021eb67635e0 DEOPT PACKING pc=0x0000021e9b922909 sp=0x000000d2b64fd110
Event: 70.593 Thread 0x0000021eb67635e0 DEOPT UNPACKING pc=0x0000021ea2a14b42 sp=0x000000d2b64fc638 mode 0
Event: 70.627 Thread 0x0000021eb7ff0530 DEOPT PACKING pc=0x0000021e9d30907b sp=0x000000d2aa0fe560
Event: 70.628 Thread 0x0000021eb7ff0530 DEOPT UNPACKING pc=0x0000021ea2a14b42 sp=0x000000d2aa0fdae8 mode 0
Event: 70.657 Thread 0x0000021ec236ce00 Uncommon trap: trap_request=0xffffff45 fr.pc=0x0000021ea3af5b9c relative=0x000000000000041c
Event: 70.657 Thread 0x0000021ec236ce00 Uncommon trap: reason=unstable_if action=reinterpret pc=0x0000021ea3af5b9c method=com.sun.org.apache.xerces.internal.dom.AttrImpl.setValue(Ljava/lang/String;)V @ 77 c2
Event: 70.657 Thread 0x0000021ec236ce00 DEOPT PACKING pc=0x0000021ea3af5b9c sp=0x000000d2b0ffa270
Event: 70.657 Thread 0x0000021ec236ce00 DEOPT UNPACKING pc=0x0000021ea2a143a2 sp=0x000000d2b0ffa218 mode 2
Event: 70.657 Thread 0x0000021ec236ce00 Uncommon trap: trap_request=0xffffff45 fr.pc=0x0000021ea3a44e1c relative=0x000000000000007c
Event: 70.657 Thread 0x0000021ec236ce00 Uncommon trap: reason=unstable_if action=reinterpret pc=0x0000021ea3a44e1c method=com.sun.org.apache.xerces.internal.dom.ElementImpl.getNodeName()Ljava/lang/String; @ 4 c2
Event: 70.657 Thread 0x0000021ec236ce00 DEOPT PACKING pc=0x0000021ea3a44e1c sp=0x000000d2b0ffa210
Event: 70.657 Thread 0x0000021ec236ce00 DEOPT UNPACKING pc=0x0000021ea2a143a2 sp=0x000000d2b0ffa1b0 mode 2
Event: 70.678 Thread 0x0000021eb67635e0 Uncommon trap: trap_request=0xffffff45 fr.pc=0x0000021ea3b16014 relative=0x0000000000001014
Event: 70.678 Thread 0x0000021eb67635e0 Uncommon trap: reason=unstable_if action=reinterpret pc=0x0000021ea3b16014 method=com.android.tools.r8.graph.i2.x()Lcom/android/tools/r8/graph/y2; @ 4 c2
Event: 70.678 Thread 0x0000021eb67635e0 DEOPT PACKING pc=0x0000021ea3b16014 sp=0x000000d2b64fced0
Event: 70.678 Thread 0x0000021eb67635e0 DEOPT UNPACKING pc=0x0000021ea2a143a2 sp=0x000000d2b64fce28 mode 2

Classes loaded (20 events):
Event: 69.131 Loading class java/util/Spliterators$2Adapter
Event: 69.132 Loading class java/util/Spliterators$2Adapter done
Event: 69.132 Loading class com/sun/xml/internal/stream/events/EndElementEvent
Event: 69.132 Loading class javax/xml/stream/events/EndElement
Event: 69.132 Loading class javax/xml/stream/events/EndElement done
Event: 69.132 Loading class com/sun/xml/internal/stream/events/EndElementEvent done
Event: 69.141 Loading class java/lang/StringUTF16$CodePointsSpliterator
Event: 69.141 Loading class java/lang/StringUTF16$CodePointsSpliterator done
Event: 69.322 Loading class java/nio/file/DirectoryNotEmptyException
Event: 69.323 Loading class java/nio/file/DirectoryNotEmptyException done
Event: 69.626 Loading class java/nio/charset/UnsupportedCharsetException
Event: 69.627 Loading class java/nio/charset/UnsupportedCharsetException done
Event: 69.865 Loading class com/sun/xml/internal/stream/events/CommentEvent
Event: 69.865 Loading class javax/xml/stream/events/Comment
Event: 69.866 Loading class javax/xml/stream/events/Comment done
Event: 69.866 Loading class com/sun/xml/internal/stream/events/CommentEvent done
Event: 69.912 Loading class com/sun/xml/internal/stream/util/ReadOnlyIterator
Event: 69.913 Loading class com/sun/xml/internal/stream/util/ReadOnlyIterator done
Event: 70.008 Loading class com/sun/org/apache/xerces/internal/xni/XNIException
Event: 70.009 Loading class com/sun/org/apache/xerces/internal/xni/XNIException done

Classes unloaded (2 events):
Event: 68.698 Thread 0x0000021eb06fba70 Unloading class 0x0000000101294800 'java/lang/invoke/LambdaForm$DMH+0x0000000101294800'
Event: 68.698 Thread 0x0000021eb06fba70 Unloading class 0x0000000101294400 'java/lang/invoke/LambdaForm$DMH+0x0000000101294400'

Classes redefined (0 events):
No events

Internal exceptions (20 events):
Event: 70.607 Thread 0x0000021ec236ce00 Exception <a 'sun/nio/fs/WindowsException'{0x0000000099fd4450}> (0x0000000099fd4450) 
thrown [s\src\hotspot\share\prims\jni.cpp, line 537]
Event: 70.610 Thread 0x0000021ec236ce00 Exception <a 'sun/nio/fs/WindowsException'{0x0000000099fe0430}> (0x0000000099fe0430) 
thrown [s\src\hotspot\share\prims\jni.cpp, line 537]
Event: 70.627 Thread 0x0000021ec236ce00 Exception <a 'sun/nio/fs/WindowsException'{0x00000000fe4840d8}> (0x00000000fe4840d8) 
thrown [s\src\hotspot\share\prims\jni.cpp, line 537]
Event: 70.629 Thread 0x0000021ec236ce00 Exception <a 'sun/nio/fs/WindowsException'{0x00000000fe48f4c8}> (0x00000000fe48f4c8) 
thrown [s\src\hotspot\share\prims\jni.cpp, line 537]
Event: 70.632 Thread 0x0000021ec236ce00 Exception <a 'sun/nio/fs/WindowsException'{0x00000000fe499018}> (0x00000000fe499018) 
thrown [s\src\hotspot\share\prims\jni.cpp, line 537]
Event: 70.635 Thread 0x0000021ec236ce00 Exception <a 'sun/nio/fs/WindowsException'{0x00000000fe4abd58}> (0x00000000fe4abd58) 
thrown [s\src\hotspot\share\prims\jni.cpp, line 537]
Event: 70.637 Thread 0x0000021ec236ce00 Exception <a 'sun/nio/fs/WindowsException'{0x00000000fe4cf910}> (0x00000000fe4cf910) 
thrown [s\src\hotspot\share\prims\jni.cpp, line 537]
Event: 70.640 Thread 0x0000021ec236ce00 Exception <a 'sun/nio/fs/WindowsException'{0x00000000fe4de100}> (0x00000000fe4de100) 
thrown [s\src\hotspot\share\prims\jni.cpp, line 537]
Event: 70.642 Thread 0x0000021ec236ce00 Exception <a 'sun/nio/fs/WindowsException'{0x00000000fe4e9f48}> (0x00000000fe4e9f48) 
thrown [s\src\hotspot\share\prims\jni.cpp, line 537]
Event: 70.643 Thread 0x0000021ec236ce00 Exception <a 'sun/nio/fs/WindowsException'{0x00000000fe4f64c0}> (0x00000000fe4f64c0) 
thrown [s\src\hotspot\share\prims\jni.cpp, line 537]
Event: 70.646 Thread 0x0000021ec236ce00 Exception <a 'sun/nio/fs/WindowsException'{0x00000000fe098cf8}> (0x00000000fe098cf8) 
thrown [s\src\hotspot\share\prims\jni.cpp, line 537]
Event: 70.649 Thread 0x0000021ec236ce00 Exception <a 'sun/nio/fs/WindowsException'{0x00000000fe0a4480}> (0x00000000fe0a4480) 
thrown [s\src\hotspot\share\prims\jni.cpp, line 537]
Event: 70.654 Thread 0x0000021ec236ce00 Exception <a 'sun/nio/fs/WindowsException'{0x00000000fe0e0f28}> (0x00000000fe0e0f28) 
thrown [s\src\hotspot\share\prims\jni.cpp, line 537]
Event: 70.659 Thread 0x0000021ec236ce00 Exception <a 'sun/nio/fs/WindowsException'{0x00000000fe0f9160}> (0x00000000fe0f9160) 
thrown [s\src\hotspot\share\prims\jni.cpp, line 537]
Event: 70.663 Thread 0x0000021ec236ce00 Exception <a 'sun/nio/fs/WindowsException'{0x00000000fde9eb68}> (0x00000000fde9eb68) 
thrown [s\src\hotspot\share\prims\jni.cpp, line 537]
Event: 70.667 Thread 0x0000021ec236ce00 Exception <a 'sun/nio/fs/WindowsException'{0x00000000fdeafd88}> (0x00000000fdeafd88) 
thrown [s\src\hotspot\share\prims\jni.cpp, line 537]
Event: 70.669 Thread 0x0000021ec236ce00 Exception <a 'sun/nio/fs/WindowsException'{0x00000000fdebfe78}> (0x00000000fdebfe78) 
thrown [s\src\hotspot\share\prims\jni.cpp, line 537]
Event: 70.671 Thread 0x0000021ec236ce00 Exception <a 'sun/nio/fs/WindowsException'{0x0000000099e8fc40}> (0x0000000099e8fc40) 
thrown [s\src\hotspot\share\prims\jni.cpp, line 537]
Event: 70.672 Thread 0x0000021ec236ce00 Exception <a 'sun/nio/fs/WindowsException'{0x0000000099e9b5e8}> (0x0000000099e9b5e8) 
thrown [s\src\hotspot\share\prims\jni.cpp, line 537]
Event: 70.704 Thread 0x0000021eb67635e0 Exception <a 'sun/nio/fs/WindowsException'{0x0000000099a487e8}> (0x0000000099a487e8) 
thrown [s\src\hotspot\share\prims\jni.cpp, line 537]

ZGC Phase Switch (0 events):
No events

VM Operations (20 events):
Event: 69.262 Executing non-safepoint VM operation: HandshakeAllThreads (Deoptimize) done
Event: 69.354 Executing non-safepoint VM operation: HandshakeAllThreads (Deoptimize)
Event: 69.357 Executing non-safepoint VM operation: HandshakeAllThreads (Deoptimize) done
Event: 69.363 Executing non-safepoint VM operation: HandshakeAllThreads (Deoptimize)
Event: 69.364 Executing non-safepoint VM operation: HandshakeAllThreads (Deoptimize) done
Event: 69.700 Executing safepoint VM operation: ICBufferFull
Event: 69.701 Executing safepoint VM operation: ICBufferFull done
Event: 69.971 Executing safepoint VM operation: G1CollectForAllocation (G1 Evacuation Pause)
Event: 69.987 Executing safepoint VM operation: G1CollectForAllocation (G1 Evacuation Pause) done
Event: 69.997 Executing non-safepoint VM operation: HandshakeAllThreads (Deoptimize)
Event: 69.998 Executing non-safepoint VM operation: HandshakeAllThreads (Deoptimize) done
Event: 70.015 Executing non-safepoint VM operation: HandshakeAllThreads (Deoptimize)
Event: 70.017 Executing non-safepoint VM operation: HandshakeAllThreads (Deoptimize) done
Event: 70.317 Executing safepoint VM operation: G1CollectForAllocation (G1 Evacuation Pause)
Event: 70.331 Executing safepoint VM operation: G1CollectForAllocation (G1 Evacuation Pause) done
Event: 70.599 Executing non-safepoint VM operation: HandshakeAllThreads (Deoptimize)
Event: 70.600 Executing non-safepoint VM operation: HandshakeAllThreads (Deoptimize) done
Event: 70.610 Executing safepoint VM operation: G1PauseRemark
Event: 70.624 Executing safepoint VM operation: G1PauseRemark done
Event: 71.625 Executing safepoint VM operation: Cleanup

Memory protections (0 events):
No events

Nmethod flushes (20 events):
Event: 70.621 Thread 0x0000021eb06fba70 flushing  nmethod 0x0000021e9cec3110
Event: 70.621 Thread 0x0000021eb06fba70 flushing  nmethod 0x0000021e9cec3890
Event: 70.621 Thread 0x0000021eb06fba70 flushing  nmethod 0x0000021e9cec5090
Event: 70.621 Thread 0x0000021eb06fba70 flushing  nmethod 0x0000021e9cec5610
Event: 70.621 Thread 0x0000021eb06fba70 flushing  nmethod 0x0000021e9cec8410
Event: 70.621 Thread 0x0000021eb06fba70 flushing  nmethod 0x0000021e9cec8810
Event: 70.621 Thread 0x0000021eb06fba70 flushing  nmethod 0x0000021e9cec9510
Event: 70.621 Thread 0x0000021eb06fba70 flushing  nmethod 0x0000021e9cf42b10
Event: 70.621 Thread 0x0000021eb06fba70 flushing  nmethod 0x0000021e9cf43210
Event: 70.621 Thread 0x0000021eb06fba70 flushing  nmethod 0x0000021e9cf43b90
Event: 70.621 Thread 0x0000021eb06fba70 flushing  nmethod 0x0000021e9cf44b90
Event: 70.621 Thread 0x0000021eb06fba70 flushing  nmethod 0x0000021e9cf45010
Event: 70.621 Thread 0x0000021eb06fba70 flushing  nmethod 0x0000021e9cf45390
Event: 70.621 Thread 0x0000021eb06fba70 flushing  nmethod 0x0000021e9cf45f10
Event: 70.621 Thread 0x0000021eb06fba70 flushing  nmethod 0x0000021e9cf46790
Event: 70.621 Thread 0x0000021eb06fba70 flushing  nmethod 0x0000021e9cf47610
Event: 70.621 Thread 0x0000021eb06fba70 flushing  nmethod 0x0000021e9cf4a690
Event: 70.621 Thread 0x0000021eb06fba70 flushing  nmethod 0x0000021e9d01aa10
Event: 70.621 Thread 0x0000021eb06fba70 flushing  nmethod 0x0000021e9d01c490
Event: 70.621 Thread 0x0000021eb06fba70 flushing  nmethod 0x0000021e9d0f4190

Events (20 events):
Event: 64.778 Thread 0x0000021eb676ccd0 Thread added: 0x0000021eb6771500
Event: 64.779 Thread 0x0000021eb6771500 Thread added: 0x0000021eb6772220
Event: 64.780 Thread 0x0000021eb6772220 Thread added: 0x0000021eb67728b0
Event: 64.781 Thread 0x0000021eb67728b0 Thread added: 0x0000021eb6770150
Event: 64.783 Thread 0x0000021eb6770150 Thread added: 0x0000021eb67707e0
Event: 64.785 Thread 0x0000021eb67707e0 Thread added: 0x0000021eb6771b90
Event: 64.787 Thread 0x0000021eb6771b90 Thread added: 0x0000021eb6770e70
Event: 64.851 Thread 0x0000021eb676b920 Thread added: 0x0000021ec0122860
Event: 68.918 Thread 0x0000021ec236c770 Thread added: 0x0000021eb6769850
Event: 68.931 Thread 0x0000021ec236c770 Thread added: 0x0000021eb67691c0
Event: 68.943 Thread 0x0000021ec236c770 Thread added: 0x0000021ec14b97d0
Event: 68.959 Thread 0x0000021ec236c770 Thread added: 0x0000021ec14b8ab0
Event: 68.970 Thread 0x0000021ec236c770 Thread added: 0x0000021ec3482730
Event: 68.983 Thread 0x0000021ec236c770 Thread added: 0x0000021ec3482dc0
Event: 69.004 Thread 0x0000021ec236c770 Thread added: 0x0000021ec17e4d90
Event: 69.023 Thread 0x0000021ec236c770 Thread added: 0x0000021ec17e5ab0
Event: 69.033 Thread 0x0000021ec236c770 Thread added: 0x0000021ec22756d0
Event: 69.049 Thread 0x0000021ec236c770 Thread added: 0x0000021ec14b9e60
Event: 69.076 Thread 0x0000021ec236c770 Thread added: 0x0000021ec371cf10
Event: 69.090 Thread 0x0000021ec236c770 Thread added: 0x0000021ec371e2c0


Dynamic libraries:
0x00007ff6a93a0000 - 0x00007ff6a93aa000 	C:\Program Files\Android\Android Studio\jbr\bin\java.exe
0x00007ffd8fde0000 - 0x00007ffd90047000 	C:\WINDOWS\SYSTEM32\ntdll.dll
0x00007ffd61fb0000 - 0x00007ffd61fd1000 	C:\Program Files\AVG\Antivirus\aswhook.dll
0x00007ffd8ed30000 - 0x00007ffd8edf9000 	C:\WINDOWS\System32\KERNEL32.DLL
0x00007ffd8d760000 - 0x00007ffd8db57000 	C:\WINDOWS\System32\KERNELBASE.dll
0x00007ffd8d370000 - 0x00007ffd8d4bb000 	C:\WINDOWS\System32\ucrtbase.dll
0x00007ffd3f7a0000 - 0x00007ffd3f7b8000 	C:\Program Files\Android\Android Studio\jbr\bin\jli.dll
0x00007ffd87e70000 - 0x00007ffd87e8b000 	C:\Program Files\Android\Android Studio\jbr\bin\VCRUNTIME140.dll
0x00007ffd8e850000 - 0x00007ffd8ea16000 	C:\WINDOWS\System32\USER32.dll
0x00007ffd8d340000 - 0x00007ffd8d367000 	C:\WINDOWS\System32\win32u.dll
0x00007ffd728b0000 - 0x00007ffd72b42000 	C:\WINDOWS\WinSxS\amd64_microsoft.windows.common-controls_6595b64144ccf1df_6.0.26100.8457_none_3e0b2faee331e92d\COMCTL32.dll
0x00007ffd8eb90000 - 0x00007ffd8ebbb000 	C:\WINDOWS\System32\GDI32.dll
0x00007ffd8ec80000 - 0x00007ffd8ed29000 	C:\WINDOWS\System32\msvcrt.dll
0x00007ffd8d570000 - 0x00007ffd8d69c000 	C:\WINDOWS\System32\gdi32full.dll
0x00007ffd8d4c0000 - 0x00007ffd8d563000 	C:\WINDOWS\System32\msvcp_win.dll
0x00007ffd8f540000 - 0x00007ffd8f572000 	C:\WINDOWS\System32\IMM32.DLL
0x00007ffd79dc0000 - 0x00007ffd79dcc000 	C:\Program Files\Android\Android Studio\jbr\bin\vcruntime140_1.dll
0x00007ffd03720000 - 0x00007ffd037ad000 	C:\Program Files\Android\Android Studio\jbr\bin\msvcp140.dll
0x00007ffce50e0000 - 0x00007ffce5d76000 	C:\Program Files\Android\Android Studio\jbr\bin\server\jvm.dll
0x00007ffd8ebc0000 - 0x00007ffd8ec76000 	C:\WINDOWS\System32\ADVAPI32.dll
0x00007ffd8ea20000 - 0x00007ffd8eac7000 	C:\WINDOWS\System32\sechost.dll
0x00007ffd8f070000 - 0x00007ffd8f188000 	C:\WINDOWS\System32\RPCRT4.dll
0x00007ffd8fc90000 - 0x00007ffd8fd10000 	C:\WINDOWS\System32\WS2_32.dll
0x00007ffd8c670000 - 0x00007ffd8c6ce000 	C:\WINDOWS\SYSTEM32\POWRPROF.dll
0x00007ffd86580000 - 0x00007ffd865b6000 	C:\WINDOWS\SYSTEM32\WINMM.dll
0x00007ffd865c0000 - 0x00007ffd865cb000 	C:\WINDOWS\SYSTEM32\VERSION.dll
0x00007ffd8c650000 - 0x00007ffd8c664000 	C:\WINDOWS\SYSTEM32\UMPDC.dll
0x00007ffd8b560000 - 0x00007ffd8b57b000 	C:\WINDOWS\SYSTEM32\kernel.appcore.dll
0x00007ffd79db0000 - 0x00007ffd79dba000 	C:\Program Files\Android\Android Studio\jbr\bin\jimage.dll
0x00007ffd807a0000 - 0x00007ffd809e2000 	C:\WINDOWS\SYSTEM32\DBGHELP.DLL
0x00007ffd8db60000 - 0x00007ffd8dee3000 	C:\WINDOWS\System32\combase.dll
0x00007ffd8f580000 - 0x00007ffd8f659000 	C:\WINDOWS\System32\OLEAUT32.dll
0x00007ffd7f720000 - 0x00007ffd7f75b000 	C:\WINDOWS\SYSTEM32\dbgcore.DLL
0x00007ffd8c8a0000 - 0x00007ffd8c948000 	C:\WINDOWS\System32\bcryptPrimitives.dll
0x00007ffd44770000 - 0x00007ffd4477e000 	C:\Program Files\Android\Android Studio\jbr\bin\instrument.dll
0x00007ffd74c60000 - 0x00007ffd74c80000 	C:\Program Files\Android\Android Studio\jbr\bin\java.dll
0x00007ffd74b60000 - 0x00007ffd74b78000 	C:\Program Files\Android\Android Studio\jbr\bin\zip.dll
0x00007ffd8def0000 - 0x00007ffd8e65e000 	C:\WINDOWS\System32\SHELL32.dll
0x00007ffd8cad0000 - 0x00007ffd8d33c000 	C:\WINDOWS\System32\windows.storage.dll
0x00007ffd8e680000 - 0x00007ffd8e776000 	C:\WINDOWS\System32\SHCORE.dll
0x00007ffd8e7e0000 - 0x00007ffd8e846000 	C:\WINDOWS\System32\shlwapi.dll
0x00007ffd8c730000 - 0x00007ffd8c759000 	C:\WINDOWS\SYSTEM32\profapi.dll
0x00007ffd74b50000 - 0x00007ffd74b60000 	C:\Program Files\Android\Android Studio\jbr\bin\net.dll
0x00007ffd86aa0000 - 0x00007ffd86bc9000 	C:\WINDOWS\SYSTEM32\WINHTTP.dll
0x00007ffd8bab0000 - 0x00007ffd8bb1c000 	C:\WINDOWS\system32\mswsock.dll
0x00007ffd74b30000 - 0x00007ffd74b46000 	C:\Program Files\Android\Android Studio\jbr\bin\nio.dll
0x00007ffd52d20000 - 0x00007ffd52d30000 	C:\Program Files\Android\Android Studio\jbr\bin\verify.dll
0x00007ffd3d450000 - 0x00007ffd3d477000 	C:\Users\Windows 10\.gradle\native\660c5614fbf4a5f2a75b1949f50a0caf5cd603558e7d8a26e50b933a0cfb79d1\windows-amd64\native-platform.dll
0x00007ffd01930000 - 0x00007ffd019a7000 	C:\Users\Windows 10\.gradle\native\0.2.8\x86_64-windows-gnu\gradle-fileevents.dll
0x00007ffd56890000 - 0x00007ffd56899000 	C:\Program Files\Android\Android Studio\jbr\bin\management.dll
0x00007ffd52d40000 - 0x00007ffd52d4b000 	C:\Program Files\Android\Android Studio\jbr\bin\management_ext.dll
0x00007ffd8f1b0000 - 0x00007ffd8f1b8000 	C:\WINDOWS\System32\PSAPI.DLL
0x00007ffd8afa0000 - 0x00007ffd8afd2000 	C:\WINDOWS\SYSTEM32\IPHLPAPI.DLL
0x00007ffd8e670000 - 0x00007ffd8e67a000 	C:\WINDOWS\System32\NSI.dll
0x00007ffd74b20000 - 0x00007ffd74b29000 	C:\Program Files\Android\Android Studio\jbr\bin\extnet.dll
0x00007ffd8beb0000 - 0x00007ffd8becb000 	C:\WINDOWS\SYSTEM32\CRYPTSP.dll
0x00007ffd8b4c0000 - 0x00007ffd8b4f9000 	C:\WINDOWS\system32\rsaenh.dll
0x00007ffd8bb60000 - 0x00007ffd8bb93000 	C:\WINDOWS\SYSTEM32\USERENV.dll
0x00007ffd8c700000 - 0x00007ffd8c72a000 	C:\WINDOWS\SYSTEM32\bcrypt.dll
0x00007ffd8bd10000 - 0x00007ffd8bd1c000 	C:\WINDOWS\SYSTEM32\CRYPTBASE.dll
0x00007ffd8a100000 - 0x00007ffd8a108000 	C:\WINDOWS\system32\wshunix.dll
0x00007ffd06770000 - 0x00007ffd06777000 	C:\Program Files\Android\Android Studio\jbr\bin\rmi.dll

JVMTI agents:
C:\Users\Windows 10\.gradle\wrapper\dists\gradle-9.3.1-bin\23ovyewtku6u96viwx3xl3oks\gradle-9.3.1\lib\agents\gradle-instrumentation-agent-9.3.1.jar path:C:\Program Files\Android\Android Studio\jbr\bin\instrument.dll, loaded, initialized, instrumentlib options:none

dbghelp: loaded successfully - version: 4.0.5 - missing functions: none
symbol engine: initialized successfully - sym options: 0x614 - pdb path: .;C:\Program Files\Android\Android Studio\jbr\bin;C:\WINDOWS\SYSTEM32;C:\Program Files\AVG\Antivirus;C:\WINDOWS\WinSxS\amd64_microsoft.windows.common-controls_6595b64144ccf1df_6.0.26100.8457_none_3e0b2faee331e92d;C:\Program Files\Android\Android Studio\jbr\bin\server;C:\Users\Windows 10\.gradle\native\660c5614fbf4a5f2a75b1949f50a0caf5cd603558e7d8a26e50b933a0cfb79d1\windows-amd64;C:\Users\Windows 10\.gradle\native\0.2.8\x86_64-windows-gnu

VM Arguments:
jvm_args: --add-opens=java.base/java.lang=ALL-UNNAMED --add-opens=java.base/java.lang.invoke=ALL-UNNAMED --add-opens=java.base/java.util=ALL-UNNAMED --add-opens=java.prefs/java.util.prefs=ALL-UNNAMED --add-exports=jdk.compiler/com.sun.tools.javac.api=ALL-UNNAMED --add-exports=jdk.compiler/com.sun.tools.javac.util=ALL-UNNAMED --add-opens=java.base/java.util=ALL-UNNAMED --add-opens=java.prefs/java.util.prefs=ALL-UNNAMED --add-opens=java.base/java.nio.charset=ALL-UNNAMED --add-opens=java.base/java.net=ALL-UNNAMED --add-opens=java.base/java.util.concurrent=ALL-UNNAMED --add-opens=java.base/java.util.concurrent.atomic=ALL-UNNAMED --add-opens=java.xml/javax.xml.namespace=ALL-UNNAMED --add-opens=java.base/java.time=ALL-UNNAMED -Xmx2048m -Dfile.encoding=UTF-8 -Duser.country=ZA -Duser.language=en -Duser.variant -javaagent:C:\Users\Windows 10\.gradle\wrapper\dists\gradle-9.3.1-bin\23ovyewtku6u96viwx3xl3oks\gradle-9.3.1\lib\agents\gradle-instrumentation-agent-9.3.1.jar 
java_command: org.gradle.launcher.daemon.bootstrap.GradleDaemon 9.3.1
java_class_path (initial): C:\Users\Windows 10\.gradle\wrapper\dists\gradle-9.3.1-bin\23ovyewtku6u96viwx3xl3oks\gradle-9.3.1\lib\gradle-daemon-main-9.3.1.jar
Launcher Type: SUN_STANDARD

[Global flags]
     intx CICompilerCount                          = 12                                        {product} {ergonomic}
     uint ConcGCThreads                            = 3                                         {product} {ergonomic}
     uint G1ConcRefinementThreads                  = 13                                        {product} {ergonomic}
   size_t G1HeapRegionSize                         = 1048576                                   {product} {ergonomic}
    uintx GCDrainStackTargetSize                   = 64                                        {product} {ergonomic}
   size_t InitialHeapSize                          = 123731968                                 {product} {ergonomic}
   size_t MarkStackSize                            = 4194304                                   {product} {ergonomic}
   size_t MaxHeapSize                              = 2147483648                                {product} {command line}
   size_t MaxNewSize                               = 1287651328                                {product} {ergonomic}
   size_t MinHeapDeltaBytes                        = 1048576                                   {product} {ergonomic}
   size_t MinHeapSize                              = 8388608                                   {product} {ergonomic}
    uintx NonNMethodCodeHeapSize                   = 7602480                                {pd product} {ergonomic}
    uintx NonProfiledCodeHeapSize                  = 122027880                              {pd product} {ergonomic}
    uintx ProfiledCodeHeapSize                     = 122027880                              {pd product} {ergonomic}
    uintx ReservedCodeCacheSize                    = 251658240                              {pd product} {ergonomic}
     bool SegmentedCodeCache                       = true                                      {product} {ergonomic}
   size_t SoftMaxHeapSize                          = 2147483648                             {manageable} {ergonomic}
     bool UseCompressedOops                        = true                           {product lp64_product} {ergonomic}
     bool UseG1GC                                  = true                                      {product} {ergonomic}
     bool UseLargePagesIndividualAllocation        = false                                  {pd product} {ergonomic}

Logging:
Log output configuration:
 #0: stdout all=warning uptime,level,tags foldmultilines=false
 #1: stderr all=off uptime,level,tags foldmultilines=false

Release file:
JAVA_VERSION="21.0.10" 
MODULES="java.base java.compiler java.datatransfer java.xml java.prefs java.desktop java.instrument java.logging java.management java.security.sasl java.naming java.rmi java.management.rmi java.net.http java.scripting java.security.jgss java.transaction.xa java.sql java.sql.rowset java.xml.crypto java.se java.smartcardio jdk.accessibility jdk.internal.jvmstat jdk.attach jdk.charsets jdk.internal.opt jdk.zipfs jdk.compiler jdk.crypto.ec jdk.crypto.cryptoki jdk.dynalink jdk.hotspot.agent jdk.httpserver jdk.internal.ed jdk.internal.le jdk.internal.vm.ci jdk.jartool jdk.javadoc jdk.jcmd jdk.jdeps jdk.jdwp.agent jdk.jdi jdk.jfr jdk.jlink jdk.jsobject jdk.localedata jdk.management jdk.management.agent jdk.management.jfr jdk.naming.dns jdk.naming.rmi jdk.net jdk.sctp jdk.security.auth jdk.security.jgss jdk.unsupported jdk.unsupported.desktop jdk.xml.dom" 
IMPLEMENTOR="JetBrains s.r.o." 
JAVA_RUNTIME_VERSION="21.0.10+-14961533-b1163.108" 
LIBC="default" 
OS_ARCH="x86_64" 
OS_NAME="Windows" 
SOURCE=".:git:1351622c2ff2" 

Environment Variables:
PATH=C:\app\dbhomeXE\bin;C:\Windows\dbhomeXE\bin;C:\Program Files (x86)\Common Files\Oracle\Java\javapath;C:\Program Files (x86)\NVIDIA Corporation\PhysX\Common;C:\Program Files\Common Files\Oracle\Java\javapath;C:\WINDOWS\system32;C:\WINDOWS;C:\WINDOWS\System32\Wbem;C:\WINDOWS\System32\WindowsPowerShell\v1.0\;C:\WINDOWS\System32\OpenSSH\;C:\Program Files (x86)\Microsoft SQL Server\160\DTS\Binn\;C:\Program Files\Azure Data Studio\bin;C:\Program Files\dotnet\;C:\Program Files\Microsoft SQL Server\150\Tools\Binn\;C:\Program Files\Microsoft SQL Server\Client SDK\ODBC\170\Tools\Binn\;C:\Program Files\Microsoft SQL Server\170\DTS\Binn\;C:\Program Files\Git\cmd;C:\Users\Windows 10\AppData\Local\Microsoft\WindowsApps;C:\Program Files\Azure Data Studio\bin;C:\Users\Windows 10\AppData\Local\Programs\Microsoft VS Code Insiders\bin;C:\Users\Windows 10\AppData\Local\GitHubDesktop\bin;C:\ProgramData\Windows 10\GitHubDesktop\bin;C:\Users\Windows 10\.dotnet\tools
USERNAME=Windows 10
OS=Windows_NT
PROCESSOR_IDENTIFIER=AMD64 Family 23 Model 104 Stepping 1, AuthenticAMD
TMP=C:\Users\WINDOW~1\AppData\Local\Temp
TEMP=C:\Users\WINDOW~1\AppData\Local\Temp




Periodic native trim disabled

JNI global refs:
JNI global refs: 40, weak refs: 135

JNI global refs memory usage: 835, weak refs: 2097

Process memory usage:
Resident Set Size: 818288K (10% of 7681536K total physical memory with 439516K free physical memory)

OOME stack traces (most recent first):
Classloader memory used:
Loader org.gradle.internal.classloader.VisitableURLClassLoader$InstrumentingVisitableURLClassLoader: 49237K
Loader org.gradle.internal.classloader.VisitableURLClassLoader                         : 46891K
Loader bootstrap                                                                       : 31560K
Loader org.gradle.initialization.MixInLegacyTypesClassLoader                           : 13221K
Loader jdk.internal.reflect.DelegatingClassLoader                                      : 584K
Loader jdk.internal.loader.ClassLoaders$AppClassLoader                                 : 231K
Loader jdk.internal.loader.ClassLoaders$PlatformClassLoader                            : 176K
Loader org.gradle.internal.classloader.VisitableURLClassLoader                         : 165K
Loader org.gradle.groovy.scripts.internal.DefaultScriptCompilationHandler$ScriptClassLoader: 127K

Classes loaded by more than one classloader:
Class Program                                                                         : loaded 5 times (x 72B)
Class Build_gradle                                                                    : loaded 3 times (x 126B)
Class com.google.common.collect.RegularImmutableMap$KeySet                            : loaded 2 times (x 152B)
Class org.gradle.internal.classloader.FilteringClassLoader                            : loaded 2 times (x 105B)
Class com.google.common.io.FileWriteMode                                              : loaded 2 times (x 79B)
Class [Lcom.google.common.base.AbstractIterator$State;                                : loaded 2 times (x 69B)
Class com.google.common.base.CharMatcher$IsEither                                     : loaded 2 times (x 111B)
Class org.gradle.internal.classloader.ClassLoaderHierarchy                            : loaded 2 times (x 70B)
Class com.google.common.collect.AbstractMapBasedMultimap$WrappedCollection            : loaded 2 times (x 124B)
Class com.google.common.collect.ImmutableEnumSet                                      : loaded 2 times (x 146B)
Class com.google.common.util.concurrent.ExecutionError                                : loaded 2 times (x 82B)
Class com.google.common.collect.ImmutableList$1                                       : loaded 2 times (x 97B)
Class org.gradle.api.internal.classpath.ManifestUtil                                  : loaded 2 times (x 71B)
Class com.google.common.collect.RegularImmutableMap                                   : loaded 2 times (x 121B)
Class com.google.common.collect.ImmutableMap$MapViewOfValuesAsSingletonSets           : loaded 2 times (x 126B)
Class com.google.common.collect.TransformedListIterator                               : loaded 2 times (x 93B)
Class [Lorg.objectweb.asm.Symbol;                                                     : loaded 2 times (x 69B)
Class org.objectweb.asm.ClassVisitor                                                  : loaded 2 times (x 88B)
Class com.google.common.collect.UnmodifiableListIterator                              : loaded 2 times (x 95B)
Class com.google.common.base.Platform$JdkPatternCompiler                              : loaded 2 times (x 75B)
Class org.objectweb.asm.MethodTooLargeException                                       : loaded 2 times (x 83B)
Class [Lcom.google.common.cache.CacheBuilder$OneWeigher;                              : loaded 2 times (x 69B)
Class com.google.common.base.Suppliers                                                : loaded 2 times (x 71B)
Class org.gradle.internal.classloader.DefaultClassLoaderFactory                       : loaded 2 times (x 82B)
Class com.google.common.base.CharMatcher$None                                         : loaded 2 times (x 112B)
Class org.gradle.internal.classloader.ClassLoaderVisitor                              : loaded 2 times (x 76B)
Class [Lcom.google.common.collect.ImmutableMapEntry;                                  : loaded 2 times (x 69B)
Class org.gradle.api.internal.classpath.EffectiveClassPath                            : loaded 2 times (x 90B)
Class com.google.common.collect.ListMultimap                                          : loaded 2 times (x 70B)
Class com.google.common.collect.ImmutableEnumMap                                      : loaded 2 times (x 126B)
Class com.google.common.base.Splitter                                                 : loaded 2 times (x 72B)
Class com.google.common.collect.ImmutableSet$SerializedForm                           : loaded 2 times (x 73B)
Class com.google.common.collect.Sets$1                                                : loaded 2 times (x 139B)
Class org.objectweb.asm.AnnotationVisitor                                             : loaded 2 times (x 78B)
Class ijKotlinCoroutineJvmDebugInit1_8d4id96t5brqjcnqa40zhtiq0                        : loaded 2 times (x 171B)
Class org.gradle.api.internal.DefaultClassPathProvider                                : loaded 2 times (x 76B)
Class com.google.common.collect.Maps$ViewCachingAbstractMap                           : loaded 2 times (x 125B)
Class com.google.common.collect.Sets$2                                                : loaded 2 times (x 139B)
Class [Lorg.gradle.api.internal.ClassPathProvider;                                    : loaded 2 times (x 69B)
Class org.gradle.api.internal.ClassPathProvider                                       : loaded 2 times (x 70B)
Class com.google.common.base.AbstractIterator$State                                   : loaded 2 times (x 79B)
Class [Lorg.objectweb.asm.AnnotationVisitor;                                          : loaded 2 times (x 69B)
Class com.google.common.collect.Sets$3                                                : loaded 2 times (x 139B)
Class com.google.common.cache.LocalCache$LocalLoadingCache                            : loaded 2 times (x 134B)
Class org.gradle.internal.service.UnknownServiceException                             : loaded 2 times (x 83B)
Class com.google.common.collect.Sets$4                                                : loaded 2 times (x 139B)
Class org.objectweb.asm.ModuleVisitor                                                 : loaded 2 times (x 81B)
Class com.google.common.cache.LocalCache$Strength$1                                   : loaded 2 times (x 81B)
Class com.google.common.util.concurrent.SettableFuture                                : loaded 2 times (x 114B)
Class com.google.common.cache.LocalCache$Strength$2                                   : loaded 2 times (x 81B)
Class com.google.common.collect.TransformedIterator                                   : loaded 2 times (x 80B)
Class com.google.common.base.Splitter$1                                               : loaded 2 times (x 77B)
Class com.google.common.cache.LocalCache$Strength$3                                   : loaded 2 times (x 81B)
Class com.google.common.collect.MapDifference                                         : loaded 2 times (x 70B)
Class org.objectweb.asm.FieldWriter                                                   : loaded 2 times (x 78B)
Class com.google.common.cache.CacheBuilder$NullListener                               : loaded 2 times (x 82B)
Class org.gradle.internal.classpath.TransformedClassPath                              : loaded 2 times (x 96B)
Class org.gradle.internal.classloader.InstrumentingClassLoader                        : loaded 2 times (x 70B)
Class com.google.common.cache.CacheLoader$FunctionToCacheLoader                       : loaded 2 times (x 75B)
Class com.google.common.collect.Iterators$ArrayItr                                    : loaded 2 times (x 97B)
Class com.google.common.collect.ImmutableCollection$Builder                           : loaded 2 times (x 76B)
Class com.google.common.collect.BaseImmutableMultimap                                 : loaded 2 times (x 123B)
Class com.google.common.base.Equivalence$Identity                                     : loaded 2 times (x 82B)
Class com.google.common.base.MoreObjects                                              : loaded 2 times (x 71B)
Class com.google.common.collect.Platform                                              : loaded 2 times (x 71B)
Class [Lorg.objectweb.asm.Type;                                                       : loaded 2 times (x 69B)
Class com.google.common.collect.UnmodifiableIterator                                  : loaded 2 times (x 80B)
Class org.gradle.internal.service.ServiceLocator                                      : loaded 2 times (x 70B)
Class com.google.common.base.Ascii                                                    : loaded 2 times (x 71B)
Class com.google.common.collect.SingletonImmutableBiMap                               : loaded 2 times (x 143B)
Class com.google.common.cache.LocalCache$1                                            : loaded 2 times (x 89B)
Class com.google.common.collect.Iterators$SingletonIterator                           : loaded 2 times (x 81B)
Class com.google.common.collect.AbstractMapEntry                                      : loaded 2 times (x 81B)
Class com.google.common.collect.Sets$ImprovedAbstractSet                              : loaded 2 times (x 135B)
Class com.google.common.collect.ImmutableList$Builder                                 : loaded 2 times (x 77B)
Class com.google.common.collect.AbstractMultimap                                      : loaded 2 times (x 123B)
Class com.google.common.cache.LocalCache$2                                            : loaded 2 times (x 142B)
Class ijKotlinCoroutineJvmDebugInit1_8d4id96t5brqjcnqa40zhtiq0$_run_closure1$_closure2: loaded 2 times (x 139B)
Class com.google.common.collect.RegularImmutableAsList                                : loaded 2 times (x 217B)
Class ijJvmDebugger1_b5rqkoi4cvyrocszbx6z13ivq                                        : loaded 2 times (x 171B)
Class com.google.common.util.concurrent.AbstractFuture$Trusted                        : loaded 2 times (x 70B)
Class com.google.common.collect.Iterators                                             : loaded 2 times (x 71B)
Class com.google.common.io.ByteSink$AsCharSink                                        : loaded 2 times (x 80B)
Class com.google.common.collect.Lists$StringAsImmutableList                           : loaded 2 times (x 207B)
Class com.google.common.util.concurrent.UncheckedExecutionException                   : loaded 2 times (x 82B)
Class org.gradle.kotlin.dsl.VersionCatalogAccessorsKt                                 : loaded 2 times (x 71B)
Class com.google.common.collect.AbstractMapBasedMultimap$KeySet$1                     : loaded 2 times (x 82B)
Class org.objectweb.asm.ClassWriter                                                   : loaded 2 times (x 106B)
Class com.google.common.cache.CacheLoader$UnsupportedLoadingOperationException        : loaded 2 times (x 82B)
Class com.google.common.base.CharMatcher$And                                          : loaded 2 times (x 112B)
Class org.gradle.internal.classloader.ClasspathUtil$1                                 : loaded 2 times (x 76B)
Class com.google.common.base.Objects                                                  : loaded 2 times (x 71B)
Class org.objectweb.asm.FieldVisitor                                                  : loaded 2 times (x 77B)
Class com.google.common.collect.IndexedImmutableSet                                   : loaded 2 times (x 152B)
Class com.google.common.collect.ImmutableMap$1                                        : loaded 2 times (x 81B)
Class com.google.common.collect.BiMap                                                 : loaded 2 times (x 70B)
Class org.gradle.api.internal.classpath.DefaultModuleRegistry$DefaultModule           : loaded 2 times (x 86B)
Class com.google.common.primitives.Ints                                               : loaded 2 times (x 71B)
Class com.google.common.collect.AbstractIterator                                      : loaded 2 times (x 82B)
Class com.google.common.collect.ObjectArrays                                          : loaded 2 times (x 71B)
Class com.google.common.math.MathPreconditions                                        : loaded 2 times (x 71B)
Class com.google.common.collect.Multiset                                              : loaded 2 times (x 70B)
Class com.google.common.collect.ArrayListMultimapGwtSerializationDependencies         : loaded 2 times (x 172B)
Class com.google.common.collect.AbstractIndexedListIterator                           : loaded 2 times (x 96B)
Class com.google.common.collect.ImmutableMapEntrySet                                  : loaded 2 times (x 152B)
Class org.gradle.api.internal.classpath.Module                                        : loaded 2 times (x 70B)
Class com.google.common.cache.Weigher                                                 : loaded 2 times (x 70B)
Class org.gradle.api.internal.classpath.UnknownModuleException                        : loaded 2 times (x 82B)
Class com.google.common.base.Stopwatch                                                : loaded 2 times (x 72B)
Class com.google.common.cache.LocalCache$Strength                                     : loaded 2 times (x 81B)
Class com.google.common.cache.Cache                                                   : loaded 2 times (x 70B)
Class com.google.common.base.NullnessCasts                                            : loaded 2 times (x 71B)
Class com.google.common.util.concurrent.AbstractFuture$Cancellation                   : loaded 2 times (x 72B)
Class com.google.common.collect.ImmutableMap$Builder                                  : loaded 2 times (x 82B)
Class com.google.common.collect.AbstractMapBasedMultimap$WrappedCollection$WrappedIterator: loaded 2 times (x 84B)
Class com.google.common.cache.RemovalListener                                         : loaded 2 times (x 70B)
Class org.gradle.api.internal.DefaultClassPathRegistry                                : loaded 2 times (x 76B)
Class com.google.common.primitives.IntsMethodsForWeb                                  : loaded 2 times (x 71B)
Class com.google.common.collect.Multimap                                              : loaded 2 times (x 70B)
Class ijKotlinCoroutineJvmDebugInit1_8d4id96t5brqjcnqa40zhtiq0$_run_closure1          : loaded 2 times (x 139B)
Class org.gradle.api.internal.ClassPathRegistry                                       : loaded 2 times (x 70B)
Class org.gradle.internal.classpath.DefaultClassPath$ImmutableUniqueList              : loaded 2 times (x 199B)
Class com.google.common.base.ExtraObjectsMethodsForWeb                                : loaded 2 times (x 71B)
Class com.google.common.base.Joiner                                                   : loaded 2 times (x 79B)
Class com.google.common.io.ByteSink                                                   : loaded 2 times (x 76B)
Class com.google.common.cache.CacheBuilder                                            : loaded 2 times (x 72B)
Class com.google.common.collect.SingletonImmutableList                                : loaded 2 times (x 207B)
Class Settings_gradle$1                                                               : loaded 2 times (x 74B)
Class org.gradle.internal.classpath.ClassPath                                         : loaded 2 times (x 70B)
Class com.google.common.io.Files$FileByteSource                                       : loaded 2 times (x 85B)
Class com.google.common.base.JdkPattern                                               : loaded 2 times (x 75B)
Class com.google.common.collect.ImmutableList$ReverseImmutableList                    : loaded 2 times (x 209B)
Class org.objectweb.asm.SymbolTable$Entry                                             : loaded 2 times (x 74B)
Class org.objectweb.asm.Edge                                                          : loaded 2 times (x 72B)
Class com.google.common.base.Suppliers$SupplierOfInstance                             : loaded 2 times (x 79B)
Class com.google.common.collect.Iterators$1                                           : loaded 2 times (x 81B)
Class com.google.common.cache.LocalCache$ComputingValueReference                      : loaded 2 times (x 96B)
Class com.google.common.collect.SingletonImmutableSet                                 : loaded 2 times (x 146B)
Class com.google.common.collect.ImmutableMap$IteratorBasedImmutableMap                : loaded 2 times (x 126B)
Class com.google.common.cache.LocalCache$Segment                                      : loaded 2 times (x 154B)
Class com.google.common.collect.AbstractListMultimap                                  : loaded 2 times (x 172B)
Class [Lorg.objectweb.asm.SymbolTable$Entry;                                          : loaded 2 times (x 69B)
Class com.google.common.cache.CacheLoader                                             : loaded 2 times (x 74B)
Class com.google.common.collect.Iterators$4                                           : loaded 2 times (x 82B)
Class com.google.common.collect.ImmutableBiMap                                        : loaded 2 times (x 143B)
Class org.gradle.api.internal.classpath.ModuleRegistry                                : loaded 2 times (x 70B)
Class org.gradle.internal.installation.GradleInstallation$1                           : loaded 2 times (x 75B)
Class com.google.common.base.Splitter$SplittingIterator                               : loaded 2 times (x 84B)
Class com.google.common.collect.ImmutableSet$JdkBackedSetBuilderImpl                  : loaded 2 times (x 76B)
Class com.google.common.util.concurrent.internal.InternalFutureFailureAccess          : loaded 2 times (x 72B)
Class com.google.common.collect.Iterators$5                                           : loaded 2 times (x 82B)
Class com.google.common.cache.LocalCache$LocalManualCache$1                           : loaded 2 times (x 75B)
Class com.google.common.base.CharMatcher$ForPredicate                                 : loaded 2 times (x 112B)
Class com.google.common.base.CharMatcher$AnyOf                                        : loaded 2 times (x 112B)
Class com.google.common.collect.ImmutableCollection                                   : loaded 2 times (x 125B)
Class org.gradle.api.internal.classpath.DefaultModuleRegistry                         : loaded 2 times (x 86B)
Class com.google.common.collect.Lists                                                 : loaded 2 times (x 71B)
Class com.google.common.util.concurrent.ListenableFuture                              : loaded 2 times (x 70B)
Class com.google.common.cache.ReferenceEntry                                          : loaded 2 times (x 70B)
Class com.google.common.base.Converter                                                : loaded 2 times (x 90B)
Class com.google.common.collect.ImmutableSet$CachingAsList                            : loaded 2 times (x 148B)
Class com.google.common.collect.AbstractMapBasedMultimap                              : loaded 2 times (x 139B)
Class com.google.common.util.concurrent.AbstractFuture                                : loaded 2 times (x 106B)
Class com.google.common.base.FunctionalEquivalence                                    : loaded 2 times (x 83B)
Class com.google.common.collect.Iterators$9                                           : loaded 2 times (x 81B)
Class com.google.common.collect.ImmutableAsList                                       : loaded 2 times (x 209B)
Class org.objectweb.asm.RecordComponentVisitor                                        : loaded 2 times (x 77B)
Class com.google.common.cache.CacheLoader$SupplierToCacheLoader                       : loaded 2 times (x 75B)
Class ijJvmDebugger1_b5rqkoi4cvyrocszbx6z13ivq$_run_closure1$_closure2                : loaded 2 times (x 140B)
Class com.google.common.collect.Maps$EntryTransformer                                 : loaded 2 times (x 70B)
Class org.gradle.internal.service.ServiceLookupException                              : loaded 2 times (x 82B)
Class [Lcom.google.common.cache.LocalCache$EntryFactory;                              : loaded 2 times (x 69B)
Class org.gradle.internal.classloader.ClassLoaderFactory                              : loaded 2 times (x 70B)
Class com.google.common.collect.ImmutableMap$SerializedForm                           : loaded 2 times (x 73B)
Class com.google.common.base.CommonPattern                                            : loaded 2 times (x 74B)
Class com.google.common.cache.LocalCache$LocalManualCache                             : loaded 2 times (x 99B)
Class com.google.common.base.CharMatcher$IsNot                                        : loaded 2 times (x 111B)
Class org.gradle.internal.service.CachingServiceLocator                               : loaded 2 times (x 82B)
Class com.google.common.collect.AbstractMapBasedMultimap$KeySet                       : loaded 2 times (x 137B)
Class com.google.common.math.IntMath                                                  : loaded 2 times (x 71B)
Class com.google.common.collect.ImmutableMapEntry                                     : loaded 2 times (x 85B)
Class com.google.common.collect.ImmutableMultimap                                     : loaded 2 times (x 147B)
Class com.google.common.base.Equivalence                                              : loaded 2 times (x 82B)
Class com.google.common.base.Function                                                 : loaded 2 times (x 70B)
Class com.google.common.collect.ImmutableMapEntry$NonTerminalImmutableMapEntry        : loaded 2 times (x 85B)
Class com.google.common.cache.CacheBuilder$OneWeigher                                 : loaded 2 times (x 82B)
Class com.google.common.collect.RegularImmutableList                                  : loaded 2 times (x 213B)
Class org.gradle.internal.classloader.ClasspathUtil                                   : loaded 2 times (x 71B)
Class com.google.common.util.concurrent.Uninterruptibles                              : loaded 2 times (x 71B)
Class com.google.common.util.concurrent.LazyLogger                                    : loaded 2 times (x 72B)
Class com.google.common.collect.Maps                                                  : loaded 2 times (x 71B)
Class org.gradle.api.specs.Spec                                                       : loaded 2 times (x 70B)
Class [Lcom.google.common.collect.ImmutableEntry;                                     : loaded 2 times (x 69B)
Class com.google.common.cache.LocalCache$LoadingValueReference                        : loaded 2 times (x 96B)
Class com.google.common.collect.CollectSpliterators                                   : loaded 2 times (x 71B)
Class com.google.common.collect.AbstractMapBasedMultimap$AsMap                        : loaded 2 times (x 128B)
Class com.google.common.base.Platform                                                 : loaded 2 times (x 71B)
Class com.google.common.collect.AbstractMapBasedMultimap$WrappedList                  : loaded 2 times (x 205B)
Class [Lorg.objectweb.asm.AnnotationWriter;                                           : loaded 2 times (x 69B)
Class com.google.common.collect.Maps$8                                                : loaded 2 times (x 82B)
Class com.google.common.collect.Sets$SetView                                          : loaded 2 times (x 138B)
Class com.google.common.cache.LocalCache$StrongValueReference                         : loaded 2 times (x 90B)
Class com.google.common.graph.SuccessorsFunction                                      : loaded 2 times (x 70B)
Class org.objectweb.asm.Type                                                          : loaded 2 times (x 72B)
Class org.gradle.internal.classloader.VisitableURLClassLoader$InstrumentingVisitableURLClassLoader: loaded 2 times (x 123B)
Class com.google.common.io.Files$FileByteSink                                         : loaded 2 times (x 77B)
Class com.google.common.math.IntMath$1                                                : loaded 2 times (x 71B)
Class org.objectweb.asm.ByteVector                                                    : loaded 2 times (x 79B)
Class [Lcom.google.common.cache.CacheBuilder$NullListener;                            : loaded 2 times (x 69B)
Class org.gradle.internal.classloader.VisitableURLClassLoader$Spec                    : loaded 2 times (x 74B)
Class org.gradle.internal.classpath.DefaultClassPath                                  : loaded 2 times (x 90B)
Class com.google.common.base.AbstractIterator                                         : loaded 2 times (x 80B)
Class org.objectweb.asm.Symbol                                                        : loaded 2 times (x 73B)
Class com.google.common.io.Closer                                                     : loaded 2 times (x 78B)
Class com.google.common.base.CharMatcher$BitSetMatcher                                : loaded 2 times (x 112B)
Class com.google.common.collect.RegularImmutableMap$Values                            : loaded 2 times (x 207B)
Class com.google.common.collect.ImmutableSet                                          : loaded 2 times (x 145B)
Class org.gradle.internal.classloader.ClassLoaderSpec                                 : loaded 2 times (x 71B)
Class org.objectweb.asm.AnnotationWriter                                              : loaded 2 times (x 79B)
Class com.google.common.cache.CacheStats                                              : loaded 2 times (x 71B)
Class com.google.common.io.LineProcessor                                              : loaded 2 times (x 70B)
Class com.google.common.io.Closer$Suppressor                                          : loaded 2 times (x 70B)
Class org.objectweb.asm.RecordComponentWriter                                         : loaded 2 times (x 78B)
Class com.google.common.util.concurrent.AbstractFuture$Listener                       : loaded 2 times (x 72B)
Class com.google.common.base.CharMatcher$Or                                           : loaded 2 times (x 112B)
Class Settings_gradle$1$1                                                             : loaded 2 times (x 74B)
Class org.objectweb.asm.Attribute                                                     : loaded 2 times (x 77B)
Class com.google.common.base.Supplier                                                 : loaded 2 times (x 70B)
Class ijJvmDebugger1_b5rqkoi4cvyrocszbx6z13ivq$_run_closure1                          : loaded 2 times (x 139B)
Class org.gradle.internal.classloader.VisitableURLClassLoader                         : loaded 2 times (x 117B)
Class Settings_gradle                                                                 : loaded 2 times (x 124B)
Class org.gradle.internal.Cast                                                        : loaded 2 times (x 71B)
Class org.gradle.api.Action                                                           : loaded 2 times (x 70B)
Class com.google.common.base.Strings                                                  : loaded 2 times (x 71B)
Class com.google.common.collect.Sets                                                  : loaded 2 times (x 71B)
Class org.objectweb.asm.Handler                                                       : loaded 2 times (x 72B)
Class com.google.common.base.Ticker                                                   : loaded 2 times (x 72B)
Class com.google.common.base.CharMatcher$FastMatcher                                  : loaded 2 times (x 111B)
Class [Lcom.google.common.cache.LocalCache$Segment;                                   : loaded 2 times (x 69B)
Class [Lcom.google.common.cache.LocalCache$Strength;                                  : loaded 2 times (x 69B)
Class com.google.common.cache.CacheBuilder$1                                          : loaded 2 times (x 85B)
Class com.google.common.base.Predicate                                                : loaded 2 times (x 70B)
Class com.google.common.collect.ImmutableMap                                          : loaded 2 times (x 120B)
Class org.gradle.internal.classpath.DefaultClassPath$ImmutableUniqueList$Builder      : loaded 2 times (x 75B)
Class com.google.common.cache.LocalCache                                              : loaded 2 times (x 187B)
Class com.google.common.cache.CacheBuilder$2                                          : loaded 2 times (x 79B)
Class com.google.common.base.CharMatcher$NegatedFastMatcher                           : loaded 2 times (x 113B)
Class com.google.common.collect.ArrayListMultimap                                     : loaded 2 times (x 172B)
Class com.google.common.cache.CacheBuilder$3                                          : loaded 2 times (x 72B)
Class [Lcom.google.common.collect.AbstractMapEntry;                                   : loaded 2 times (x 69B)
Class com.google.common.collect.ImmutableEntry                                        : loaded 2 times (x 82B)
Class org.gradle.api.GradleException                                                  : loaded 2 times (x 82B)
Class com.google.common.base.Suppliers$MemoizingSupplier                              : loaded 2 times (x 79B)
Class com.google.common.collect.CollectPreconditions                                  : loaded 2 times (x 71B)
Class [Lcom.google.common.io.FileWriteMode;                                           : loaded 2 times (x 69B)
Class com.google.common.collect.SortedMapDifference                                   : loaded 2 times (x 70B)
Class com.google.common.io.Files                                                      : loaded 2 times (x 71B)
Class com.google.common.cache.LocalCache$EntryFactory                                 : loaded 2 times (x 83B)
Class com.google.common.cache.LocalCache$AbstractReferenceEntry                       : loaded 2 times (x 107B)
Class org.gradle.internal.IoActions                                                   : loaded 2 times (x 71B)
Class org.objectweb.asm.SymbolTable                                                   : loaded 2 times (x 72B)
Class com.google.common.cache.CacheLoader$InvalidCacheLoadException                   : loaded 2 times (x 82B)
Class com.google.common.collect.ImmutableSet$RegularSetBuilderImpl                    : loaded 2 times (x 77B)
Class org.gradle.internal.classloader.SystemClassLoaderSpec                           : loaded 2 times (x 71B)
Class com.google.common.cache.LocalCache$StrongEntry                                  : loaded 2 times (x 108B)
Class com.google.common.util.concurrent.AbstractFuture$TrustedFuture                  : loaded 2 times (x 114B)
Class com.google.common.cache.LoadingCache                                            : loaded 2 times (x 70B)
Class com.google.common.base.Suppliers$NonSerializableMemoizingSupplier               : loaded 2 times (x 79B)
Class org.objectweb.asm.MethodWriter                                                  : loaded 2 times (x 106B)
Class [Lcom.google.common.cache.Weigher;                                              : loaded 2 times (x 69B)
Class com.google.common.collect.RegularImmutableMap$BucketOverflowException           : loaded 2 times (x 82B)
Class com.google.common.collect.AbstractMapBasedMultimap$RandomAccessWrappedList      : loaded 2 times (x 205B)
Class com.google.common.collect.RegularImmutableBiMap                                 : loaded 2 times (x 149B)
Class com.google.common.cache.LocalCache$ValueReference                               : loaded 2 times (x 70B)
Class com.google.common.base.CharMatcher$Negated                                      : loaded 2 times (x 113B)
Class com.google.common.base.CharMatcher$Is                                           : loaded 2 times (x 111B)
Class com.google.common.base.PatternCompiler                                          : loaded 2 times (x 70B)
Class com.google.common.util.concurrent.AbstractFuture$Failure                        : loaded 2 times (x 72B)
Class com.google.common.base.Equivalence$Equals                                       : loaded 2 times (x 82B)
Class com.google.common.collect.Hashing                                               : loaded 2 times (x 71B)
Class com.google.common.base.Preconditions                                            : loaded 2 times (x 71B)
Class com.google.common.collect.ImmutableSetMultimap                                  : loaded 2 times (x 180B)
Class com.google.common.io.CharSink                                                   : loaded 2 times (x 79B)
Class com.google.common.base.Joiner$1                                                 : loaded 2 times (x 80B)
Class org.objectweb.asm.Label                                                         : loaded 2 times (x 73B)
Class org.objectweb.asm.CurrentFrame                                                  : loaded 2 times (x 73B)
Class org.objectweb.asm.ClassTooLargeException                                        : loaded 2 times (x 83B)
Class com.google.common.base.CharMatcher                                              : loaded 2 times (x 111B)
Class com.google.common.collect.PeekingIterator                                       : loaded 2 times (x 70B)
Class com.google.common.collect.Maps$IteratorBasedAbstractMap                         : loaded 2 times (x 125B)
Class com.google.common.collect.Table                                                 : loaded 2 times (x 70B)
Class com.google.common.base.Joiner$2                                                 : loaded 2 times (x 79B)
Class org.objectweb.asm.Frame                                                         : loaded 2 times (x 73B)
Class org.objectweb.asm.MethodVisitor                                                 : loaded 2 times (x 105B)
Class com.google.common.cache.LocalCache$EntryFactory$1                               : loaded 2 times (x 83B)
Class [Lcom.google.common.cache.RemovalListener;                                      : loaded 2 times (x 69B)
Class com.google.common.base.CharMatcher$NamedFastMatcher                             : loaded 2 times (x 112B)
Class com.google.common.base.CharMatcher$1                                            : loaded 2 times (x 113B)
Class com.google.common.cache.LocalCache$EntryFactory$2                               : loaded 2 times (x 83B)
Class org.gradle.api.internal.classpath.GlobalCacheRootsProvider                      : loaded 2 times (x 70B)
Class org.objectweb.asm.ModuleWriter                                                  : loaded 2 times (x 82B)
Class com.google.common.cache.LocalCache$EntryFactory$3                               : loaded 2 times (x 83B)
Class com.google.common.base.Ticker$1                                                 : loaded 2 times (x 72B)
Class com.google.common.collect.Maps$BiMapConverter                                   : loaded 2 times (x 90B)
Class com.google.common.collect.ImmutableMapEntrySet$RegularEntrySet                  : loaded 2 times (x 152B)
Class com.google.common.collect.CollectSpliterators$1                                 : loaded 2 times (x 90B)
Class com.google.common.collect.SetMultimap                                           : loaded 2 times (x 70B)
Class com.google.common.collect.ImmutableSet$Builder                                  : loaded 2 times (x 85B)
Class com.google.common.cache.LocalCache$EntryFactory$4                               : loaded 2 times (x 83B)
Class com.google.common.base.CharMatcher$InRange                                      : loaded 2 times (x 111B)
Class com.google.common.cache.LocalCache$EntryFactory$5                               : loaded 2 times (x 83B)
Class com.google.common.base.PairwiseEquivalence                                      : loaded 2 times (x 83B)
Class com.google.common.cache.LocalCache$EntryFactory$6                               : loaded 2 times (x 83B)
Class org.gradle.internal.installation.CurrentGradleInstallationLocator               : loaded 2 times (x 71B)
Class com.google.common.collect.Maps$KeySet                                           : loaded 2 times (x 137B)
Class com.google.common.collect.ImmutableSet$EmptySetBuilderImpl                      : loaded 2 times (x 76B)
Class com.google.common.cache.LocalCache$EntryFactory$7                               : loaded 2 times (x 83B)
Class com.google.common.collect.ImmutableList                                         : loaded 2 times (x 206B)
Class org.gradle.internal.service.DefaultServiceLocator                               : loaded 2 times (x 83B)
Class com.google.common.collect.Maps$EntrySet                                         : loaded 2 times (x 136B)
Class com.google.common.cache.LocalCache$EntryFactory$8                               : loaded 2 times (x 83B)
Class com.google.common.collect.ImmutableSet$SetBuilderImpl                           : loaded 2 times (x 76B)
Class org.gradle.internal.installation.CurrentGradleInstallation                      : loaded 2 times (x 73B)
Class com.google.common.cache.CacheLoader$1                                           : loaded 2 times (x 75B)
Class com.google.common.collect.ForwardingObject                                      : loaded 2 times (x 72B)
Class com.google.common.collect.ImmutableList$SubList                                 : loaded 2 times (x 209B)
Class org.gradle.util.internal.GUtil                                                  : loaded 2 times (x 71B)
Class com.google.common.io.ByteSource                                                 : loaded 2 times (x 84B)
Class com.google.common.cache.AbstractCache$StatsCounter                              : loaded 2 times (x 70B)
Class com.google.common.collect.Iterators$MergingIterator                             : loaded 2 times (x 81B)
Class com.google.common.collect.RegularImmutableSet                                   : loaded 2 times (x 149B)
Class org.gradle.internal.installation.GradleInstallation                             : loaded 2 times (x 75B)
Class com.google.common.base.Splitter$Strategy                                        : loaded 2 times (x 70B)
Class com.google.common.collect.Iterables                                             : loaded 2 times (x 71B)

---------------  S Y S T E M  ---------------

OS:
 Windows 11 , 64 bit Build 26100 (10.0.26100.8328)
OS uptime: 0 days 9:10 hours
Hyper-V role detected

CPU: total 16 (initial active 16) (16 cores per cpu, 2 threads per core) family 23 model 104 stepping 1 microcode 0x8608107, cx8, cmov, fxsr, ht, mmx, 3dnowpref, sse, sse2, sse3, ssse3, sse4a, sse4.1, sse4.2, popcnt, lzcnt, tsc, tscinvbit, avx, avx2, aes, clmul, bmi1, bmi2, adx, sha, fma, vzeroupper, clflush, clflushopt, hv, rdtscp, rdpid, f16c
Processor Information for the first 16 processors :
  Max Mhz: 1801, Current Mhz: 1801, Mhz Limit: 1801

Memory: 4k page, system-wide physical 7501M (438M free)
TotalPageFile size 30029M (AvailPageFile size 37M)
current process WorkingSet (physical memory assigned to process): 804M, peak: 823M
current process commit charge ("private bytes"): 970M, peak: 1007M

vm_info: OpenJDK 64-Bit Server VM (21.0.10+-14961533-b1163.108) for windows-amd64 JRE (21.0.10+-14961533-b1163.108), built on 2026-03-02T19:58:50Z by "builder" with MS VC++ 16.10 / 16.11 (VS2019)

END.
