#
# There is insufficient memory for the Java Runtime Environment to continue.
# Native memory allocation (malloc) failed to allocate 1483056 bytes. Error detail: Chunk::new
# Possible reasons:
#   The system is out of physical RAM or swap space
#   This process is running with CompressedOops enabled, and the Java Heap may be blocking the growth of the native heap
# Possible solutions:
#   Reduce memory load on the system
#   Increase physical memory or swap space
#   Check if swap backing store is full
#   Decrease Java heap size (-Xmx/-Xms)
#   Decrease number of Java threads
#   Decrease Java thread stack sizes (-Xss)
#   Set larger code cache with -XX:ReservedCodeCacheSize=
#   JVM is running with Unscaled Compressed Oops mode in which the Java heap is
#     placed in the first 4GB address space. The Java Heap base address is the
#     maximum limit for the native heap growth. Please use -XX:HeapBaseMinAddress
#     to set the Java Heap base and to place the Java Heap above 4GB virtual address.
# This output file may be truncated or incomplete.
#
#  Out of Memory Error (arena.cpp:168), pid=31596, tid=19396
#
# JRE version: OpenJDK Runtime Environment (21.0.10) (build 21.0.10+-14961533-b1163.108)
# Java VM: OpenJDK 64-Bit Server VM (21.0.10+-14961533-b1163.108, mixed mode, tiered, compressed oops, compressed class ptrs, g1 gc, windows-amd64)
# No core dump will be written. Minidumps are not enabled by default on client versions of Windows
#

---------------  S U M M A R Y ------------

Command Line: --add-opens=java.base/java.lang=ALL-UNNAMED --add-opens=java.base/java.lang.invoke=ALL-UNNAMED --add-opens=java.base/java.util=ALL-UNNAMED --add-opens=java.prefs/java.util.prefs=ALL-UNNAMED --add-exports=jdk.compiler/com.sun.tools.javac.api=ALL-UNNAMED --add-exports=jdk.compiler/com.sun.tools.javac.util=ALL-UNNAMED --add-opens=java.base/java.util=ALL-UNNAMED --add-opens=java.prefs/java.util.prefs=ALL-UNNAMED --add-opens=java.base/java.nio.charset=ALL-UNNAMED --add-opens=java.base/java.net=ALL-UNNAMED --add-opens=java.base/java.util.concurrent=ALL-UNNAMED --add-opens=java.base/java.util.concurrent.atomic=ALL-UNNAMED --add-opens=java.xml/javax.xml.namespace=ALL-UNNAMED --add-opens=java.base/java.time=ALL-UNNAMED -Xmx2048m -Dfile.encoding=UTF-8 -Duser.country=ZA -Duser.language=en -Duser.variant -javaagent:C:\Users\Windows 10\.gradle\wrapper\dists\gradle-9.3.1-bin\23ovyewtku6u96viwx3xl3oks\gradle-9.3.1\lib\agents\gradle-instrumentation-agent-9.3.1.jar org.gradle.launcher.daemon.bootstrap.GradleDaemon 9.3.1

Host: AMD Ryzen 7 5700U with Radeon Graphics         , 16 cores, 7G,  Windows 11 , 64 bit Build 26100 (10.0.26100.8328)
Time: Mon Jun  8 20:24:18 2026 South Africa Standard Time elapsed time: 43.148946 seconds (0d 0h 0m 43s)

---------------  T H R E A D  ---------------

Current thread (0x00000211052a2fd0):  JavaThread "C2 CompilerThread0" daemon [_thread_in_native, id=19396, stack(0x0000008340a00000,0x0000008340b00000) (1024K)]


Current CompileTask:
C2:43149 16365 % !   4       com.android.tools.r8.dex.z::k @ 424 (2710 bytes)

Stack: [0x0000008340a00000,0x0000008340b00000]
Native frames: (J=compiled Java code, j=interpreted, Vv=VM code, C=native code)
V  [jvm.dll+0x6d78a9]
V  [jvm.dll+0x8665b3]
V  [jvm.dll+0x868bde]
V  [jvm.dll+0x8692c3]
V  [jvm.dll+0x280ee6]
V  [jvm.dll+0xc07cd]
V  [jvm.dll+0xc0d03]
V  [jvm.dll+0x3ba091]
V  [jvm.dll+0x385df7]
V  [jvm.dll+0x38526a]
V  [jvm.dll+0x249bd2]
V  [jvm.dll+0x2491a1]
V  [jvm.dll+0x1c76e4]
V  [jvm.dll+0x25891e]
V  [jvm.dll+0x256e66]
V  [jvm.dll+0x3f513e]
V  [jvm.dll+0x80fd28]
V  [jvm.dll+0x6d60fd]
C  [ucrtbase.dll+0x37b0]
C  [KERNEL32.DLL+0x2e957]
C  [ntdll.dll+0x427c]


---------------  P R O C E S S  ---------------

Threads class SMR info:
_java_thread_list=0x000002110fe0e670, length=238, elements={
0x000002116ce375f0, 0x0000021105245900, 0x0000021105282070, 0x0000021105282ad0,
0x0000021105285a70, 0x00000211052864d0, 0x0000021105288ee0, 0x000002110529ef20,
0x00000211052a2fd0, 0x00000211052a5d90, 0x0000021105466b90, 0x00000211056190d0,
0x000002110ba1e430, 0x000002110bcc3f80, 0x000002110ba733d0, 0x000002110be07900,
0x000002110bb923a0, 0x000002110ba91380, 0x000002110bb36650, 0x000002110bb37370,
0x000002110bb37a00, 0x000002110bb36ce0, 0x000002110bb35fc0, 0x000002110bb35930,
0x000002110bb38720, 0x000002110a83d440, 0x000002110a839fc0, 0x000002110a83ace0,
0x000002110a83ba00, 0x000002110a83dad0, 0x000002110a83e7f0, 0x000002110a83cdb0,
0x000002110a83e160, 0x000002110a83c720, 0x000002110a840230, 0x000002110a8415e0,
0x000002110a8408c0, 0x000002110a83fba0, 0x000002110a840f50, 0x000002110c4dc170,
0x000002110c4dbae0, 0x000002110c4dce90, 0x000002110c4dc800, 0x000002110c4da730,
0x000002110c4db450, 0x000002110c4dadc0, 0x000002110c4dd520, 0x000002110c4da0a0,
0x000002110c4e09a0, 0x000002110c4def60, 0x000002110c4e1030, 0x000002110c4df5f0,
0x000002110c4e0310, 0x000002110c4de240, 0x000002110c4dfc80, 0x000002110c4ddbb0,
0x000002110c4e16c0, 0x000002110c4de8d0, 0x0000021110354310, 0x0000021110353c80,
0x00000211103549a0, 0x00000211103556c0, 0x0000021110355d50, 0x0000021110355030,
0x0000021110352f60, 0x0000021110356a70, 0x00000211103563e0, 0x00000211103535f0,
0x0000021110357100, 0x000002111035a580, 0x0000021110357790, 0x00000211103584b0,
0x0000021110358b40, 0x00000211103591d0, 0x000002110c906970, 0x000002110c907000,
0x000002110c904210, 0x000002110c905c50, 0x000002110c907d20, 0x000002110c9048a0,
0x000002110c9083b0, 0x000002110c908a40, 0x000002110c9055c0, 0x000002110c909760,
0x000002110c909df0, 0x000002110c90a480, 0x000002110c9090d0, 0x000002110c90b1a0,
0x000002110c90ab10, 0x000002110c90b830, 0x000002110d896040, 0x000002110d896d60,
0x000002110d898110, 0x000002110d8966d0, 0x000002110d8994c0, 0x000002110d89a870,
0x000002110d899b50, 0x000002110d89a1e0, 0x000002110d8987a0, 0x000002110d898e30,
0x000002110d8973f0, 0x000002110d89af00, 0x000002110d897a80, 0x000002110d89cfd0,
0x000002110d89d660, 0x000002110d89b590, 0x000002110d89bc20, 0x000002110d89c2b0,
0x000002110d89c940, 0x0000021105d40570, 0x0000021105d40c00, 0x0000021105d41290,
0x0000021105d41920, 0x0000021105d41fb0, 0x0000021105d3eb30, 0x0000021105d3f850,
0x0000021105d42640, 0x0000021105d3f1c0, 0x0000021105d42cd0, 0x0000021105d46150,
0x0000021105d45ac0, 0x0000021105d439f0, 0x000002110e248870, 0x000002110e248f00,
0x000002110e249590, 0x000002110e249c20, 0x000002110e2467a0, 0x000002110e24afd0,
0x000002110e24bcf0, 0x000002110e24d730, 0x000002110e24d0a0, 0x000002110e24ca10,
0x000002110e24c380, 0x000002110e24b660, 0x000002110e24ddc0, 0x000002110e1889f0,
0x000002110e187640, 0x000002110e187cd0, 0x00000211058717a0, 0x000002110586e9b0,
0x0000021105871110, 0x000002110586fd60, 0x00000211058724c0, 0x0000021105871e30,
0x000002110586f040, 0x0000021105872b50, 0x0000021105870a80, 0x000002110586f6d0,
0x00000211058731e0, 0x0000021105873870, 0x00000211058703f0, 0x0000021105875940,
0x0000021105876660, 0x0000021105876cf0, 0x000002110ad9ad70, 0x0000021105b2c9b0,
0x0000021105b2d040, 0x0000021105b2c320, 0x0000021105b2bc90, 0x000002110cb1caa0,
0x000002110cb1b6f0, 0x000002110cb1b060, 0x000002110cb1a340, 0x000002110cb1c410,
0x000002110cb1d130, 0x000002110cb1d7c0, 0x000002110cb1bd80, 0x000002110cb1a9d0,
0x0000021105af1d30, 0x0000021105af23c0, 0x0000021105af16a0, 0x000002110ec4a170,
0x000002110ad9c060, 0x000002110ad9b9d0, 0x000002110ad9c6f0, 0x000002110c1e7fd0,
0x000002110c1e6c20, 0x000002110c1e72b0, 0x000002110c1e7940, 0x0000021116b9b4c0,
0x000002110f166930, 0x000002110f166fc0, 0x000002110f165c10, 0x000002110f1662a0,
0x0000021110fa80a0, 0x0000021110fa8730, 0x0000021110fa9450, 0x0000021110fa8dc0,
0x00000211110257a0, 0x00000211110271e0, 0x0000021111027870, 0x0000021111027f00,
0x0000021110ec52f0, 0x0000021110ec5980, 0x000002110ec4ae90, 0x000002110ade8770,
0x000002110ec4a800, 0x000002110f122180, 0x000002110f122ea0, 0x000002110f122810,
0x000002110eb826a0, 0x000002110eb81980, 0x000002110eb82d30, 0x000002110eb805d0,
0x000002110eb7f8b0, 0x000002110eb82010, 0x000002110eb7ff40, 0x00000211110264c0,
0x0000021111024a80, 0x0000021111025e30, 0x0000021111025110, 0x0000021111026b50,
0x000002110f9852a0, 0x000002110f987370, 0x000002110f988090, 0x000002110f985fc0,
0x000002110f986650, 0x000002110f186230, 0x000002110f185ba0, 0x0000021110d79400,
0x000002110eb80c60, 0x0000021110ec4c60, 0x0000021110ec6010, 0x000002110ec49ae0,
0x00000211170da470, 0x00000211170dab00, 0x000002110ade8e40, 0x000002110e26a300,
0x000002110f984c10, 0x000002110ea1bf30, 0x000002110f985930, 0x00000211101b0a00,
0x000002110ec4b520, 0x0000021105877380, 0x000002110ec480a0, 0x000002110ad9a6e0,
0x000002110ad9a050, 0x00000211101b1090
}

Java Threads: ( => current thread )
  0x000002116ce375f0 JavaThread "main"                              [_thread_blocked, id=26112, stack(0x000000833fb00000,0x000000833fc00000) (1024K)]
  0x0000021105245900 JavaThread "Common-Cleaner"             daemon [_thread_blocked, id=25848, stack(0x0000008340300000,0x0000008340400000) (1024K)]
  0x0000021105282070 JavaThread "Reference Handler"          daemon [_thread_blocked, id=35412, stack(0x0000008340400000,0x0000008340500000) (1024K)]
  0x0000021105282ad0 JavaThread "Finalizer"                  daemon [_thread_blocked, id=20696, stack(0x0000008340500000,0x0000008340600000) (1024K)]
  0x0000021105285a70 JavaThread "Signal Dispatcher"          daemon [_thread_blocked, id=35852, stack(0x0000008340600000,0x0000008340700000) (1024K)]
  0x00000211052864d0 JavaThread "Attach Listener"            daemon [_thread_blocked, id=21044, stack(0x0000008340700000,0x0000008340800000) (1024K)]
  0x0000021105288ee0 JavaThread "Service Thread"             daemon [_thread_blocked, id=26080, stack(0x0000008340800000,0x0000008340900000) (1024K)]
  0x000002110529ef20 JavaThread "Monitor Deflation Thread"   daemon [_thread_blocked, id=2612, stack(0x0000008340900000,0x0000008340a00000) (1024K)]
=>0x00000211052a2fd0 JavaThread "C2 CompilerThread0"         daemon [_thread_in_native, id=19396, stack(0x0000008340a00000,0x0000008340b00000) (1024K)]
  0x00000211052a5d90 JavaThread "C1 CompilerThread0"         daemon [_thread_blocked, id=35576, stack(0x0000008340b00000,0x0000008340c00000) (1024K)]
  0x0000021105466b90 JavaThread "C1 CompilerThread1"         daemon [_thread_blocked, id=22916, stack(0x0000008340c00000,0x0000008340d00000) (1024K)]
  0x00000211056190d0 JavaThread "Notification Thread"        daemon [_thread_blocked, id=34908, stack(0x0000008340e00000,0x0000008340f00000) (1024K)]
  0x000002110ba1e430 JavaThread "Daemon health stats"               [_thread_blocked, id=25876, stack(0x0000008341600000,0x0000008341700000) (1024K)]
  0x000002110bcc3f80 JavaThread "Incoming local TCP Connector on port 55083"        [_thread_in_native, id=35324, stack(0x0000008341700000,0x0000008341800000) (1024K)]
  0x000002110ba733d0 JavaThread "Daemon periodic checks"            [_thread_blocked, id=35144, stack(0x0000008341800000,0x0000008341900000) (1024K)]
  0x000002110be07900 JavaThread "Daemon"                            [_thread_blocked, id=17492, stack(0x0000008341900000,0x0000008341a00000) (1024K)]
  0x000002110bb923a0 JavaThread "Handler for socket connection from /127.0.0.1:55083 to /127.0.0.1:55084"        [_thread_in_native, id=13480, stack(0x0000008341a00000,0x0000008341b00000) (1024K)]
  0x000002110ba91380 JavaThread "Cancel handler"                    [_thread_blocked, id=28964, stack(0x0000008341b00000,0x0000008341c00000) (1024K)]
  0x000002110bb36650 JavaThread "Daemon worker"                     [_thread_blocked, id=35992, stack(0x0000008342500000,0x0000008342600000) (1024K)]
  0x000002110bb37370 JavaThread "Asynchronous log dispatcher for DefaultDaemonConnection: socket connection from /127.0.0.1:55083 to /127.0.0.1:55084"        [_thread_blocked, id=35048, stack(0x0000008342600000,0x0000008342700000) (1024K)]
  0x000002110bb37a00 JavaThread "Stdin handler"                     [_thread_blocked, id=21168, stack(0x0000008342700000,0x0000008342800000) (1024K)]
  0x000002110bb36ce0 JavaThread "Daemon client event forwarder"        [_thread_blocked, id=29912, stack(0x0000008342800000,0x0000008342900000) (1024K)]
  0x000002110bb35fc0 JavaThread "Cache worker for journal cache (C:\Users\Windows 10\.gradle\caches\journal-1)"        [_thread_blocked, id=32276, stack(0x0000008340f00000,0x0000008341000000) (1024K)]
  0x000002110bb35930 JavaThread "File lock request listener"        [_thread_in_native, id=30968, stack(0x0000008342900000,0x0000008342a00000) (1024K)]
  0x000002110bb38720 JavaThread "Cache worker for file hash cache (C:\Users\Windows 10\.gradle\caches\9.3.1\fileHashes)"        [_thread_blocked, id=21484, stack(0x0000008342b00000,0x0000008342c00000) (1024K)]
  0x000002110a83d440 JavaThread "Cache worker for file hash cache (C:\Users\Windows 10\Videos\smartcent2\.gradle\9.3.1\fileHashes)"        [_thread_blocked, id=5756, stack(0x0000008342c00000,0x0000008342d00000) (1024K)]
  0x000002110a839fc0 JavaThread "Cache worker for Build Output Cleanup Cache (C:\Users\Windows 10\Videos\smartcent2\.gradle\buildOutputCleanup)"        [_thread_blocked, id=34932, stack(0x0000008342d00000,0x0000008342e00000) (1024K)]
  0x000002110a83ace0 JavaThread "File watcher server"        daemon [_thread_blocked, id=26136, stack(0x0000008342e00000,0x0000008342f00000) (1024K)]
  0x000002110a83ba00 JavaThread "File watcher consumer"      daemon [_thread_blocked, id=25856, stack(0x0000008342f00000,0x0000008343000000) (1024K)]
  0x000002110a83dad0 JavaThread "Cache worker for checksums cache (C:\Users\Windows 10\Videos\smartcent2\.gradle\9.3.1\checksums)"        [_thread_blocked, id=26708, stack(0x0000008343000000,0x0000008343100000) (1024K)]
  0x000002110a83e7f0 JavaThread "Cache worker for file content cache (C:\Users\Windows 10\.gradle\caches\9.3.1\fileContent)"        [_thread_blocked, id=26424, stack(0x0000008343100000,0x0000008343200000) (1024K)]
  0x000002110a83cdb0 JavaThread "Cache worker for cache directory md-supplier (C:\Users\Windows 10\.gradle\caches\9.3.1\md-supplier)"        [_thread_blocked, id=33504, stack(0x0000008343200000,0x0000008343300000) (1024K)]
  0x000002110a83e160 JavaThread "Cache worker for cache directory md-rule (C:\Users\Windows 10\.gradle\caches\9.3.1\md-rule)"        [_thread_blocked, id=36596, stack(0x0000008343300000,0x0000008343400000) (1024K)]
  0x000002110a83c720 JavaThread "jar transforms"                    [_thread_blocked, id=4188, stack(0x0000008343400000,0x0000008343500000) (1024K)]
  0x000002110a840230 JavaThread "jar transforms Thread 2"           [_thread_blocked, id=35744, stack(0x0000008343500000,0x0000008343600000) (1024K)]
  0x000002110a8415e0 JavaThread "jar transforms Thread 3"           [_thread_blocked, id=36724, stack(0x0000008343700000,0x0000008343800000) (1024K)]
  0x000002110a8408c0 JavaThread "Unconstrained build operations"        [_thread_blocked, id=31884, stack(0x0000008343800000,0x0000008343900000) (1024K)]
  0x000002110a83fba0 JavaThread "Unconstrained build operations Thread 2"        [_thread_blocked, id=32340, stack(0x0000008343900000,0x0000008343a00000) (1024K)]
  0x000002110a840f50 JavaThread "Unconstrained build operations Thread 3"        [_thread_blocked, id=19680, stack(0x0000008343a00000,0x0000008343b00000) (1024K)]
  0x000002110c4dc170 JavaThread "Unconstrained build operations Thread 4"        [_thread_blocked, id=2044, stack(0x0000008343b00000,0x0000008343c00000) (1024K)]
  0x000002110c4dbae0 JavaThread "Unconstrained build operations Thread 5"        [_thread_blocked, id=13264, stack(0x0000008343c00000,0x0000008343d00000) (1024K)]
  0x000002110c4dce90 JavaThread "Unconstrained build operations Thread 6"        [_thread_blocked, id=26128, stack(0x0000008343d00000,0x0000008343e00000) (1024K)]
  0x000002110c4dc800 JavaThread "Unconstrained build operations Thread 7"        [_thread_blocked, id=25168, stack(0x0000008343e00000,0x0000008343f00000) (1024K)]
  0x000002110c4da730 JavaThread "Unconstrained build operations Thread 8"        [_thread_blocked, id=30036, stack(0x0000008343f00000,0x0000008344000000) (1024K)]
  0x000002110c4db450 JavaThread "Unconstrained build operations Thread 9"        [_thread_blocked, id=27056, stack(0x0000008344000000,0x0000008344100000) (1024K)]
  0x000002110c4dadc0 JavaThread "Unconstrained build operations Thread 10"        [_thread_blocked, id=32388, stack(0x0000008344100000,0x0000008344200000) (1024K)]
  0x000002110c4dd520 JavaThread "Unconstrained build operations Thread 11"        [_thread_blocked, id=9332, stack(0x0000008344200000,0x0000008344300000) (1024K)]
  0x000002110c4da0a0 JavaThread "Unconstrained build operations Thread 12"        [_thread_blocked, id=3372, stack(0x0000008344300000,0x0000008344400000) (1024K)]
  0x000002110c4e09a0 JavaThread "Unconstrained build operations Thread 13"        [_thread_blocked, id=3696, stack(0x0000008344400000,0x0000008344500000) (1024K)]
  0x000002110c4def60 JavaThread "Unconstrained build operations Thread 14"        [_thread_blocked, id=12868, stack(0x0000008344500000,0x0000008344600000) (1024K)]
  0x000002110c4e1030 JavaThread "Unconstrained build operations Thread 15"        [_thread_blocked, id=2632, stack(0x0000008344600000,0x0000008344700000) (1024K)]
  0x000002110c4df5f0 JavaThread "Unconstrained build operations Thread 16"        [_thread_blocked, id=23904, stack(0x0000008344700000,0x0000008344800000) (1024K)]
  0x000002110c4e0310 JavaThread "Unconstrained build operations Thread 17"        [_thread_blocked, id=28824, stack(0x0000008344800000,0x0000008344900000) (1024K)]
  0x000002110c4de240 JavaThread "Unconstrained build operations Thread 18"        [_thread_blocked, id=26164, stack(0x0000008344900000,0x0000008344a00000) (1024K)]
  0x000002110c4dfc80 JavaThread "Unconstrained build operations Thread 19"        [_thread_blocked, id=13548, stack(0x0000008344a00000,0x0000008344b00000) (1024K)]
  0x000002110c4ddbb0 JavaThread "Unconstrained build operations Thread 20"        [_thread_blocked, id=36376, stack(0x0000008344b00000,0x0000008344c00000) (1024K)]
  0x000002110c4e16c0 JavaThread "jar transforms Thread 4"           [_thread_blocked, id=32724, stack(0x0000008342a00000,0x0000008342b00000) (1024K)]
  0x000002110c4de8d0 JavaThread "jar transforms Thread 5"           [_thread_blocked, id=19428, stack(0x0000008344c00000,0x0000008344d00000) (1024K)]
  0x0000021110354310 JavaThread "Unconstrained build operations Thread 21"        [_thread_blocked, id=33712, stack(0x0000008344d00000,0x0000008344e00000) (1024K)]
  0x0000021110353c80 JavaThread "Unconstrained build operations Thread 22"        [_thread_blocked, id=35104, stack(0x0000008344e00000,0x0000008344f00000) (1024K)]
  0x00000211103549a0 JavaThread "Unconstrained build operations Thread 23"        [_thread_blocked, id=31084, stack(0x0000008344f00000,0x0000008345000000) (1024K)]
  0x00000211103556c0 JavaThread "Unconstrained build operations Thread 24"        [_thread_blocked, id=34376, stack(0x0000008345000000,0x0000008345100000) (1024K)]
  0x0000021110355d50 JavaThread "Unconstrained build operations Thread 25"        [_thread_blocked, id=34464, stack(0x0000008345100000,0x0000008345200000) (1024K)]
  0x0000021110355030 JavaThread "Unconstrained build operations Thread 26"        [_thread_blocked, id=25124, stack(0x0000008345200000,0x0000008345300000) (1024K)]
  0x0000021110352f60 JavaThread "Unconstrained build operations Thread 27"        [_thread_blocked, id=33484, stack(0x0000008345300000,0x0000008345400000) (1024K)]
  0x0000021110356a70 JavaThread "Unconstrained build operations Thread 28"        [_thread_blocked, id=33056, stack(0x0000008345400000,0x0000008345500000) (1024K)]
  0x00000211103563e0 JavaThread "Unconstrained build operations Thread 29"        [_thread_blocked, id=32416, stack(0x0000008345500000,0x0000008345600000) (1024K)]
  0x00000211103535f0 JavaThread "Unconstrained build operations Thread 30"        [_thread_blocked, id=29904, stack(0x0000008345600000,0x0000008345700000) (1024K)]
  0x0000021110357100 JavaThread "jar transforms Thread 6"           [_thread_blocked, id=30476, stack(0x0000008345700000,0x0000008345800000) (1024K)]
  0x000002111035a580 JavaThread "jar transforms Thread 7"           [_thread_blocked, id=29608, stack(0x0000008345800000,0x0000008345900000) (1024K)]
  0x0000021110357790 JavaThread "jar transforms Thread 8"           [_thread_blocked, id=35436, stack(0x0000008345900000,0x0000008345a00000) (1024K)]
  0x00000211103584b0 JavaThread "Unconstrained build operations Thread 31"        [_thread_blocked, id=32648, stack(0x0000008345a00000,0x0000008345b00000) (1024K)]
  0x0000021110358b40 JavaThread "Unconstrained build operations Thread 32"        [_thread_blocked, id=24816, stack(0x0000008345b00000,0x0000008345c00000) (1024K)]
  0x00000211103591d0 JavaThread "Unconstrained build operations Thread 33"        [_thread_blocked, id=35632, stack(0x0000008345c00000,0x0000008345d00000) (1024K)]
  0x000002110c906970 JavaThread "Unconstrained build operations Thread 34"        [_thread_blocked, id=28588, stack(0x0000008345d00000,0x0000008345e00000) (1024K)]
  0x000002110c907000 JavaThread "Unconstrained build operations Thread 35"        [_thread_blocked, id=35976, stack(0x0000008345e00000,0x0000008345f00000) (1024K)]
  0x000002110c904210 JavaThread "Unconstrained build operations Thread 36"        [_thread_blocked, id=20296, stack(0x0000008345f00000,0x0000008346000000) (1024K)]
  0x000002110c905c50 JavaThread "Unconstrained build operations Thread 37"        [_thread_blocked, id=11512, stack(0x0000008346000000,0x0000008346100000) (1024K)]
  0x000002110c907d20 JavaThread "Unconstrained build operations Thread 38"        [_thread_blocked, id=7672, stack(0x0000008346100000,0x0000008346200000) (1024K)]
  0x000002110c9048a0 JavaThread "Unconstrained build operations Thread 39"        [_thread_blocked, id=23648, stack(0x0000008346200000,0x0000008346300000) (1024K)]
  0x000002110c9083b0 JavaThread "Unconstrained build operations Thread 40"        [_thread_blocked, id=30140, stack(0x0000008346300000,0x0000008346400000) (1024K)]
  0x000002110c908a40 JavaThread "Unconstrained build operations Thread 41"        [_thread_blocked, id=33892, stack(0x0000008346400000,0x0000008346500000) (1024K)]
  0x000002110c9055c0 JavaThread "Unconstrained build operations Thread 42"        [_thread_blocked, id=33324, stack(0x0000008346500000,0x0000008346600000) (1024K)]
  0x000002110c909760 JavaThread "Unconstrained build operations Thread 43"        [_thread_blocked, id=8736, stack(0x0000008346600000,0x0000008346700000) (1024K)]
  0x000002110c909df0 JavaThread "Unconstrained build operations Thread 44"        [_thread_blocked, id=29396, stack(0x0000008346700000,0x0000008346800000) (1024K)]
  0x000002110c90a480 JavaThread "Unconstrained build operations Thread 45"        [_thread_blocked, id=19116, stack(0x0000008346800000,0x0000008346900000) (1024K)]
  0x000002110c9090d0 JavaThread "Unconstrained build operations Thread 46"        [_thread_blocked, id=33080, stack(0x0000008346900000,0x0000008346a00000) (1024K)]
  0x000002110c90b1a0 JavaThread "Unconstrained build operations Thread 47"        [_thread_blocked, id=31324, stack(0x0000008346a00000,0x0000008346b00000) (1024K)]
  0x000002110c90ab10 JavaThread "Unconstrained build operations Thread 48"        [_thread_blocked, id=7496, stack(0x0000008346b00000,0x0000008346c00000) (1024K)]
  0x000002110c90b830 JavaThread "Unconstrained build operations Thread 49"        [_thread_blocked, id=28776, stack(0x0000008346c00000,0x0000008346d00000) (1024K)]
  0x000002110d896040 JavaThread "Unconstrained build operations Thread 50"        [_thread_blocked, id=16220, stack(0x0000008346d00000,0x0000008346e00000) (1024K)]
  0x000002110d896d60 JavaThread "Unconstrained build operations Thread 51"        [_thread_blocked, id=32760, stack(0x0000008346e00000,0x0000008346f00000) (1024K)]
  0x000002110d898110 JavaThread "Unconstrained build operations Thread 52"        [_thread_blocked, id=18700, stack(0x0000008346f00000,0x0000008347000000) (1024K)]
  0x000002110d8966d0 JavaThread "Unconstrained build operations Thread 53"        [_thread_blocked, id=28664, stack(0x0000008347000000,0x0000008347100000) (1024K)]
  0x000002110d8994c0 JavaThread "Unconstrained build operations Thread 54"        [_thread_blocked, id=34832, stack(0x0000008347100000,0x0000008347200000) (1024K)]
  0x000002110d89a870 JavaThread "Unconstrained build operations Thread 55"        [_thread_blocked, id=2332, stack(0x0000008347200000,0x0000008347300000) (1024K)]
  0x000002110d899b50 JavaThread "Unconstrained build operations Thread 56"        [_thread_blocked, id=30308, stack(0x0000008347300000,0x0000008347400000) (1024K)]
  0x000002110d89a1e0 JavaThread "Unconstrained build operations Thread 57"        [_thread_blocked, id=25504, stack(0x0000008347400000,0x0000008347500000) (1024K)]
  0x000002110d8987a0 JavaThread "Unconstrained build operations Thread 58"        [_thread_blocked, id=7740, stack(0x0000008347500000,0x0000008347600000) (1024K)]
  0x000002110d898e30 JavaThread "Unconstrained build operations Thread 59"        [_thread_blocked, id=31040, stack(0x0000008347600000,0x0000008347700000) (1024K)]
  0x000002110d8973f0 JavaThread "Unconstrained build operations Thread 60"        [_thread_blocked, id=18820, stack(0x0000008347700000,0x0000008347800000) (1024K)]
  0x000002110d89af00 JavaThread "Unconstrained build operations Thread 61"        [_thread_blocked, id=16980, stack(0x0000008347800000,0x0000008347900000) (1024K)]
  0x000002110d897a80 JavaThread "Unconstrained build operations Thread 62"        [_thread_blocked, id=18288, stack(0x0000008347900000,0x0000008347a00000) (1024K)]
  0x000002110d89cfd0 JavaThread "Unconstrained build operations Thread 63"        [_thread_blocked, id=22732, stack(0x0000008347a00000,0x0000008347b00000) (1024K)]
  0x000002110d89d660 JavaThread "Unconstrained build operations Thread 64"        [_thread_blocked, id=36764, stack(0x0000008347c00000,0x0000008347d00000) (1024K)]
  0x000002110d89b590 JavaThread "Unconstrained build operations Thread 65"        [_thread_blocked, id=11228, stack(0x0000008347d00000,0x0000008347e00000) (1024K)]
  0x000002110d89bc20 JavaThread "Unconstrained build operations Thread 66"        [_thread_blocked, id=20220, stack(0x0000008347e00000,0x0000008347f00000) (1024K)]
  0x000002110d89c2b0 JavaThread "Unconstrained build operations Thread 67"        [_thread_blocked, id=34808, stack(0x0000008347f00000,0x0000008348000000) (1024K)]
  0x000002110d89c940 JavaThread "Unconstrained build operations Thread 68"        [_thread_blocked, id=28820, stack(0x0000008348000000,0x0000008348100000) (1024K)]
  0x0000021105d40570 JavaThread "Unconstrained build operations Thread 69"        [_thread_blocked, id=33496, stack(0x0000008348100000,0x0000008348200000) (1024K)]
  0x0000021105d40c00 JavaThread "Unconstrained build operations Thread 70"        [_thread_blocked, id=34664, stack(0x0000008348200000,0x0000008348300000) (1024K)]
  0x0000021105d41290 JavaThread "Unconstrained build operations Thread 71"        [_thread_blocked, id=32516, stack(0x0000008348300000,0x0000008348400000) (1024K)]
  0x0000021105d41920 JavaThread "Unconstrained build operations Thread 72"        [_thread_blocked, id=31100, stack(0x0000008348400000,0x0000008348500000) (1024K)]
  0x0000021105d41fb0 JavaThread "Unconstrained build operations Thread 73"        [_thread_blocked, id=28408, stack(0x0000008348500000,0x0000008348600000) (1024K)]
  0x0000021105d3eb30 JavaThread "Unconstrained build operations Thread 74"        [_thread_blocked, id=33432, stack(0x0000008348600000,0x0000008348700000) (1024K)]
  0x0000021105d3f850 JavaThread "Unconstrained build operations Thread 75"        [_thread_blocked, id=31240, stack(0x0000008348700000,0x0000008348800000) (1024K)]
  0x0000021105d42640 JavaThread "Unconstrained build operations Thread 76"        [_thread_blocked, id=33416, stack(0x0000008348800000,0x0000008348900000) (1024K)]
  0x0000021105d3f1c0 JavaThread "Unconstrained build operations Thread 77"        [_thread_blocked, id=29580, stack(0x0000008348900000,0x0000008348a00000) (1024K)]
  0x0000021105d42cd0 JavaThread "Unconstrained build operations Thread 78"        [_thread_blocked, id=33632, stack(0x0000008348a00000,0x0000008348b00000) (1024K)]
  0x0000021105d46150 JavaThread "build event listener"              [_thread_blocked, id=26072, stack(0x0000008347b00000,0x0000008347c00000) (1024K)]
  0x0000021105d45ac0 JavaThread "Memory manager"                    [_thread_blocked, id=9964, stack(0x0000008348b00000,0x0000008348c00000) (1024K)]
  0x0000021105d439f0 JavaThread "build event listener"              [_thread_blocked, id=33708, stack(0x0000008348c00000,0x0000008348d00000) (1024K)]
  0x000002110e248870 JavaThread "included builds"                   [_thread_blocked, id=6444, stack(0x0000008348d00000,0x0000008348e00000) (1024K)]
  0x000002110e248f00 JavaThread "Execution worker"                  [_thread_blocked, id=27220, stack(0x0000008348e00000,0x0000008348f00000) (1024K)]
  0x000002110e249590 JavaThread "Execution worker Thread 2"         [_thread_blocked, id=36516, stack(0x0000008348f00000,0x0000008349000000) (1024K)]
  0x000002110e249c20 JavaThread "Execution worker Thread 3"         [_thread_blocked, id=31104, stack(0x0000008349000000,0x0000008349100000) (1024K)]
  0x000002110e2467a0 JavaThread "Execution worker Thread 4"         [_thread_blocked, id=33204, stack(0x0000008349100000,0x0000008349200000) (1024K)]
  0x000002110e24afd0 JavaThread "Execution worker Thread 5"         [_thread_blocked, id=34380, stack(0x0000008349200000,0x0000008349300000) (1024K)]
  0x000002110e24bcf0 JavaThread "Execution worker Thread 6"         [_thread_blocked, id=6128, stack(0x0000008349300000,0x0000008349400000) (1024K)]
  0x000002110e24d730 JavaThread "Execution worker Thread 7"         [_thread_blocked, id=33244, stack(0x0000008349400000,0x0000008349500000) (1024K)]
  0x000002110e24d0a0 JavaThread "Execution worker Thread 8"         [_thread_blocked, id=31064, stack(0x0000008349500000,0x0000008349600000) (1024K)]
  0x000002110e24ca10 JavaThread "Execution worker Thread 9"         [_thread_blocked, id=32676, stack(0x0000008349600000,0x0000008349700000) (1024K)]
  0x000002110e24c380 JavaThread "Execution worker Thread 10"        [_thread_blocked, id=34752, stack(0x0000008349700000,0x0000008349800000) (1024K)]
  0x000002110e24b660 JavaThread "Execution worker Thread 11"        [_thread_blocked, id=34416, stack(0x0000008349800000,0x0000008349900000) (1024K)]
  0x000002110e24ddc0 JavaThread "Execution worker Thread 12"        [_thread_blocked, id=34572, stack(0x0000008349900000,0x0000008349a00000) (1024K)]
  0x000002110e1889f0 JavaThread "Execution worker Thread 13"        [_thread_blocked, id=31688, stack(0x0000008349a00000,0x0000008349b00000) (1024K)]
  0x000002110e187640 JavaThread "Execution worker Thread 14"        [_thread_blocked, id=29320, stack(0x0000008349b00000,0x0000008349c00000) (1024K)]
  0x000002110e187cd0 JavaThread "Execution worker Thread 15"        [_thread_blocked, id=23936, stack(0x0000008349c00000,0x0000008349d00000) (1024K)]
  0x00000211058717a0 JavaThread "Cache worker for execution history cache (C:\Users\Windows 10\Videos\smartcent2\.gradle\9.3.1\executionHistory)"        [_thread_blocked, id=25556, stack(0x0000008349d00000,0x0000008349e00000) (1024K)]
  0x000002110586e9b0 JavaThread "Unconstrained build operations Thread 79"        [_thread_blocked, id=31772, stack(0x0000008349e00000,0x0000008349f00000) (1024K)]
  0x0000021105871110 JavaThread "Unconstrained build operations Thread 80"        [_thread_blocked, id=35636, stack(0x0000008349f00000,0x000000834a000000) (1024K)]
  0x000002110586fd60 JavaThread "Unconstrained build operations Thread 81"        [_thread_blocked, id=32408, stack(0x000000834a000000,0x000000834a100000) (1024K)]
  0x00000211058724c0 JavaThread "Unconstrained build operations Thread 82"        [_thread_blocked, id=35644, stack(0x000000834a100000,0x000000834a200000) (1024K)]
  0x0000021105871e30 JavaThread "Unconstrained build operations Thread 83"        [_thread_blocked, id=32060, stack(0x000000834a200000,0x000000834a300000) (1024K)]
  0x000002110586f040 JavaThread "Unconstrained build operations Thread 84"        [_thread_blocked, id=33340, stack(0x000000834a300000,0x000000834a400000) (1024K)]
  0x0000021105872b50 JavaThread "Unconstrained build operations Thread 85"        [_thread_blocked, id=34968, stack(0x000000834a400000,0x000000834a500000) (1024K)]
  0x0000021105870a80 JavaThread "Unconstrained build operations Thread 86"        [_thread_blocked, id=9732, stack(0x000000834a500000,0x000000834a600000) (1024K)]
  0x000002110586f6d0 JavaThread "Unconstrained build operations Thread 87"        [_thread_blocked, id=7676, stack(0x000000834a600000,0x000000834a700000) (1024K)]
  0x00000211058731e0 JavaThread "Unconstrained build operations Thread 88"        [_thread_blocked, id=9744, stack(0x000000834a700000,0x000000834a800000) (1024K)]
  0x0000021105873870 JavaThread "Unconstrained build operations Thread 89"        [_thread_blocked, id=35416, stack(0x000000834a800000,0x000000834a900000) (1024K)]
  0x00000211058703f0 JavaThread "Unconstrained build operations Thread 90"        [_thread_blocked, id=24860, stack(0x000000834a900000,0x000000834aa00000) (1024K)]
  0x0000021105875940 JavaThread "Unconstrained build operations Thread 91"        [_thread_blocked, id=7560, stack(0x000000834aa00000,0x000000834ab00000) (1024K)]
  0x0000021105876660 JavaThread "Unconstrained build operations Thread 92"        [_thread_blocked, id=34936, stack(0x000000834ab00000,0x000000834ac00000) (1024K)]
  0x0000021105876cf0 JavaThread "Unconstrained build operations Thread 93"        [_thread_blocked, id=18428, stack(0x000000834ac00000,0x000000834ad00000) (1024K)]
  0x000002110ad9ad70 JavaThread "Unconstrained build operations Thread 94"        [_thread_blocked, id=34120, stack(0x000000834ad00000,0x000000834ae00000) (1024K)]
  0x0000021105b2c9b0 JavaThread "Unconstrained build operations Thread 95"        [_thread_blocked, id=29260, stack(0x000000834ae00000,0x000000834af00000) (1024K)]
  0x0000021105b2d040 JavaThread "Unconstrained build operations Thread 96"        [_thread_blocked, id=33680, stack(0x000000834af00000,0x000000834b000000) (1024K)]
  0x0000021105b2c320 JavaThread "Unconstrained build operations Thread 97"        [_thread_blocked, id=21048, stack(0x000000834b000000,0x000000834b100000) (1024K)]
  0x0000021105b2bc90 JavaThread "Unconstrained build operations Thread 98"        [_thread_blocked, id=34276, stack(0x000000834b100000,0x000000834b200000) (1024K)]
  0x000002110cb1caa0 JavaThread "Unconstrained build operations Thread 99"        [_thread_blocked, id=33580, stack(0x000000834b200000,0x000000834b300000) (1024K)]
  0x000002110cb1b6f0 JavaThread "Unconstrained build operations Thread 100"        [_thread_blocked, id=32908, stack(0x000000834b300000,0x000000834b400000) (1024K)]
  0x000002110cb1b060 JavaThread "Unconstrained build operations Thread 101"        [_thread_blocked, id=4192, stack(0x000000834b400000,0x000000834b500000) (1024K)]
  0x000002110cb1a340 JavaThread "Unconstrained build operations Thread 102"        [_thread_blocked, id=36380, stack(0x000000834b500000,0x000000834b600000) (1024K)]
  0x000002110cb1c410 JavaThread "Unconstrained build operations Thread 103"        [_thread_blocked, id=36144, stack(0x000000834b600000,0x000000834b700000) (1024K)]
  0x000002110cb1d130 JavaThread "Unconstrained build operations Thread 104"        [_thread_blocked, id=17276, stack(0x000000834b700000,0x000000834b800000) (1024K)]
  0x000002110cb1d7c0 JavaThread "Unconstrained build operations Thread 105"        [_thread_blocked, id=36104, stack(0x000000834b800000,0x000000834b900000) (1024K)]
  0x000002110cb1bd80 JavaThread "Unconstrained build operations Thread 106"        [_thread_blocked, id=32796, stack(0x000000834b900000,0x000000834ba00000) (1024K)]
  0x000002110cb1a9d0 JavaThread "Unconstrained build operations Thread 107"        [_thread_blocked, id=30044, stack(0x000000834ba00000,0x000000834bb00000) (1024K)]
  0x0000021105af1d30 JavaThread "Unconstrained build operations Thread 108"        [_thread_blocked, id=32784, stack(0x000000834bb00000,0x000000834bc00000) (1024K)]
  0x0000021105af23c0 JavaThread "Unconstrained build operations Thread 109"        [_thread_blocked, id=26360, stack(0x000000834bc00000,0x000000834bd00000) (1024K)]
  0x0000021105af16a0 JavaThread "Unconstrained build operations Thread 110"        [_thread_blocked, id=4320, stack(0x000000834bd00000,0x000000834be00000) (1024K)]
  0x000002110ec4a170 JavaThread "Unconstrained build operations Thread 111"        [_thread_blocked, id=36244, stack(0x000000834be00000,0x000000834bf00000) (1024K)]
  0x000002110ad9c060 JavaThread "Unconstrained build operations Thread 112"        [_thread_blocked, id=32892, stack(0x000000834bf00000,0x000000834c000000) (1024K)]
  0x000002110ad9b9d0 JavaThread "Unconstrained build operations Thread 113"        [_thread_blocked, id=35696, stack(0x000000834c000000,0x000000834c100000) (1024K)]
  0x000002110ad9c6f0 JavaThread "Unconstrained build operations Thread 114"        [_thread_blocked, id=8896, stack(0x000000834c100000,0x000000834c200000) (1024K)]
  0x000002110c1e7fd0 JavaThread "Unconstrained build operations Thread 115"        [_thread_blocked, id=23692, stack(0x000000834c200000,0x000000834c300000) (1024K)]
  0x000002110c1e6c20 JavaThread "Unconstrained build operations Thread 116"        [_thread_blocked, id=15248, stack(0x000000834c300000,0x000000834c400000) (1024K)]
  0x000002110c1e72b0 JavaThread "Unconstrained build operations Thread 117"        [_thread_blocked, id=35332, stack(0x000000834c400000,0x000000834c500000) (1024K)]
  0x000002110c1e7940 JavaThread "Unconstrained build operations Thread 118"        [_thread_blocked, id=26972, stack(0x000000834c500000,0x000000834c600000) (1024K)]
  0x0000021116b9b4c0 JavaThread "Unconstrained build operations Thread 119"        [_thread_blocked, id=35848, stack(0x000000834c600000,0x000000834c700000) (1024K)]
  0x000002110f166930 JavaThread "Unconstrained build operations Thread 120"        [_thread_blocked, id=26576, stack(0x000000834c700000,0x000000834c800000) (1024K)]
  0x000002110f166fc0 JavaThread "Unconstrained build operations Thread 121"        [_thread_blocked, id=28136, stack(0x000000834c800000,0x000000834c900000) (1024K)]
  0x000002110f165c10 JavaThread "Unconstrained build operations Thread 122"        [_thread_blocked, id=33740, stack(0x000000834c900000,0x000000834ca00000) (1024K)]
  0x000002110f1662a0 JavaThread "Unconstrained build operations Thread 123"        [_thread_blocked, id=1124, stack(0x000000834ca00000,0x000000834cb00000) (1024K)]
  0x0000021110fa80a0 JavaThread "Unconstrained build operations Thread 124"        [_thread_blocked, id=30344, stack(0x000000834cb00000,0x000000834cc00000) (1024K)]
  0x0000021110fa8730 JavaThread "Unconstrained build operations Thread 125"        [_thread_blocked, id=35376, stack(0x000000834cc00000,0x000000834cd00000) (1024K)]
  0x0000021110fa9450 JavaThread "Unconstrained build operations Thread 126"        [_thread_blocked, id=2720, stack(0x000000834cd00000,0x000000834ce00000) (1024K)]
  0x0000021110fa8dc0 JavaThread "Unconstrained build operations Thread 127"        [_thread_blocked, id=31568, stack(0x000000834ce00000,0x000000834cf00000) (1024K)]
  0x00000211110257a0 JavaThread "Unconstrained build operations Thread 128"        [_thread_blocked, id=31828, stack(0x000000834cf00000,0x000000834d000000) (1024K)]
  0x00000211110271e0 JavaThread "Unconstrained build operations Thread 129"        [_thread_blocked, id=35964, stack(0x000000834d000000,0x000000834d100000) (1024K)]
  0x0000021111027870 JavaThread "Unconstrained build operations Thread 130"        [_thread_blocked, id=34824, stack(0x000000834d100000,0x000000834d200000) (1024K)]
  0x0000021111027f00 JavaThread "Unconstrained build operations Thread 131"        [_thread_blocked, id=17832, stack(0x000000834d200000,0x000000834d300000) (1024K)]
  0x0000021110ec52f0 JavaThread "Unconstrained build operations Thread 132"        [_thread_blocked, id=26440, stack(0x000000834d300000,0x000000834d400000) (1024K)]
  0x0000021110ec5980 JavaThread "Unconstrained build operations Thread 133"        [_thread_blocked, id=15000, stack(0x000000834d400000,0x000000834d500000) (1024K)]
  0x000002110ec4ae90 JavaThread "Unconstrained build operations Thread 134"        [_thread_blocked, id=35940, stack(0x000000834d500000,0x000000834d600000) (1024K)]
  0x000002110ade8770 JavaThread "C2 CompilerThread1"         daemon [_thread_blocked, id=30732, stack(0x0000008341500000,0x0000008341600000) (1024K)]
  0x000002110ec4a800 JavaThread "WorkerExecutor Queue"              [_thread_blocked, id=28112, stack(0x000000834d600000,0x000000834d700000) (1024K)]
  0x000002110f122180 JavaThread "Unconstrained build operations Thread 135"        [_thread_blocked, id=2232, stack(0x000000834d800000,0x000000834d900000) (1024K)]
  0x000002110f122ea0 JavaThread "Unconstrained build operations Thread 136"        [_thread_blocked, id=35060, stack(0x000000834d900000,0x000000834da00000) (1024K)]
  0x000002110f122810 JavaThread "Unconstrained build operations Thread 137"        [_thread_blocked, id=7244, stack(0x000000834da00000,0x000000834db00000) (1024K)]
  0x000002110eb826a0 JavaThread "Unconstrained build operations Thread 138"        [_thread_blocked, id=32844, stack(0x000000834db00000,0x000000834dc00000) (1024K)]
  0x000002110eb81980 JavaThread "Unconstrained build operations Thread 139"        [_thread_blocked, id=14328, stack(0x000000834dc00000,0x000000834dd00000) (1024K)]
  0x000002110eb82d30 JavaThread "Unconstrained build operations Thread 140"        [_thread_blocked, id=34924, stack(0x000000834dd00000,0x000000834de00000) (1024K)]
  0x000002110eb805d0 JavaThread "Unconstrained build operations Thread 141"        [_thread_blocked, id=3324, stack(0x000000834de00000,0x000000834df00000) (1024K)]
  0x000002110eb7f8b0 JavaThread "Unconstrained build operations Thread 142"        [_thread_blocked, id=29896, stack(0x000000834df00000,0x000000834e000000) (1024K)]
  0x000002110eb82010 JavaThread "Unconstrained build operations Thread 143"        [_thread_blocked, id=34404, stack(0x000000834e000000,0x000000834e100000) (1024K)]
  0x000002110eb7ff40 JavaThread "Unconstrained build operations Thread 144"        [_thread_blocked, id=35928, stack(0x000000834e100000,0x000000834e200000) (1024K)]
  0x00000211110264c0 JavaThread "Unconstrained build operations Thread 145"        [_thread_blocked, id=8616, stack(0x000000834e200000,0x000000834e300000) (1024K)]
  0x0000021111024a80 JavaThread "Unconstrained build operations Thread 146"        [_thread_blocked, id=5580, stack(0x000000834e300000,0x000000834e400000) (1024K)]
  0x0000021111025e30 JavaThread "Unconstrained build operations Thread 147"        [_thread_blocked, id=32144, stack(0x000000834e400000,0x000000834e500000) (1024K)]
  0x0000021111025110 JavaThread "Unconstrained build operations Thread 148"        [_thread_blocked, id=17776, stack(0x000000834e500000,0x000000834e600000) (1024K)]
  0x0000021111026b50 JavaThread "Unconstrained build operations Thread 149"        [_thread_blocked, id=19424, stack(0x000000834e600000,0x000000834e700000) (1024K)]
  0x000002110f9852a0 JavaThread "Unconstrained build operations Thread 150"        [_thread_blocked, id=35212, stack(0x000000834e700000,0x000000834e800000) (1024K)]
  0x000002110f987370 JavaThread "Unconstrained build operations Thread 151"        [_thread_blocked, id=33652, stack(0x000000834e800000,0x000000834e900000) (1024K)]
  0x000002110f988090 JavaThread "Unconstrained build operations Thread 152"        [_thread_blocked, id=22980, stack(0x000000834e900000,0x000000834ea00000) (1024K)]
  0x000002110f985fc0 JavaThread "Unconstrained build operations Thread 153"        [_thread_blocked, id=29820, stack(0x000000834ea00000,0x000000834eb00000) (1024K)]
  0x000002110f986650 JavaThread "Unconstrained build operations Thread 154"        [_thread_blocked, id=13276, stack(0x000000834eb00000,0x000000834ec00000) (1024K)]
  0x000002110f186230 JavaThread "Unconstrained build operations Thread 155"        [_thread_blocked, id=30280, stack(0x000000834ec00000,0x000000834ed00000) (1024K)]
  0x000002110f185ba0 JavaThread "Unconstrained build operations Thread 156"        [_thread_blocked, id=23032, stack(0x000000834ed00000,0x000000834ee00000) (1024K)]
  0x0000021110d79400 JavaThread "Unconstrained build operations Thread 157"        [_thread_blocked, id=36016, stack(0x000000834ee00000,0x000000834ef00000) (1024K)]
  0x000002110eb80c60 JavaThread "Unconstrained build operations Thread 158"        [_thread_blocked, id=33772, stack(0x000000834ef00000,0x000000834f000000) (1024K)]
  0x0000021110ec4c60 JavaThread "Unconstrained build operations Thread 159"        [_thread_blocked, id=18900, stack(0x000000834f000000,0x000000834f100000) (1024K)]
  0x0000021110ec6010 JavaThread "Unconstrained build operations Thread 160"        [_thread_blocked, id=13608, stack(0x000000834f100000,0x000000834f200000) (1024K)]
  0x000002110ec49ae0 JavaThread "WorkerExecutor Queue Thread 2"        [_thread_blocked, id=34812, stack(0x000000834d700000,0x000000834d800000) (1024K)]
  0x00000211170da470 JavaThread "WorkerExecutor Queue Thread 3"        [_thread_blocked, id=35008, stack(0x000000834f200000,0x000000834f300000) (1024K)]
  0x00000211170dab00 JavaThread "WorkerExecutor Queue Thread 4"        [_thread_blocked, id=32188, stack(0x000000834f300000,0x000000834f400000) (1024K)]
  0x000002110ade8e40 JavaThread "C1 CompilerThread2"         daemon [_thread_blocked, id=9516, stack(0x0000008340d00000,0x0000008340e00000) (1024K)]
  0x000002110e26a300 JavaThread "Thread-211"                        [_thread_in_native, id=30748, stack(0x0000008343600000,0x0000008343700000) (1024K)]
  0x000002110f984c10 JavaThread "ForkJoinPool-1-worker-1"    daemon [_thread_blocked, id=15952, stack(0x000000834f400000,0x000000834f500000) (1024K)]
  0x000002110ea1bf30 JavaThread "ForkJoinPool-1-worker-2"    daemon [_thread_blocked, id=25828, stack(0x000000834f500000,0x000000834f600000) (1024K)]
  0x000002110f985930 JavaThread "ForkJoinPool-1-worker-3"    daemon [_thread_blocked, id=35216, stack(0x000000834f600000,0x000000834f700000) (1024K)]
  0x00000211101b0a00 JavaThread "ForkJoinPool-1-worker-4"    daemon [_thread_blocked, id=31668, stack(0x000000834f700000,0x000000834f800000) (1024K)]
  0x000002110ec4b520 JavaThread "ForkJoinPool-1-worker-5"    daemon [_thread_blocked, id=32996, stack(0x000000834fa00000,0x000000834fb00000) (1024K)]
  0x0000021105877380 JavaThread "ForkJoinPool-1-worker-6"    daemon [_thread_blocked, id=31652, stack(0x000000834fb00000,0x000000834fc00000) (1024K)]
  0x000002110ec480a0 JavaThread "ForkJoinPool-1-worker-7"    daemon [_thread_blocked, id=32204, stack(0x000000834fc00000,0x000000834fd00000) (1024K)]
  0x000002110ad9a6e0 JavaThread "ForkJoinPool-1-worker-8"    daemon [_thread_blocked, id=36252, stack(0x000000834fd00000,0x000000834fe00000) (1024K)]
  0x000002110ad9a050 JavaThread "ForkJoinPool-1-worker-9"    daemon [_thread_blocked, id=18908, stack(0x000000834fe00000,0x000000834ff00000) (1024K)]
  0x00000211101b1090 JavaThread "ForkJoinPool-1-worker-10"   daemon [_thread_blocked, id=33992, stack(0x000000834ff00000,0x0000008350000000) (1024K)]
Total: 238

Other Threads:
  0x0000021104e8d900 VMThread "VM Thread"                           [id=20308, stack(0x0000008340200000,0x0000008340300000) (1024K)]
  0x0000021104e33980 WatcherThread "VM Periodic Task Thread"        [id=24524, stack(0x0000008340100000,0x0000008340200000) (1024K)]
  0x000002116aa3e060 WorkerThread "GC Thread#0"                     [id=26312, stack(0x000000833fc00000,0x000000833fd00000) (1024K)]
  0x0000021105b443d0 WorkerThread "GC Thread#1"                     [id=32148, stack(0x0000008341000000,0x0000008341100000) (1024K)]
  0x0000021105803870 WorkerThread "GC Thread#2"                     [id=33700, stack(0x0000008341100000,0x0000008341200000) (1024K)]
  0x000002110a5ad310 WorkerThread "GC Thread#3"                     [id=7192, stack(0x0000008341200000,0x0000008341300000) (1024K)]
  0x000002110a5ac0a0 WorkerThread "GC Thread#4"                     [id=36584, stack(0x0000008341300000,0x0000008341400000) (1024K)]
  0x000002110a5ad6c0 WorkerThread "GC Thread#5"                     [id=34300, stack(0x0000008341400000,0x0000008341500000) (1024K)]
  0x000002110ba93b70 WorkerThread "GC Thread#6"                     [id=11292, stack(0x0000008341c00000,0x0000008341d00000) (1024K)]
  0x000002110ba937c0 WorkerThread "GC Thread#7"                     [id=32820, stack(0x0000008341d00000,0x0000008341e00000) (1024K)]
  0x000002110ba95540 WorkerThread "GC Thread#8"                     [id=3452, stack(0x0000008341e00000,0x0000008341f00000) (1024K)]
  0x000002110ba91a40 WorkerThread "GC Thread#9"                     [id=36008, stack(0x0000008341f00000,0x0000008342000000) (1024K)]
  0x000002110ba93f20 WorkerThread "GC Thread#10"                    [id=11768, stack(0x0000008342000000,0x0000008342100000) (1024K)]
  0x000002110ba94de0 WorkerThread "GC Thread#11"                    [id=33904, stack(0x0000008342100000,0x0000008342200000) (1024K)]
  0x000002110ba92cb0 WorkerThread "GC Thread#12"                    [id=22580, stack(0x0000008342200000,0x0000008342300000) (1024K)]
  0x000002116ce9e170 ConcurrentGCThread "G1 Main Marker"            [id=27428, stack(0x000000833fd00000,0x000000833fe00000) (1024K)]
  0x000002116ce9eb90 WorkerThread "G1 Conc#0"                       [id=14936, stack(0x000000833fe00000,0x000000833ff00000) (1024K)]
  0x000002110ba91df0 WorkerThread "G1 Conc#1"                       [id=29472, stack(0x0000008342300000,0x0000008342400000) (1024K)]
  0x000002110ba921a0 WorkerThread "G1 Conc#2"                       [id=14864, stack(0x0000008342400000,0x0000008342500000) (1024K)]
  0x0000021104d05090 ConcurrentGCThread "G1 Refine#0"               [id=35568, stack(0x000000833ff00000,0x0000008340000000) (1024K)]
  0x0000021104d069d0 ConcurrentGCThread "G1 Service"                [id=35752, stack(0x0000008340000000,0x0000008340100000) (1024K)]
Total: 21

Threads with active compile tasks:
C2 CompilerThread0  43220 16365 % !   4       com.android.tools.r8.dex.z::k @ 424 (2710 bytes)
C2 CompilerThread1  43220 16453       4       com.sun.org.apache.xerces.internal.impl.XMLNSDocumentScannerImpl::scanStartElement (1031 bytes)
Total: 2

VM state: at safepoint (normal execution)

VM Mutex/Monitor currently owned by a thread:  ([mutex/lock_event])
[0x00007ffce5c95fd0] FreeList_lock - owner thread: 0x000002110ba93b70
[0x00007ffce5c986d0] Threads_lock - owner thread: 0x0000021104e8d900
[0x00007ffce5c987d0] Heap_lock - owner thread: 0x00000211101b1090

Heap address: 0x0000000080000000, size: 2048 MB, Compressed Oops mode: 32-bit

CDS archive(s) not mapped
Compressed class space mapped at: 0x0000000100000000-0x0000000140000000, reserved size: 1073741824
Narrow klass base: 0x0000000000000000, Narrow klass shift: 3, Narrow klass range: 0x140000000

GC Precious Log:
 CardTable entry size: 512
 Card Set container configuration: InlinePtr #cards 5 size 8 Array Of Cards #cards 12 size 40 Howl #buckets 4 coarsen threshold 1843 Howl Bitmap #cards 512 size 80 coarsen threshold 460 Card regions per heap region 1 cards per card region 2048
 CPUs: 16 total, 16 available
 Memory: 7501M
 Large Page Support: Disabled
 NUMA Support: Disabled
 Compressed Oops: Enabled (32-bit)
 Heap Region Size: 1M
 Heap Min Capacity: 8M
 Heap Initial Capacity: 118M
 Heap Max Capacity: 2G
 Pre-touch: Disabled
 Parallel Workers: 13
 Concurrent Workers: 3
 Concurrent Refinement Workers: 13
 Periodic GC: Disabled

Heap:
 garbage-first heap   total 302080K, used 288866K [0x0000000080000000, 0x0000000100000000)
  region size 1024K, 107 young (109568K), 12 survivors (12288K)
 Metaspace       used 125157K, committed 127552K, reserved 1179648K
  class space    used 17543K, committed 18688K, reserved 1048576K

Heap Regions: E=young(eden), S=young(survivor), O=old, HS=humongous(starts), HC=humongous(continues), CS=collection set, F=free, TAMS=top-at-mark-start, PB=parsable bottom
|   0|0x0000000080000000, 0x0000000080100000, 0x0000000080100000|100%|HS|  |TAMS 0x0000000080000000| PB 0x0000000080000000| Complete 
|   1|0x0000000080100000, 0x0000000080200000, 0x0000000080200000|100%|HC|  |TAMS 0x0000000080100000| PB 0x0000000080100000| Complete 
|   2|0x0000000080200000, 0x0000000080300000, 0x0000000080300000|100%|HC|  |TAMS 0x0000000080200000| PB 0x0000000080200000| Complete 
|   3|0x0000000080300000, 0x0000000080400000, 0x0000000080400000|100%|HC|  |TAMS 0x0000000080300000| PB 0x0000000080300000| Complete 
|   4|0x0000000080400000, 0x0000000080500000, 0x0000000080500000|100%| O|  |TAMS 0x0000000080400000| PB 0x0000000080400000| Untracked 
|   5|0x0000000080500000, 0x0000000080600000, 0x0000000080600000|100%| O|  |TAMS 0x0000000080500000| PB 0x0000000080500000| Untracked 
|   6|0x0000000080600000, 0x0000000080700000, 0x0000000080700000|100%| O|  |TAMS 0x0000000080600000| PB 0x0000000080600000| Untracked 
|   7|0x0000000080700000, 0x0000000080800000, 0x0000000080800000|100%|HS|  |TAMS 0x0000000080700000| PB 0x0000000080700000| Complete 
|   8|0x0000000080800000, 0x0000000080900000, 0x0000000080900000|100%| O|  |TAMS 0x0000000080800000| PB 0x0000000080800000| Untracked 
|   9|0x0000000080900000, 0x0000000080a00000, 0x0000000080a00000|100%| O|  |TAMS 0x0000000080900000| PB 0x0000000080900000| Untracked 
|  10|0x0000000080a00000, 0x0000000080b00000, 0x0000000080b00000|100%| O|  |TAMS 0x0000000080a00000| PB 0x0000000080a00000| Untracked 
|  11|0x0000000080b00000, 0x0000000080c00000, 0x0000000080c00000|100%| O|  |TAMS 0x0000000080b00000| PB 0x0000000080b00000| Untracked 
|  12|0x0000000080c00000, 0x0000000080d00000, 0x0000000080d00000|100%| O|  |TAMS 0x0000000080c00000| PB 0x0000000080c00000| Untracked 
|  13|0x0000000080d00000, 0x0000000080e00000, 0x0000000080e00000|100%| O|  |TAMS 0x0000000080d00000| PB 0x0000000080d00000| Untracked 
|  14|0x0000000080e00000, 0x0000000080f00000, 0x0000000080f00000|100%| O|  |TAMS 0x0000000080e00000| PB 0x0000000080e00000| Untracked 
|  15|0x0000000080f00000, 0x0000000081000000, 0x0000000081000000|100%| O|  |TAMS 0x0000000080f00000| PB 0x0000000080f00000| Untracked 
|  16|0x0000000081000000, 0x0000000081100000, 0x0000000081100000|100%| O|  |TAMS 0x0000000081000000| PB 0x0000000081000000| Untracked 
|  17|0x0000000081100000, 0x0000000081200000, 0x0000000081200000|100%| O|  |TAMS 0x0000000081100000| PB 0x0000000081100000| Untracked 
|  18|0x0000000081200000, 0x0000000081300000, 0x0000000081300000|100%| O|  |TAMS 0x0000000081200000| PB 0x0000000081200000| Untracked 
|  19|0x0000000081300000, 0x0000000081400000, 0x0000000081400000|100%| O|  |TAMS 0x0000000081300000| PB 0x0000000081300000| Untracked 
|  20|0x0000000081400000, 0x0000000081500000, 0x0000000081500000|100%| O|  |TAMS 0x0000000081400000| PB 0x0000000081400000| Untracked 
|  21|0x0000000081500000, 0x0000000081600000, 0x0000000081600000|100%| O|  |TAMS 0x0000000081500000| PB 0x0000000081500000| Untracked 
|  22|0x0000000081600000, 0x0000000081700000, 0x0000000081700000|100%| O|  |TAMS 0x0000000081600000| PB 0x0000000081600000| Untracked 
|  23|0x0000000081700000, 0x0000000081800000, 0x0000000081800000|100%| O|  |TAMS 0x0000000081700000| PB 0x0000000081700000| Untracked 
|  24|0x0000000081800000, 0x0000000081900000, 0x0000000081900000|100%| O|  |TAMS 0x0000000081800000| PB 0x0000000081800000| Untracked 
|  25|0x0000000081900000, 0x0000000081a00000, 0x0000000081a00000|100%| O|  |TAMS 0x0000000081900000| PB 0x0000000081900000| Untracked 
|  26|0x0000000081a00000, 0x0000000081b00000, 0x0000000081b00000|100%| O|  |TAMS 0x0000000081a00000| PB 0x0000000081a00000| Untracked 
|  27|0x0000000081b00000, 0x0000000081c00000, 0x0000000081c00000|100%| O|  |TAMS 0x0000000081b00000| PB 0x0000000081b00000| Untracked 
|  28|0x0000000081c00000, 0x0000000081d00000, 0x0000000081d00000|100%| O|  |TAMS 0x0000000081c00000| PB 0x0000000081c00000| Untracked 
|  29|0x0000000081d00000, 0x0000000081e00000, 0x0000000081e00000|100%|HS|  |TAMS 0x0000000081d00000| PB 0x0000000081d00000| Complete 
|  30|0x0000000081e00000, 0x0000000081f00000, 0x0000000081f00000|100%|HC|  |TAMS 0x0000000081e00000| PB 0x0000000081e00000| Complete 
|  31|0x0000000081f00000, 0x0000000082000000, 0x0000000082000000|100%| O|  |TAMS 0x0000000081f00000| PB 0x0000000081f00000| Untracked 
|  32|0x0000000082000000, 0x0000000082100000, 0x0000000082100000|100%| O|  |TAMS 0x0000000082000000| PB 0x0000000082000000| Untracked 
|  33|0x0000000082100000, 0x0000000082200000, 0x0000000082200000|100%| O|  |TAMS 0x0000000082100000| PB 0x0000000082100000| Untracked 
|  34|0x0000000082200000, 0x0000000082300000, 0x0000000082300000|100%|HS|  |TAMS 0x0000000082200000| PB 0x0000000082200000| Complete 
|  35|0x0000000082300000, 0x0000000082400000, 0x0000000082400000|100%| O|  |TAMS 0x0000000082300000| PB 0x0000000082300000| Untracked 
|  36|0x0000000082400000, 0x0000000082500000, 0x0000000082500000|100%| O|  |TAMS 0x0000000082400000| PB 0x0000000082400000| Untracked 
|  37|0x0000000082500000, 0x0000000082600000, 0x0000000082600000|100%| O|  |TAMS 0x0000000082500000| PB 0x0000000082500000| Untracked 
|  38|0x0000000082600000, 0x0000000082700000, 0x0000000082700000|100%| O|  |TAMS 0x0000000082600000| PB 0x0000000082600000| Untracked 
|  39|0x0000000082700000, 0x0000000082800000, 0x0000000082800000|100%| O|  |TAMS 0x0000000082700000| PB 0x0000000082700000| Untracked 
|  40|0x0000000082800000, 0x0000000082900000, 0x0000000082900000|100%| O|  |TAMS 0x0000000082800000| PB 0x0000000082800000| Untracked 
|  41|0x0000000082900000, 0x0000000082a00000, 0x0000000082a00000|100%| O|  |TAMS 0x0000000082900000| PB 0x0000000082900000| Untracked 
|  42|0x0000000082a00000, 0x0000000082b00000, 0x0000000082b00000|100%| O|  |TAMS 0x0000000082a00000| PB 0x0000000082a00000| Untracked 
|  43|0x0000000082b00000, 0x0000000082c00000, 0x0000000082c00000|100%| O|  |TAMS 0x0000000082b00000| PB 0x0000000082b00000| Untracked 
|  44|0x0000000082c00000, 0x0000000082d00000, 0x0000000082d00000|100%| O|  |TAMS 0x0000000082c00000| PB 0x0000000082c00000| Untracked 
|  45|0x0000000082d00000, 0x0000000082e00000, 0x0000000082e00000|100%| O|Cm|TAMS 0x0000000082d00000| PB 0x0000000082d00000| Complete 
|  46|0x0000000082e00000, 0x0000000082f00000, 0x0000000082f00000|100%|HS|  |TAMS 0x0000000082e00000| PB 0x0000000082e00000| Complete 
|  47|0x0000000082f00000, 0x0000000083000000, 0x0000000083000000|100%|HS|  |TAMS 0x0000000082f00000| PB 0x0000000082f00000| Complete 
|  48|0x0000000083000000, 0x0000000083100000, 0x0000000083100000|100%|HC|  |TAMS 0x0000000083000000| PB 0x0000000083000000| Complete 
|  49|0x0000000083100000, 0x0000000083200000, 0x0000000083200000|100%|HS|  |TAMS 0x0000000083100000| PB 0x0000000083100000| Complete 
|  50|0x0000000083200000, 0x0000000083300000, 0x0000000083300000|100%|HC|  |TAMS 0x0000000083200000| PB 0x0000000083200000| Complete 
|  51|0x0000000083300000, 0x0000000083400000, 0x0000000083400000|100%| O|  |TAMS 0x0000000083300000| PB 0x0000000083300000| Untracked 
|  52|0x0000000083400000, 0x0000000083500000, 0x0000000083500000|100%| O|  |TAMS 0x0000000083400000| PB 0x0000000083400000| Untracked 
|  53|0x0000000083500000, 0x0000000083600000, 0x0000000083600000|100%|HS|  |TAMS 0x0000000083500000| PB 0x0000000083500000| Complete 
|  54|0x0000000083600000, 0x0000000083700000, 0x0000000083700000|100%|HS|  |TAMS 0x0000000083600000| PB 0x0000000083600000| Complete 
|  55|0x0000000083700000, 0x0000000083800000, 0x0000000083800000|100%| O|  |TAMS 0x0000000083700000| PB 0x0000000083700000| Untracked 
|  56|0x0000000083800000, 0x0000000083900000, 0x0000000083900000|100%| O|  |TAMS 0x0000000083800000| PB 0x0000000083800000| Untracked 
|  57|0x0000000083900000, 0x0000000083a00000, 0x0000000083a00000|100%|HS|  |TAMS 0x0000000083900000| PB 0x0000000083900000| Complete 
|  58|0x0000000083a00000, 0x0000000083b00000, 0x0000000083b00000|100%|HS|  |TAMS 0x0000000083a00000| PB 0x0000000083a00000| Complete 
|  59|0x0000000083b00000, 0x0000000083c00000, 0x0000000083c00000|100%| O|  |TAMS 0x0000000083b00000| PB 0x0000000083b00000| Untracked 
|  60|0x0000000083c00000, 0x0000000083d00000, 0x0000000083d00000|100%| O|  |TAMS 0x0000000083c00000| PB 0x0000000083c00000| Untracked 
|  61|0x0000000083d00000, 0x0000000083e00000, 0x0000000083e00000|100%| O|  |TAMS 0x0000000083d00000| PB 0x0000000083d00000| Untracked 
|  62|0x0000000083e00000, 0x0000000083f00000, 0x0000000083f00000|100%|HS|  |TAMS 0x0000000083e00000| PB 0x0000000083e00000| Complete 
|  63|0x0000000083f00000, 0x0000000084000000, 0x0000000084000000|100%| O|Cm|TAMS 0x0000000083f00000| PB 0x0000000083f00000| Complete 
|  64|0x0000000084000000, 0x0000000084100000, 0x0000000084100000|100%| O|  |TAMS 0x0000000084000000| PB 0x0000000084000000| Untracked 
|  65|0x0000000084100000, 0x0000000084200000, 0x0000000084200000|100%| O|  |TAMS 0x0000000084100000| PB 0x0000000084100000| Untracked 
|  66|0x0000000084200000, 0x0000000084300000, 0x0000000084300000|100%| O|  |TAMS 0x0000000084200000| PB 0x0000000084200000| Untracked 
|  67|0x0000000084300000, 0x0000000084400000, 0x0000000084400000|100%| O|  |TAMS 0x0000000084300000| PB 0x0000000084300000| Untracked 
|  68|0x0000000084400000, 0x0000000084500000, 0x0000000084500000|100%| O|  |TAMS 0x0000000084400000| PB 0x0000000084400000| Untracked 
|  69|0x0000000084500000, 0x0000000084600000, 0x0000000084600000|100%| O|  |TAMS 0x0000000084500000| PB 0x0000000084500000| Untracked 
|  70|0x0000000084600000, 0x0000000084700000, 0x0000000084700000|100%| O|  |TAMS 0x0000000084600000| PB 0x0000000084600000| Untracked 
|  71|0x0000000084700000, 0x0000000084800000, 0x0000000084800000|100%| O|  |TAMS 0x0000000084700000| PB 0x0000000084700000| Untracked 
|  72|0x0000000084800000, 0x0000000084900000, 0x0000000084900000|100%| O|  |TAMS 0x0000000084800000| PB 0x0000000084800000| Untracked 
|  73|0x0000000084900000, 0x0000000084a00000, 0x0000000084a00000|100%| O|  |TAMS 0x0000000084900000| PB 0x0000000084900000| Untracked 
|  74|0x0000000084a00000, 0x0000000084b00000, 0x0000000084b00000|100%| O|  |TAMS 0x0000000084a00000| PB 0x0000000084a00000| Untracked 
|  75|0x0000000084b00000, 0x0000000084c00000, 0x0000000084c00000|100%| O|  |TAMS 0x0000000084b00000| PB 0x0000000084b00000| Untracked 
|  76|0x0000000084c00000, 0x0000000084d00000, 0x0000000084d00000|100%| O|  |TAMS 0x0000000084c00000| PB 0x0000000084c00000| Untracked 
|  77|0x0000000084d00000, 0x0000000084e00000, 0x0000000084e00000|100%| O|  |TAMS 0x0000000084d00000| PB 0x0000000084d00000| Untracked 
|  78|0x0000000084e00000, 0x0000000084f00000, 0x0000000084f00000|100%| O|  |TAMS 0x0000000084e00000| PB 0x0000000084e00000| Untracked 
|  79|0x0000000084f00000, 0x0000000085000000, 0x0000000085000000|100%| O|  |TAMS 0x0000000084f00000| PB 0x0000000084f00000| Untracked 
|  80|0x0000000085000000, 0x0000000085100000, 0x0000000085100000|100%| O|  |TAMS 0x0000000085000000| PB 0x0000000085000000| Untracked 
|  81|0x0000000085100000, 0x0000000085200000, 0x0000000085200000|100%| O|  |TAMS 0x0000000085100000| PB 0x0000000085100000| Untracked 
|  82|0x0000000085200000, 0x0000000085300000, 0x0000000085300000|100%| O|  |TAMS 0x0000000085200000| PB 0x0000000085200000| Untracked 
|  83|0x0000000085300000, 0x0000000085400000, 0x0000000085400000|100%| O|  |TAMS 0x0000000085300000| PB 0x0000000085300000| Untracked 
|  84|0x0000000085400000, 0x0000000085500000, 0x0000000085500000|100%| O|  |TAMS 0x0000000085400000| PB 0x0000000085400000| Untracked 
|  85|0x0000000085500000, 0x0000000085600000, 0x0000000085600000|100%| O|  |TAMS 0x0000000085500000| PB 0x0000000085500000| Untracked 
|  86|0x0000000085600000, 0x0000000085700000, 0x0000000085700000|100%| O|  |TAMS 0x0000000085600000| PB 0x0000000085600000| Untracked 
|  87|0x0000000085700000, 0x0000000085800000, 0x0000000085800000|100%| O|  |TAMS 0x0000000085700000| PB 0x0000000085700000| Untracked 
|  88|0x0000000085800000, 0x0000000085900000, 0x0000000085900000|100%| O|  |TAMS 0x0000000085800000| PB 0x0000000085800000| Untracked 
|  89|0x0000000085900000, 0x0000000085a00000, 0x0000000085a00000|100%| O|  |TAMS 0x0000000085900000| PB 0x0000000085900000| Untracked 
|  90|0x0000000085a00000, 0x0000000085b00000, 0x0000000085b00000|100%| O|  |TAMS 0x0000000085a00000| PB 0x0000000085a00000| Untracked 
|  91|0x0000000085b00000, 0x0000000085c00000, 0x0000000085c00000|100%| O|  |TAMS 0x0000000085b00000| PB 0x0000000085b00000| Untracked 
|  92|0x0000000085c00000, 0x0000000085d00000, 0x0000000085d00000|100%| O|  |TAMS 0x0000000085c00000| PB 0x0000000085c00000| Untracked 
|  93|0x0000000085d00000, 0x0000000085e00000, 0x0000000085e00000|100%| O|  |TAMS 0x0000000085d00000| PB 0x0000000085d00000| Untracked 
|  94|0x0000000085e00000, 0x0000000085f00000, 0x0000000085f00000|100%| O|  |TAMS 0x0000000085e00000| PB 0x0000000085e00000| Untracked 
|  95|0x0000000085f00000, 0x0000000086000000, 0x0000000086000000|100%| O|  |TAMS 0x0000000085f00000| PB 0x0000000085f00000| Untracked 
|  96|0x0000000086000000, 0x0000000086100000, 0x0000000086100000|100%| O|  |TAMS 0x0000000086000000| PB 0x0000000086000000| Untracked 
|  97|0x0000000086100000, 0x0000000086200000, 0x0000000086200000|100%| O|  |TAMS 0x0000000086100000| PB 0x0000000086100000| Untracked 
|  98|0x0000000086200000, 0x0000000086300000, 0x0000000086300000|100%| O|  |TAMS 0x0000000086200000| PB 0x0000000086200000| Untracked 
|  99|0x0000000086300000, 0x0000000086400000, 0x0000000086400000|100%|HS|  |TAMS 0x0000000086300000| PB 0x0000000086300000| Complete 
| 100|0x0000000086400000, 0x0000000086500000, 0x0000000086500000|100%|HS|  |TAMS 0x0000000086400000| PB 0x0000000086400000| Complete 
| 101|0x0000000086500000, 0x0000000086600000, 0x0000000086600000|100%|HC|  |TAMS 0x0000000086500000| PB 0x0000000086500000| Complete 
| 102|0x0000000086600000, 0x0000000086700000, 0x0000000086700000|100%|HC|  |TAMS 0x0000000086600000| PB 0x0000000086600000| Complete 
| 103|0x0000000086700000, 0x0000000086800000, 0x0000000086800000|100%| O|  |TAMS 0x0000000086700000| PB 0x0000000086700000| Untracked 
| 104|0x0000000086800000, 0x0000000086900000, 0x0000000086900000|100%|HS|  |TAMS 0x0000000086800000| PB 0x0000000086800000| Complete 
| 105|0x0000000086900000, 0x0000000086a00000, 0x0000000086a00000|100%|HC|  |TAMS 0x0000000086900000| PB 0x0000000086900000| Complete 
| 106|0x0000000086a00000, 0x0000000086b00000, 0x0000000086b00000|100%|HS|  |TAMS 0x0000000086a00000| PB 0x0000000086a00000| Complete 
| 107|0x0000000086b00000, 0x0000000086c00000, 0x0000000086c00000|100%|HS|  |TAMS 0x0000000086b00000| PB 0x0000000086b00000| Complete 
| 108|0x0000000086c00000, 0x0000000086d00000, 0x0000000086d00000|100%|HS|  |TAMS 0x0000000086c00000| PB 0x0000000086c00000| Complete 
| 109|0x0000000086d00000, 0x0000000086e00000, 0x0000000086e00000|100%|HC|  |TAMS 0x0000000086d00000| PB 0x0000000086d00000| Complete 
| 110|0x0000000086e00000, 0x0000000086f00000, 0x0000000086f00000|100%|HS|  |TAMS 0x0000000086e00000| PB 0x0000000086e00000| Complete 
| 111|0x0000000086f00000, 0x0000000087000000, 0x0000000087000000|100%|HC|  |TAMS 0x0000000086f00000| PB 0x0000000086f00000| Complete 
| 112|0x0000000087000000, 0x0000000087100000, 0x0000000087100000|100%| O|  |TAMS 0x0000000087000000| PB 0x0000000087000000| Untracked 
| 113|0x0000000087100000, 0x0000000087200000, 0x0000000087200000|100%| O|  |TAMS 0x0000000087100000| PB 0x0000000087100000| Untracked 
| 114|0x0000000087200000, 0x0000000087300000, 0x0000000087300000|100%|HS|  |TAMS 0x0000000087200000| PB 0x0000000087200000| Complete 
| 115|0x0000000087300000, 0x0000000087400000, 0x0000000087400000|100%|HS|  |TAMS 0x0000000087300000| PB 0x0000000087300000| Complete 
| 116|0x0000000087400000, 0x0000000087500000, 0x0000000087500000|100%|HC|  |TAMS 0x0000000087400000| PB 0x0000000087400000| Complete 
| 117|0x0000000087500000, 0x0000000087600000, 0x0000000087600000|100%|HS|  |TAMS 0x0000000087500000| PB 0x0000000087500000| Complete 
| 118|0x0000000087600000, 0x0000000087700000, 0x0000000087700000|100%|HC|  |TAMS 0x0000000087600000| PB 0x0000000087600000| Complete 
| 119|0x0000000087700000, 0x0000000087800000, 0x0000000087800000|100%|HS|  |TAMS 0x0000000087700000| PB 0x0000000087700000| Complete 
| 120|0x0000000087800000, 0x0000000087900000, 0x0000000087900000|100%| O|  |TAMS 0x0000000087800000| PB 0x0000000087800000| Untracked 
| 121|0x0000000087900000, 0x0000000087a00000, 0x0000000087a00000|100%| O|  |TAMS 0x0000000087900000| PB 0x0000000087900000| Untracked 
| 122|0x0000000087a00000, 0x0000000087b00000, 0x0000000087b00000|100%| O|  |TAMS 0x0000000087a00000| PB 0x0000000087a00000| Untracked 
| 123|0x0000000087b00000, 0x0000000087b36eb8, 0x0000000087c00000| 21%| O|  |TAMS 0x0000000087b00000| PB 0x0000000087b00000| Untracked 
| 124|0x0000000087c00000, 0x0000000087d00000, 0x0000000087d00000|100%|HS|  |TAMS 0x0000000087c00000| PB 0x0000000087c00000| Complete 
| 125|0x0000000087d00000, 0x0000000087e00000, 0x0000000087e00000|100%|HS|  |TAMS 0x0000000087d00000| PB 0x0000000087d00000| Complete 
| 126|0x0000000087e00000, 0x0000000087f00000, 0x0000000087f00000|100%|HS|  |TAMS 0x0000000087e00000| PB 0x0000000087e00000| Complete 
| 127|0x0000000087f00000, 0x0000000088000000, 0x0000000088000000|100%|HS|  |TAMS 0x0000000087f00000| PB 0x0000000087f00000| Complete 
| 128|0x0000000088000000, 0x0000000088100000, 0x0000000088100000|100%|HS|  |TAMS 0x0000000088000000| PB 0x0000000088000000| Complete 
| 129|0x0000000088100000, 0x0000000088200000, 0x0000000088200000|100%|HC|  |TAMS 0x0000000088100000| PB 0x0000000088100000| Complete 
| 130|0x0000000088200000, 0x0000000088300000, 0x0000000088300000|100%|HS|  |TAMS 0x0000000088200000| PB 0x0000000088200000| Complete 
| 131|0x0000000088300000, 0x0000000088400000, 0x0000000088400000|100%|HC|  |TAMS 0x0000000088300000| PB 0x0000000088300000| Complete 
| 132|0x0000000088400000, 0x0000000088500000, 0x0000000088500000|100%|HS|  |TAMS 0x0000000088400000| PB 0x0000000088400000| Complete 
| 133|0x0000000088500000, 0x0000000088600000, 0x0000000088600000|100%|HS|  |TAMS 0x0000000088500000| PB 0x0000000088500000| Complete 
| 134|0x0000000088600000, 0x0000000088700000, 0x0000000088700000|100%|HC|  |TAMS 0x0000000088600000| PB 0x0000000088600000| Complete 
| 135|0x0000000088700000, 0x0000000088800000, 0x0000000088800000|100%|HS|  |TAMS 0x0000000088700000| PB 0x0000000088700000| Complete 
| 136|0x0000000088800000, 0x0000000088900000, 0x0000000088900000|100%|HC|  |TAMS 0x0000000088800000| PB 0x0000000088800000| Complete 
| 137|0x0000000088900000, 0x0000000088a00000, 0x0000000088a00000|100%|HS|  |TAMS 0x0000000088900000| PB 0x0000000088900000| Complete 
| 138|0x0000000088a00000, 0x0000000088b00000, 0x0000000088b00000|100%|HS|  |TAMS 0x0000000088a00000| PB 0x0000000088a00000| Complete 
| 139|0x0000000088b00000, 0x0000000088c00000, 0x0000000088c00000|100%|HC|  |TAMS 0x0000000088b00000| PB 0x0000000088b00000| Complete 
| 140|0x0000000088c00000, 0x0000000088d00000, 0x0000000088d00000|100%|HS|  |TAMS 0x0000000088c00000| PB 0x0000000088c00000| Complete 
| 141|0x0000000088d00000, 0x0000000088e00000, 0x0000000088e00000|100%|HC|  |TAMS 0x0000000088d00000| PB 0x0000000088d00000| Complete 
| 142|0x0000000088e00000, 0x0000000088f00000, 0x0000000088f00000|100%|HS|  |TAMS 0x0000000088e00000| PB 0x0000000088e00000| Complete 
| 143|0x0000000088f00000, 0x0000000089000000, 0x0000000089000000|100%|HS|  |TAMS 0x0000000088f00000| PB 0x0000000088f00000| Complete 
| 144|0x0000000089000000, 0x0000000089100000, 0x0000000089100000|100%|HS|  |TAMS 0x0000000089000000| PB 0x0000000089000000| Complete 
| 145|0x0000000089100000, 0x0000000089200000, 0x0000000089200000|100%|HS|  |TAMS 0x0000000089100000| PB 0x0000000089100000| Complete 
| 146|0x0000000089200000, 0x0000000089300000, 0x0000000089300000|100%|HC|  |TAMS 0x0000000089200000| PB 0x0000000089200000| Complete 
| 147|0x0000000089300000, 0x0000000089400000, 0x0000000089400000|100%|HS|  |TAMS 0x0000000089300000| PB 0x0000000089300000| Complete 
| 148|0x0000000089400000, 0x0000000089500000, 0x0000000089500000|100%|HC|  |TAMS 0x0000000089400000| PB 0x0000000089400000| Complete 
| 149|0x0000000089500000, 0x0000000089600000, 0x0000000089600000|100%|HC|  |TAMS 0x0000000089500000| PB 0x0000000089500000| Complete 
| 150|0x0000000089600000, 0x0000000089700000, 0x0000000089700000|100%|HS|  |TAMS 0x0000000089600000| PB 0x0000000089600000| Complete 
| 151|0x0000000089700000, 0x0000000089800000, 0x0000000089800000|100%|HC|  |TAMS 0x0000000089700000| PB 0x0000000089700000| Complete 
| 152|0x0000000089800000, 0x0000000089900000, 0x0000000089900000|100%|HC|  |TAMS 0x0000000089800000| PB 0x0000000089800000| Complete 
| 153|0x0000000089900000, 0x0000000089a00000, 0x0000000089a00000|100%|HS|  |TAMS 0x0000000089900000| PB 0x0000000089900000| Complete 
| 154|0x0000000089a00000, 0x0000000089b00000, 0x0000000089b00000|100%|HS|  |TAMS 0x0000000089a00000| PB 0x0000000089a00000| Complete 
| 155|0x0000000089b00000, 0x0000000089c00000, 0x0000000089c00000|100%|HC|  |TAMS 0x0000000089b00000| PB 0x0000000089b00000| Complete 
| 156|0x0000000089c00000, 0x0000000089d00000, 0x0000000089d00000|100%|HS|  |TAMS 0x0000000089c00000| PB 0x0000000089c00000| Complete 
| 157|0x0000000089d00000, 0x0000000089e00000, 0x0000000089e00000|100%|HS|  |TAMS 0x0000000089d00000| PB 0x0000000089d00000| Complete 
| 158|0x0000000089e00000, 0x0000000089f00000, 0x0000000089f00000|100%|HS|  |TAMS 0x0000000089e00000| PB 0x0000000089e00000| Complete 
| 159|0x0000000089f00000, 0x000000008a000000, 0x000000008a000000|100%|HC|  |TAMS 0x0000000089f00000| PB 0x0000000089f00000| Complete 
| 160|0x000000008a000000, 0x000000008a100000, 0x000000008a100000|100%|HS|  |TAMS 0x000000008a000000| PB 0x000000008a000000| Complete 
| 161|0x000000008a100000, 0x000000008a200000, 0x000000008a200000|100%|HC|  |TAMS 0x000000008a100000| PB 0x000000008a100000| Complete 
| 162|0x000000008a200000, 0x000000008a300000, 0x000000008a300000|100%|HS|  |TAMS 0x000000008a200000| PB 0x000000008a200000| Complete 
| 163|0x000000008a300000, 0x000000008a400000, 0x000000008a400000|100%|HS|  |TAMS 0x000000008a300000| PB 0x000000008a300000| Complete 
| 164|0x000000008a400000, 0x000000008a500000, 0x000000008a500000|100%| S|  |TAMS 0x000000008a400000| PB 0x000000008a400000| Complete 
| 165|0x000000008a500000, 0x000000008a600000, 0x000000008a600000|100%| S|  |TAMS 0x000000008a500000| PB 0x000000008a500000| Complete 
| 166|0x000000008a600000, 0x000000008a700000, 0x000000008a700000|100%| S|  |TAMS 0x000000008a600000| PB 0x000000008a600000| Complete 
| 167|0x000000008a700000, 0x000000008a800000, 0x000000008a800000|100%| S|  |TAMS 0x000000008a700000| PB 0x000000008a700000| Complete 
| 168|0x000000008a800000, 0x000000008a900000, 0x000000008a900000|100%| S|  |TAMS 0x000000008a800000| PB 0x000000008a800000| Complete 
| 169|0x000000008a900000, 0x000000008aa00000, 0x000000008aa00000|100%| S|  |TAMS 0x000000008a900000| PB 0x000000008a900000| Complete 
| 170|0x000000008aa00000, 0x000000008ab00000, 0x000000008ab00000|100%| S|  |TAMS 0x000000008aa00000| PB 0x000000008aa00000| Complete 
| 171|0x000000008ab00000, 0x000000008ac00000, 0x000000008ac00000|100%| S|  |TAMS 0x000000008ab00000| PB 0x000000008ab00000| Complete 
| 172|0x000000008ac00000, 0x000000008ad00000, 0x000000008ad00000|100%| S|  |TAMS 0x000000008ac00000| PB 0x000000008ac00000| Complete 
| 173|0x000000008ad00000, 0x000000008ae00000, 0x000000008ae00000|100%| S|  |TAMS 0x000000008ad00000| PB 0x000000008ad00000| Complete 
| 174|0x000000008ae00000, 0x000000008af00000, 0x000000008af00000|100%| S|  |TAMS 0x000000008ae00000| PB 0x000000008ae00000| Complete 
| 175|0x000000008af00000, 0x000000008b000000, 0x000000008b000000|100%| S|  |TAMS 0x000000008af00000| PB 0x000000008af00000| Complete 
| 176|0x000000008b000000, 0x000000008b100000, 0x000000008b100000|100%| E|CS|TAMS 0x000000008b000000| PB 0x000000008b000000| Complete 
| 177|0x000000008b100000, 0x000000008b200000, 0x000000008b200000|100%| E|CS|TAMS 0x000000008b100000| PB 0x000000008b100000| Complete 
| 178|0x000000008b200000, 0x000000008b300000, 0x000000008b300000|100%| E|CS|TAMS 0x000000008b200000| PB 0x000000008b200000| Complete 
| 179|0x000000008b300000, 0x000000008b400000, 0x000000008b400000|100%| E|CS|TAMS 0x000000008b300000| PB 0x000000008b300000| Complete 
| 180|0x000000008b400000, 0x000000008b500000, 0x000000008b500000|100%| E|CS|TAMS 0x000000008b400000| PB 0x000000008b400000| Complete 
| 181|0x000000008b500000, 0x000000008b600000, 0x000000008b600000|100%| E|CS|TAMS 0x000000008b500000| PB 0x000000008b500000| Complete 
| 182|0x000000008b600000, 0x000000008b700000, 0x000000008b700000|100%| E|CS|TAMS 0x000000008b600000| PB 0x000000008b600000| Complete 
| 183|0x000000008b700000, 0x000000008b800000, 0x000000008b800000|100%| E|CS|TAMS 0x000000008b700000| PB 0x000000008b700000| Complete 
| 184|0x000000008b800000, 0x000000008b900000, 0x000000008b900000|100%| E|CS|TAMS 0x000000008b800000| PB 0x000000008b800000| Complete 
| 185|0x000000008b900000, 0x000000008ba00000, 0x000000008ba00000|100%| E|CS|TAMS 0x000000008b900000| PB 0x000000008b900000| Complete 
| 186|0x000000008ba00000, 0x000000008bb00000, 0x000000008bb00000|100%| E|CS|TAMS 0x000000008ba00000| PB 0x000000008ba00000| Complete 
| 187|0x000000008bb00000, 0x000000008bc00000, 0x000000008bc00000|100%| E|CS|TAMS 0x000000008bb00000| PB 0x000000008bb00000| Complete 
| 188|0x000000008bc00000, 0x000000008bd00000, 0x000000008bd00000|100%| E|CS|TAMS 0x000000008bc00000| PB 0x000000008bc00000| Complete 
| 189|0x000000008bd00000, 0x000000008be00000, 0x000000008be00000|100%| E|CS|TAMS 0x000000008bd00000| PB 0x000000008bd00000| Complete 
| 190|0x000000008be00000, 0x000000008bf00000, 0x000000008bf00000|100%| E|CS|TAMS 0x000000008be00000| PB 0x000000008be00000| Complete 
| 191|0x000000008bf00000, 0x000000008c000000, 0x000000008c000000|100%| E|CS|TAMS 0x000000008bf00000| PB 0x000000008bf00000| Complete 
| 192|0x000000008c000000, 0x000000008c100000, 0x000000008c100000|100%| E|CS|TAMS 0x000000008c000000| PB 0x000000008c000000| Complete 
| 193|0x000000008c100000, 0x000000008c200000, 0x000000008c200000|100%| E|CS|TAMS 0x000000008c100000| PB 0x000000008c100000| Complete 
| 194|0x000000008c200000, 0x000000008c300000, 0x000000008c300000|100%| E|CS|TAMS 0x000000008c200000| PB 0x000000008c200000| Complete 
| 195|0x000000008c300000, 0x000000008c400000, 0x000000008c400000|100%| E|CS|TAMS 0x000000008c300000| PB 0x000000008c300000| Complete 
| 196|0x000000008c400000, 0x000000008c500000, 0x000000008c500000|100%| E|CS|TAMS 0x000000008c400000| PB 0x000000008c400000| Complete 
| 197|0x000000008c500000, 0x000000008c600000, 0x000000008c600000|100%| E|CS|TAMS 0x000000008c500000| PB 0x000000008c500000| Complete 
| 198|0x000000008c600000, 0x000000008c700000, 0x000000008c700000|100%| E|CS|TAMS 0x000000008c600000| PB 0x000000008c600000| Complete 
| 199|0x000000008c700000, 0x000000008c800000, 0x000000008c800000|100%| E|CS|TAMS 0x000000008c700000| PB 0x000000008c700000| Complete 
| 200|0x000000008c800000, 0x000000008c900000, 0x000000008c900000|100%| E|CS|TAMS 0x000000008c800000| PB 0x000000008c800000| Complete 
| 201|0x000000008c900000, 0x000000008ca00000, 0x000000008ca00000|100%| E|CS|TAMS 0x000000008c900000| PB 0x000000008c900000| Complete 
| 202|0x000000008ca00000, 0x000000008cb00000, 0x000000008cb00000|100%| E|CS|TAMS 0x000000008ca00000| PB 0x000000008ca00000| Complete 
| 203|0x000000008cb00000, 0x000000008cc00000, 0x000000008cc00000|100%| E|CS|TAMS 0x000000008cb00000| PB 0x000000008cb00000| Complete 
| 204|0x000000008cc00000, 0x000000008cd00000, 0x000000008cd00000|100%| E|CS|TAMS 0x000000008cc00000| PB 0x000000008cc00000| Complete 
| 205|0x000000008cd00000, 0x000000008ce00000, 0x000000008ce00000|100%| E|CS|TAMS 0x000000008cd00000| PB 0x000000008cd00000| Complete 
| 206|0x000000008ce00000, 0x000000008cf00000, 0x000000008cf00000|100%| E|CS|TAMS 0x000000008ce00000| PB 0x000000008ce00000| Complete 
| 207|0x000000008cf00000, 0x000000008d000000, 0x000000008d000000|100%| E|CS|TAMS 0x000000008cf00000| PB 0x000000008cf00000| Complete 
| 208|0x000000008d000000, 0x000000008d100000, 0x000000008d100000|100%| E|CS|TAMS 0x000000008d000000| PB 0x000000008d000000| Complete 
| 209|0x000000008d100000, 0x000000008d200000, 0x000000008d200000|100%| E|CS|TAMS 0x000000008d100000| PB 0x000000008d100000| Complete 
| 210|0x000000008d200000, 0x000000008d300000, 0x000000008d300000|100%| E|CS|TAMS 0x000000008d200000| PB 0x000000008d200000| Complete 
| 211|0x000000008d300000, 0x000000008d400000, 0x000000008d400000|100%| E|CS|TAMS 0x000000008d300000| PB 0x000000008d300000| Complete 
| 212|0x000000008d400000, 0x000000008d500000, 0x000000008d500000|100%| E|CS|TAMS 0x000000008d400000| PB 0x000000008d400000| Complete 
| 213|0x000000008d500000, 0x000000008d600000, 0x000000008d600000|100%| E|CS|TAMS 0x000000008d500000| PB 0x000000008d500000| Complete 
| 214|0x000000008d600000, 0x000000008d700000, 0x000000008d700000|100%| E|CS|TAMS 0x000000008d600000| PB 0x000000008d600000| Complete 
| 215|0x000000008d700000, 0x000000008d7e1cd8, 0x000000008d800000| 88%| E|CS|TAMS 0x000000008d700000| PB 0x000000008d700000| Complete 
| 216|0x000000008d800000, 0x000000008d900000, 0x000000008d900000|100%| E|CS|TAMS 0x000000008d800000| PB 0x000000008d800000| Complete 
| 217|0x000000008d900000, 0x000000008da00000, 0x000000008da00000|100%|HS|  |TAMS 0x000000008d900000| PB 0x000000008d900000| Complete 
| 218|0x000000008da00000, 0x000000008db00000, 0x000000008db00000|100%|HC|  |TAMS 0x000000008da00000| PB 0x000000008da00000| Complete 
| 219|0x000000008db00000, 0x000000008dc00000, 0x000000008dc00000|100%| E|CS|TAMS 0x000000008db00000| PB 0x000000008db00000| Complete 
| 220|0x000000008dc00000, 0x000000008dd00000, 0x000000008dd00000|100%| E|CS|TAMS 0x000000008dc00000| PB 0x000000008dc00000| Complete 
| 221|0x000000008dd00000, 0x000000008de00000, 0x000000008de00000|100%| E|CS|TAMS 0x000000008dd00000| PB 0x000000008dd00000| Complete 
| 222|0x000000008de00000, 0x000000008df00000, 0x000000008df00000|100%| E|CS|TAMS 0x000000008de00000| PB 0x000000008de00000| Complete 
| 223|0x000000008df00000, 0x000000008e000000, 0x000000008e000000|100%| E|CS|TAMS 0x000000008df00000| PB 0x000000008df00000| Complete 
| 224|0x000000008e000000, 0x000000008e100000, 0x000000008e100000|100%| E|CS|TAMS 0x000000008e000000| PB 0x000000008e000000| Complete 
| 225|0x000000008e100000, 0x000000008e200000, 0x000000008e200000|100%| E|CS|TAMS 0x000000008e100000| PB 0x000000008e100000| Complete 
| 226|0x000000008e200000, 0x000000008e300000, 0x000000008e300000|100%| E|CS|TAMS 0x000000008e200000| PB 0x000000008e200000| Complete 
| 227|0x000000008e300000, 0x000000008e400000, 0x000000008e400000|100%| E|CS|TAMS 0x000000008e300000| PB 0x000000008e300000| Complete 
| 228|0x000000008e400000, 0x000000008e500000, 0x000000008e500000|100%| E|CS|TAMS 0x000000008e400000| PB 0x000000008e400000| Complete 
| 229|0x000000008e500000, 0x000000008e600000, 0x000000008e600000|100%| E|CS|TAMS 0x000000008e500000| PB 0x000000008e500000| Complete 
| 230|0x000000008e600000, 0x000000008e700000, 0x000000008e700000|100%| E|CS|TAMS 0x000000008e600000| PB 0x000000008e600000| Complete 
| 231|0x000000008e700000, 0x000000008e800000, 0x000000008e800000|100%| E|CS|TAMS 0x000000008e700000| PB 0x000000008e700000| Complete 
| 232|0x000000008e800000, 0x000000008e900000, 0x000000008e900000|100%| E|CS|TAMS 0x000000008e800000| PB 0x000000008e800000| Complete 
| 233|0x000000008e900000, 0x000000008ea00000, 0x000000008ea00000|100%| E|CS|TAMS 0x000000008e900000| PB 0x000000008e900000| Complete 
| 234|0x000000008ea00000, 0x000000008eb00000, 0x000000008eb00000|100%| E|CS|TAMS 0x000000008ea00000| PB 0x000000008ea00000| Complete 
| 235|0x000000008eb00000, 0x000000008ec00000, 0x000000008ec00000|100%| E|CS|TAMS 0x000000008eb00000| PB 0x000000008eb00000| Complete 
| 236|0x000000008ec00000, 0x000000008ed00000, 0x000000008ed00000|100%| E|CS|TAMS 0x000000008ec00000| PB 0x000000008ec00000| Complete 
| 237|0x000000008ed00000, 0x000000008ee00000, 0x000000008ee00000|100%| E|CS|TAMS 0x000000008ed00000| PB 0x000000008ed00000| Complete 
| 238|0x000000008ee00000, 0x000000008ef00000, 0x000000008ef00000|100%| E|CS|TAMS 0x000000008ee00000| PB 0x000000008ee00000| Complete 
| 239|0x000000008ef00000, 0x000000008f000000, 0x000000008f000000|100%| E|CS|TAMS 0x000000008ef00000| PB 0x000000008ef00000| Complete 
| 240|0x000000008f000000, 0x000000008f100000, 0x000000008f100000|100%| E|CS|TAMS 0x000000008f000000| PB 0x000000008f000000| Complete 
| 241|0x000000008f100000, 0x000000008f200000, 0x000000008f200000|100%| E|CS|TAMS 0x000000008f100000| PB 0x000000008f100000| Complete 
| 242|0x000000008f200000, 0x000000008f300000, 0x000000008f300000|100%| E|CS|TAMS 0x000000008f200000| PB 0x000000008f200000| Complete 
| 243|0x000000008f300000, 0x000000008f400000, 0x000000008f400000|100%| E|CS|TAMS 0x000000008f300000| PB 0x000000008f300000| Complete 
| 244|0x000000008f400000, 0x000000008f500000, 0x000000008f500000|100%| E|CS|TAMS 0x000000008f400000| PB 0x000000008f400000| Complete 
| 245|0x000000008f500000, 0x000000008f600000, 0x000000008f600000|100%| E|CS|TAMS 0x000000008f500000| PB 0x000000008f500000| Complete 
| 246|0x000000008f600000, 0x000000008f700000, 0x000000008f700000|100%| E|CS|TAMS 0x000000008f600000| PB 0x000000008f600000| Complete 
| 247|0x000000008f700000, 0x000000008f800000, 0x000000008f800000|100%| E|CS|TAMS 0x000000008f700000| PB 0x000000008f700000| Complete 
| 248|0x000000008f800000, 0x000000008f900000, 0x000000008f900000|100%| E|CS|TAMS 0x000000008f800000| PB 0x000000008f800000| Complete 
| 249|0x000000008f900000, 0x000000008fa00000, 0x000000008fa00000|100%| E|CS|TAMS 0x000000008f900000| PB 0x000000008f900000| Complete 
| 250|0x000000008fa00000, 0x000000008fb00000, 0x000000008fb00000|100%| E|CS|TAMS 0x000000008fa00000| PB 0x000000008fa00000| Complete 
| 251|0x000000008fb00000, 0x000000008fc00000, 0x000000008fc00000|100%| E|CS|TAMS 0x000000008fb00000| PB 0x000000008fb00000| Complete 
| 252|0x000000008fc00000, 0x000000008fd00000, 0x000000008fd00000|100%| E|CS|TAMS 0x000000008fc00000| PB 0x000000008fc00000| Complete 
| 253|0x000000008fd00000, 0x000000008fe00000, 0x000000008fe00000|100%| E|CS|TAMS 0x000000008fd00000| PB 0x000000008fd00000| Complete 
| 254|0x000000008fe00000, 0x000000008ff00000, 0x000000008ff00000|100%| E|CS|TAMS 0x000000008fe00000| PB 0x000000008fe00000| Complete 
| 255|0x000000008ff00000, 0x0000000090000000, 0x0000000090000000|100%| E|CS|TAMS 0x000000008ff00000| PB 0x000000008ff00000| Complete 
| 256|0x0000000090000000, 0x0000000090100000, 0x0000000090100000|100%| E|CS|TAMS 0x0000000090000000| PB 0x0000000090000000| Complete 
| 257|0x0000000090100000, 0x0000000090200000, 0x0000000090200000|100%| E|CS|TAMS 0x0000000090100000| PB 0x0000000090100000| Complete 
| 258|0x0000000090200000, 0x0000000090300000, 0x0000000090300000|100%| E|CS|TAMS 0x0000000090200000| PB 0x0000000090200000| Complete 
| 259|0x0000000090300000, 0x0000000090400000, 0x0000000090400000|100%| E|CS|TAMS 0x0000000090300000| PB 0x0000000090300000| Complete 
| 260|0x0000000090400000, 0x0000000090500000, 0x0000000090500000|100%| E|CS|TAMS 0x0000000090400000| PB 0x0000000090400000| Complete 
| 261|0x0000000090500000, 0x0000000090600000, 0x0000000090600000|100%| E|CS|TAMS 0x0000000090500000| PB 0x0000000090500000| Complete 
| 262|0x0000000090600000, 0x0000000090700000, 0x0000000090700000|100%| E|CS|TAMS 0x0000000090600000| PB 0x0000000090600000| Complete 
| 263|0x0000000090700000, 0x0000000090800000, 0x0000000090800000|100%| E|CS|TAMS 0x0000000090700000| PB 0x0000000090700000| Complete 
| 264|0x0000000090800000, 0x0000000090900000, 0x0000000090900000|100%| E|CS|TAMS 0x0000000090800000| PB 0x0000000090800000| Complete 
| 265|0x0000000090900000, 0x0000000090a00000, 0x0000000090a00000|100%| E|CS|TAMS 0x0000000090900000| PB 0x0000000090900000| Complete 
| 266|0x0000000090a00000, 0x0000000090b00000, 0x0000000090b00000|100%| E|CS|TAMS 0x0000000090a00000| PB 0x0000000090a00000| Complete 
| 267|0x0000000090b00000, 0x0000000090c00000, 0x0000000090c00000|100%| E|CS|TAMS 0x0000000090b00000| PB 0x0000000090b00000| Complete 
| 268|0x0000000090c00000, 0x0000000090d00000, 0x0000000090d00000|100%| E|CS|TAMS 0x0000000090c00000| PB 0x0000000090c00000| Complete 
| 269|0x0000000090d00000, 0x0000000090e00000, 0x0000000090e00000|100%| E|CS|TAMS 0x0000000090d00000| PB 0x0000000090d00000| Complete 
| 270|0x0000000090e00000, 0x0000000090f00000, 0x0000000090f00000|100%| E|CS|TAMS 0x0000000090e00000| PB 0x0000000090e00000| Complete 
| 271|0x0000000090f00000, 0x0000000091000000, 0x0000000091000000|100%| E|CS|TAMS 0x0000000090f00000| PB 0x0000000090f00000| Complete 
| 272|0x0000000091000000, 0x0000000091100000, 0x0000000091100000|100%| E|CS|TAMS 0x0000000091000000| PB 0x0000000091000000| Complete 
| 273|0x0000000091100000, 0x0000000091200000, 0x0000000091200000|100%| E|CS|TAMS 0x0000000091100000| PB 0x0000000091100000| Complete 
| 274|0x0000000091200000, 0x0000000091300000, 0x0000000091300000|100%| E|CS|TAMS 0x0000000091200000| PB 0x0000000091200000| Complete 
| 275|0x0000000091300000, 0x0000000091400000, 0x0000000091400000|100%| E|CS|TAMS 0x0000000091300000| PB 0x0000000091300000| Complete 
|2029|0x00000000fed00000, 0x00000000fee00000, 0x00000000fee00000|100%| O|  |TAMS 0x00000000fed00000| PB 0x00000000fed00000| Untracked 
|2030|0x00000000fee00000, 0x00000000fef00000, 0x00000000fef00000|100%| O|  |TAMS 0x00000000fee00000| PB 0x00000000fee00000| Untracked 
|2031|0x00000000fef00000, 0x00000000ff000000, 0x00000000ff000000|100%| O|  |TAMS 0x00000000fef00000| PB 0x00000000fef00000| Untracked 
|2032|0x00000000ff000000, 0x00000000ff100000, 0x00000000ff100000|100%| O|  |TAMS 0x00000000ff000000| PB 0x00000000ff000000| Untracked 
|2033|0x00000000ff100000, 0x00000000ff200000, 0x00000000ff200000|100%| E|CS|TAMS 0x00000000ff100000| PB 0x00000000ff100000| Complete 
|2034|0x00000000ff200000, 0x00000000ff300000, 0x00000000ff300000|100%| O|  |TAMS 0x00000000ff200000| PB 0x00000000ff200000| Untracked 
|2035|0x00000000ff300000, 0x00000000ff400000, 0x00000000ff400000|100%| O|  |TAMS 0x00000000ff300000| PB 0x00000000ff300000| Untracked 
|2036|0x00000000ff400000, 0x00000000ff500000, 0x00000000ff500000|100%| O|  |TAMS 0x00000000ff400000| PB 0x00000000ff400000| Untracked 
|2037|0x00000000ff500000, 0x00000000ff600000, 0x00000000ff600000|100%| O|  |TAMS 0x00000000ff500000| PB 0x00000000ff500000| Untracked 
|2038|0x00000000ff600000, 0x00000000ff700000, 0x00000000ff700000|100%| O|  |TAMS 0x00000000ff600000| PB 0x00000000ff600000| Untracked 
|2039|0x00000000ff700000, 0x00000000ff800000, 0x00000000ff800000|100%| O|  |TAMS 0x00000000ff700000| PB 0x00000000ff700000| Untracked 
|2040|0x00000000ff800000, 0x00000000ff900000, 0x00000000ff900000|100%| E|CS|TAMS 0x00000000ff800000| PB 0x00000000ff800000| Complete 
|2041|0x00000000ff900000, 0x00000000ffa00000, 0x00000000ffa00000|100%| E|CS|TAMS 0x00000000ff900000| PB 0x00000000ff900000| Complete 
|2042|0x00000000ffa00000, 0x00000000ffb00000, 0x00000000ffb00000|100%| E|CS|TAMS 0x00000000ffa00000| PB 0x00000000ffa00000| Complete 
|2043|0x00000000ffb00000, 0x00000000ffc00000, 0x00000000ffc00000|100%| O|  |TAMS 0x00000000ffb00000| PB 0x00000000ffb00000| Untracked 
|2044|0x00000000ffc00000, 0x00000000ffd00000, 0x00000000ffd00000|100%| O|  |TAMS 0x00000000ffc00000| PB 0x00000000ffc00000| Untracked 
|2045|0x00000000ffd00000, 0x00000000ffe00000, 0x00000000ffe00000|100%| O|  |TAMS 0x00000000ffd00000| PB 0x00000000ffd00000| Untracked 
|2046|0x00000000ffe00000, 0x00000000fff00000, 0x00000000fff00000|100%| O|  |TAMS 0x00000000ffe00000| PB 0x00000000ffe00000| Untracked 
|2047|0x00000000fff00000, 0x0000000100000000, 0x0000000100000000|100%| O|  |TAMS 0x00000000fff00000| PB 0x00000000fff00000| Untracked 

Card table byte_map: [0x0000021100000000,0x0000021100400000] _byte_map_base: 0x00000210ffc00000

Marking Bits: (CMBitMap*) 0x000002116aa3e680
 Bits: [0x0000021100400000, 0x0000021102400000)

Polling page: 0x000002116abd0000

Metaspace:

Usage:
  Non-class:    105.09 MB used.
      Class:     17.13 MB used.
       Both:    122.22 MB used.

Virtual space:
  Non-class space:      128.00 MB reserved,     106.31 MB ( 83%) committed,  2 nodes.
      Class space:        1.00 GB reserved,      18.25 MB (  2%) committed,  1 nodes.
             Both:        1.12 GB reserved,     124.56 MB ( 11%) committed. 

Chunk freelists:
   Non-Class:  5.00 MB
       Class:  13.80 MB
        Both:  18.80 MB

MaxMetaspaceSize: unlimited
CompressedClassSpaceSize: 1.00 GB
Initial GC threshold: 21.00 MB
Current GC threshold: 206.88 MB
CDS: off
 - commit_granule_bytes: 65536.
 - commit_granule_words: 8192.
 - virtual_space_node_default_size: 8388608.
 - enlarge_chunks_in_place: 1.
 - use_allocation_guard: 0.


Internal statistics:

num_allocs_failed_limit: 12.
num_arena_births: 4700.
num_arena_deaths: 0.
num_vsnodes_births: 3.
num_vsnodes_deaths: 0.
num_space_committed: 1992.
num_space_uncommitted: 0.
num_chunks_returned_to_freelist: 12.
num_chunks_taken_from_freelist: 10201.
num_chunk_merges: 9.
num_chunk_splits: 6613.
num_chunks_enlarged: 4067.
num_inconsistent_stats: 0.

CodeHeap 'non-profiled nmethods': size=119168Kb used=8614Kb max_used=8614Kb free=110553Kb
 bounds [0x0000021177b30000, 0x00000211783a0000, 0x000002117ef90000]
CodeHeap 'profiled nmethods': size=119104Kb used=26884Kb max_used=26884Kb free=92219Kb
 bounds [0x000002116ff90000, 0x00000211719e0000, 0x00000211773e0000]
CodeHeap 'non-nmethods': size=7488Kb used=3177Kb max_used=3787Kb free=4311Kb
 bounds [0x00000211773e0000, 0x00000211777a0000, 0x0000021177b30000]
CodeCache: size=245760Kb, used=38675Kb, max_used=39285Kb, free=207083Kb
 total_blobs=14757, nmethods=13832, adapters=827, full_count=0
Compilation: enabled, stopped_count=0, restarted_count=0

Compilation events (20 events):
Event: 42.123 Thread 0x000002110ade8e40 16551       2       com.android.ide.common.resources.FileResourceNameValidator::getErrorTextForFileResource (250 bytes)
Event: 42.124 Thread 0x0000021105466b90 nmethod 16550 0x00000211719c9690 code [0x00000211719c98a0, 0x00000211719c9b90]
Event: 42.124 Thread 0x0000021105466b90 16558       2       com.sun.org.apache.xerces.internal.utils.XMLSecurityManager::convert (100 bytes)
Event: 42.124 Thread 0x00000211052a5d90 nmethod 16544 0x00000211719c9d90 code [0x00000211719ca1e0, 0x00000211719cb108]
Event: 42.124 Thread 0x00000211052a5d90 16552       2       com.android.utils.SdkUtils::endsWithIgnoreCase (21 bytes)
Event: 42.125 Thread 0x00000211052a5d90 nmethod 16552 0x00000211719cc790 code [0x00000211719cc940, 0x00000211719ccaa0]
Event: 42.125 Thread 0x0000021105466b90 nmethod 16558 0x00000211719ccc10 code [0x00000211719cce40, 0x00000211719cd370]
Event: 42.125 Thread 0x00000211052a5d90 16553       2       com.android.ide.common.resources.FileResourceNameValidator::getErrorTextForNameWithoutExtension (113 bytes)
Event: 42.125 Thread 0x0000021105466b90 16554       2       com.android.utils.PositionXmlParser::getXmlString (8 bytes)
Event: 42.125 Thread 0x0000021105466b90 nmethod 16554 0x00000211719cd610 code [0x00000211719cd7c0, 0x00000211719cd8d0]
Event: 42.125 Thread 0x0000021105466b90 16555       2       com.android.utils.XmlUtils::stripBom (26 bytes)
Event: 42.126 Thread 0x0000021105466b90 nmethod 16555 0x00000211719cd990 code [0x00000211719cdb40, 0x00000211719cddb0]
Event: 42.126 Thread 0x0000021105466b90 16556       2       com.sun.org.apache.xerces.internal.parsers.AbstractDOMParser::<init> (173 bytes)
Event: 42.126 Thread 0x000002110ade8e40 nmethod 16551 0x00000211719ce010 code [0x00000211719ce320, 0x00000211719ceb18]
Event: 42.126 Thread 0x000002110ade8e40 16557   !   2       com.sun.org.apache.xerces.internal.parsers.DOMParser::getErrorHandler (42 bytes)
Event: 42.127 Thread 0x000002110ade8e40 nmethod 16557 0x00000211719cf090 code [0x00000211719cf260, 0x00000211719cf550]
Event: 42.127 Thread 0x000002110ade8e40 16559       2       com.google.common.collect.ArrayListMultimap::put (7 bytes)
Event: 42.128 Thread 0x00000211052a5d90 nmethod 16553 0x00000211719cf710 code [0x00000211719cfa60, 0x00000211719d0830]
Event: 42.128 Thread 0x000002110ade8e40 nmethod 16559 0x00000211719d0f10 code [0x00000211719d10c0, 0x00000211719d11e8]
Event: 42.129 Thread 0x0000021105466b90 nmethod 16556 0x00000211719d1290 code [0x00000211719d1560, 0x00000211719d2070]

GC Heap History (20 events):
Event: 35.956 GC heap after
{Heap after GC invocations=45 (full 0):
 garbage-first heap   total 197632K, used 114785K [0x0000000080000000, 0x0000000100000000)
  region size 1024K, 4 young (4096K), 4 survivors (4096K)
 Metaspace       used 114275K, committed 116608K, reserved 1179648K
  class space    used 16267K, committed 17344K, reserved 1048576K
}
Event: 36.224 GC heap before
{Heap before GC invocations=46 (full 0):
 garbage-first heap   total 197632K, used 184417K [0x0000000080000000, 0x0000000100000000)
  region size 1024K, 73 young (74752K), 4 survivors (4096K)
 Metaspace       used 114331K, committed 116672K, reserved 1179648K
  class space    used 16273K, committed 17408K, reserved 1048576K
}
Event: 36.230 GC heap after
{Heap after GC invocations=47 (full 0):
 garbage-first heap   total 197632K, used 115532K [0x0000000080000000, 0x0000000100000000)
  region size 1024K, 5 young (5120K), 5 survivors (5120K)
 Metaspace       used 114331K, committed 116672K, reserved 1179648K
  class space    used 16273K, committed 17408K, reserved 1048576K
}
Event: 37.108 GC heap before
{Heap before GC invocations=47 (full 0):
 garbage-first heap   total 197632K, used 184140K [0x0000000080000000, 0x0000000100000000)
  region size 1024K, 73 young (74752K), 5 survivors (5120K)
 Metaspace       used 116744K, committed 119040K, reserved 1179648K
  class space    used 16561K, committed 17664K, reserved 1048576K
}
Event: 37.115 GC heap after
{Heap after GC invocations=48 (full 0):
 garbage-first heap   total 237568K, used 117013K [0x0000000080000000, 0x0000000100000000)
  region size 1024K, 7 young (7168K), 7 survivors (7168K)
 Metaspace       used 116744K, committed 119040K, reserved 1179648K
  class space    used 16561K, committed 17664K, reserved 1048576K
}
Event: 37.729 GC heap before
{Heap before GC invocations=48 (full 0):
 garbage-first heap   total 237568K, used 219413K [0x0000000080000000, 0x0000000100000000)
  region size 1024K, 108 young (110592K), 7 survivors (7168K)
 Metaspace       used 117901K, committed 120256K, reserved 1179648K
  class space    used 16707K, committed 17792K, reserved 1048576K
}
Event: 37.738 GC heap after
{Heap after GC invocations=49 (full 0):
 garbage-first heap   total 237568K, used 118949K [0x0000000080000000, 0x0000000100000000)
  region size 1024K, 9 young (9216K), 9 survivors (9216K)
 Metaspace       used 117901K, committed 120256K, reserved 1179648K
  class space    used 16707K, committed 17792K, reserved 1048576K
}
Event: 37.988 GC heap before
{Heap before GC invocations=50 (full 0):
 garbage-first heap   total 237568K, used 221349K [0x0000000080000000, 0x0000000100000000)
  region size 1024K, 110 young (112640K), 9 survivors (9216K)
 Metaspace       used 117999K, committed 120384K, reserved 1179648K
  class space    used 16730K, committed 17856K, reserved 1048576K
}
Event: 37.997 GC heap after
{Heap after GC invocations=51 (full 0):
 garbage-first heap   total 237568K, used 119436K [0x0000000080000000, 0x0000000100000000)
  region size 1024K, 8 young (8192K), 8 survivors (8192K)
 Metaspace       used 117999K, committed 120384K, reserved 1179648K
  class space    used 16730K, committed 17856K, reserved 1048576K
}
Event: 38.253 GC heap before
{Heap before GC invocations=51 (full 0):
 garbage-first heap   total 237568K, used 222860K [0x0000000080000000, 0x0000000100000000)
  region size 1024K, 109 young (111616K), 8 survivors (8192K)
 Metaspace       used 118039K, committed 120448K, reserved 1179648K
  class space    used 16732K, committed 17856K, reserved 1048576K
}
Event: 38.262 GC heap after
{Heap after GC invocations=52 (full 0):
 garbage-first heap   total 237568K, used 118897K [0x0000000080000000, 0x0000000100000000)
  region size 1024K, 8 young (8192K), 8 survivors (8192K)
 Metaspace       used 118039K, committed 120448K, reserved 1179648K
  class space    used 16732K, committed 17856K, reserved 1048576K
}
Event: 38.412 GC heap before
{Heap before GC invocations=52 (full 0):
 garbage-first heap   total 237568K, used 207985K [0x0000000080000000, 0x0000000100000000)
  region size 1024K, 97 young (99328K), 8 survivors (8192K)
 Metaspace       used 118088K, committed 120448K, reserved 1179648K
  class space    used 16736K, committed 17856K, reserved 1048576K
}
Event: 38.420 GC heap after
{Heap after GC invocations=53 (full 0):
 garbage-first heap   total 237568K, used 120042K [0x0000000080000000, 0x0000000100000000)
  region size 1024K, 8 young (8192K), 8 survivors (8192K)
 Metaspace       used 118088K, committed 120448K, reserved 1179648K
  class space    used 16736K, committed 17856K, reserved 1048576K
}
Event: 38.857 GC heap before
{Heap before GC invocations=54 (full 0):
 garbage-first heap   total 239616K, used 237802K [0x0000000080000000, 0x0000000100000000)
  region size 1024K, 109 young (111616K), 8 survivors (8192K)
 Metaspace       used 119557K, committed 121984K, reserved 1179648K
  class space    used 16823K, committed 17984K, reserved 1048576K
}
Event: 38.870 GC heap after
{Heap after GC invocations=55 (full 0):
 garbage-first heap   total 250880K, used 133698K [0x0000000080000000, 0x0000000100000000)
  region size 1024K, 11 young (11264K), 11 survivors (11264K)
 Metaspace       used 119557K, committed 121984K, reserved 1179648K
  class space    used 16823K, committed 17984K, reserved 1048576K
}
Event: 40.019 GC heap before
{Heap before GC invocations=55 (full 0):
 garbage-first heap   total 250880K, used 240194K [0x0000000080000000, 0x0000000100000000)
  region size 1024K, 112 young (114688K), 11 survivors (11264K)
 Metaspace       used 123976K, committed 126336K, reserved 1179648K
  class space    used 17375K, committed 18496K, reserved 1048576K
}
Event: 40.032 GC heap after
{Heap after GC invocations=56 (full 0):
 garbage-first heap   total 259072K, used 141487K [0x0000000080000000, 0x0000000100000000)
  region size 1024K, 10 young (10240K), 10 survivors (10240K)
 Metaspace       used 123976K, committed 126336K, reserved 1179648K
  class space    used 17375K, committed 18496K, reserved 1048576K
}
Event: 40.172 GC heap before
{Heap before GC invocations=56 (full 0):
 garbage-first heap   total 259072K, used 149679K [0x0000000080000000, 0x0000000100000000)
  region size 1024K, 20 young (20480K), 10 survivors (10240K)
 Metaspace       used 124416K, committed 126784K, reserved 1179648K
  class space    used 17438K, committed 18560K, reserved 1048576K
}
Event: 40.180 GC heap after
{Heap after GC invocations=57 (full 0):
 garbage-first heap   total 259072K, used 144482K [0x0000000080000000, 0x0000000100000000)
  region size 1024K, 7 young (7168K), 7 survivors (7168K)
 Metaspace       used 124416K, committed 126784K, reserved 1179648K
  class space    used 17438K, committed 18560K, reserved 1048576K
}
Event: 42.136 GC heap before
{Heap before GC invocations=58 (full 0):
 garbage-first heap   total 302080K, used 287842K [0x0000000080000000, 0x0000000100000000)
  region size 1024K, 102 young (104448K), 7 survivors (7168K)
 Metaspace       used 125157K, committed 127552K, reserved 1179648K
  class space    used 17543K, committed 18688K, reserved 1048576K
}

Dll operation events (3 events):
Event: 0.023 Loaded shared library C:\Program Files\Android\Android Studio\jbr\bin\java.dll
Event: 0.033 Loaded shared library C:\Program Files\Android\Android Studio\jbr\bin\zip.dll
Event: 1.443 Loaded shared library C:\Program Files\Android\Android Studio\jbr\bin\verify.dll

Deoptimization events (20 events):
Event: 41.844 Thread 0x000002110e248870 Uncommon trap: trap_request=0xffffff45 fr.pc=0x0000021178345dfc relative=0x00000000000004dc
Event: 41.844 Thread 0x000002110e248870 Uncommon trap: reason=unstable_if action=reinterpret pc=0x0000021178345dfc method=com.sun.org.apache.xerces.internal.impl.XMLEntityScanner.scanLiteral(ILcom/sun/org/apache/xerces/internal/xni/XMLString;Z)I @ 189 c2
Event: 41.844 Thread 0x000002110e248870 DEOPT PACKING pc=0x0000021178345dfc sp=0x0000008348df8ec0
Event: 41.844 Thread 0x000002110e248870 DEOPT UNPACKING pc=0x00000211774343a2 sp=0x0000008348df8e70 mode 2
Event: 41.844 Thread 0x000002110e248870 Uncommon trap: trap_request=0xffffff45 fr.pc=0x000002117837b454 relative=0x00000000000007d4
Event: 41.844 Thread 0x000002110e248870 Uncommon trap: reason=unstable_if action=reinterpret pc=0x000002117837b454 method=com.sun.org.apache.xerces.internal.impl.XMLScanner.scanAttributeValue(Lcom/sun/org/apache/xerces/internal/xni/XMLString;Lcom/sun/org/apache/xerces/internal/xni/XMLString;Lja
Event: 41.844 Thread 0x000002110e248870 DEOPT PACKING pc=0x000002117837b454 sp=0x0000008348df8f30
Event: 41.844 Thread 0x000002110e248870 DEOPT UNPACKING pc=0x00000211774343a2 sp=0x0000008348df8ed0 mode 2
Event: 41.847 Thread 0x000002110e248870 Uncommon trap: trap_request=0xffffff45 fr.pc=0x0000021178355378 relative=0x00000000000001b8
Event: 41.847 Thread 0x000002110e248870 Uncommon trap: reason=unstable_if action=reinterpret pc=0x0000021178355378 method=com.sun.org.apache.xerces.internal.utils.XMLLimitAnalyzer.addValue(ILjava/lang/String;I)V @ 78 c2
Event: 41.847 Thread 0x000002110e248870 DEOPT PACKING pc=0x0000021178355378 sp=0x0000008348df8e00
Event: 41.847 Thread 0x000002110e248870 DEOPT UNPACKING pc=0x00000211774343a2 sp=0x0000008348df8d78 mode 2
Event: 42.127 Thread 0x000002110f984c10 Uncommon trap: trap_request=0xffffffde fr.pc=0x0000021178106de8 relative=0x0000000000000a28
Event: 42.127 Thread 0x000002110f984c10 Uncommon trap: reason=class_check action=maybe_recompile pc=0x0000021178106de8 method=java.lang.ThreadLocal.setInitialValue(Ljava/lang/Thread;)Ljava/lang/Object; @ 27 c2
Event: 42.127 Thread 0x000002110f984c10 DEOPT PACKING pc=0x0000021178106de8 sp=0x000000834f4fd540
Event: 42.127 Thread 0x000002110f984c10 DEOPT UNPACKING pc=0x00000211774343a2 sp=0x000000834f4fd500 mode 2
Event: 42.128 Thread 0x000002110ea1bf30 Uncommon trap: trap_request=0xffffffde fr.pc=0x0000021178106de8 relative=0x0000000000000a28
Event: 42.128 Thread 0x000002110ea1bf30 Uncommon trap: reason=class_check action=maybe_recompile pc=0x0000021178106de8 method=java.lang.ThreadLocal.setInitialValue(Ljava/lang/Thread;)Ljava/lang/Object; @ 27 c2
Event: 42.128 Thread 0x000002110ea1bf30 DEOPT PACKING pc=0x0000021178106de8 sp=0x000000834f5fa160
Event: 42.128 Thread 0x000002110ea1bf30 DEOPT UNPACKING pc=0x00000211774343a2 sp=0x000000834f5fa120 mode 2

Classes loaded (20 events):
Event: 39.625 Loading class java/util/stream/IntPipeline$1$1
Event: 39.626 Loading class java/util/stream/Sink$ChainedInt
Event: 39.626 Loading class java/util/stream/Sink$ChainedInt done
Event: 39.626 Loading class java/util/stream/IntPipeline$1$1 done
Event: 39.879 Loading class java/util/function/BooleanSupplier
Event: 39.879 Loading class java/util/function/BooleanSupplier done
Event: 40.070 Loading class com/sun/org/apache/xerces/internal/dom/AttrNSImpl
Event: 40.071 Loading class com/sun/org/apache/xerces/internal/dom/AttrNSImpl done
Event: 40.164 Loading class java/nio/BufferUnderflowException
Event: 40.165 Loading class java/nio/BufferUnderflowException done
Event: 42.120 Loading class java/util/concurrent/ForkJoinTask$AdaptedInterruptibleCallable
Event: 42.120 Loading class java/util/concurrent/ForkJoinTask$InterruptibleTask
Event: 42.121 Loading class java/util/concurrent/ForkJoinTask$InterruptibleTask done
Event: 42.121 Loading class java/util/concurrent/ForkJoinTask$AdaptedInterruptibleCallable done
Event: 42.121 Loading class java/util/concurrent/ForkJoinTask$Aux
Event: 42.122 Loading class java/util/concurrent/ForkJoinTask$Aux done
Event: 42.123 Loading class java/util/concurrent/ForkJoinPool$DefaultForkJoinWorkerThreadFactory$1
Event: 42.123 Loading class java/util/concurrent/ForkJoinPool$DefaultForkJoinWorkerThreadFactory$1 done
Event: 42.126 Loading class java/util/concurrent/CountedCompleter
Event: 42.127 Loading class java/util/concurrent/CountedCompleter done

Classes unloaded (0 events):
No events

Classes redefined (0 events):
No events

Internal exceptions (20 events):
Event: 41.562 Thread 0x00000211170da470 Exception <a 'sun/nio/fs/WindowsException'{0x0000000090bf8698}> (0x0000000090bf8698) 
thrown [s\src\hotspot\share\prims\jni.cpp, line 537]
Event: 41.565 Thread 0x00000211170da470 Exception <a 'sun/nio/fs/WindowsException'{0x0000000090bfe9b0}> (0x0000000090bfe9b0) 
thrown [s\src\hotspot\share\prims\jni.cpp, line 537]
Event: 41.589 Thread 0x00000211170da470 Exception <a 'sun/nio/fs/WindowsException'{0x0000000090ae8bd8}> (0x0000000090ae8bd8) 
thrown [s\src\hotspot\share\prims\jni.cpp, line 537]
Event: 41.594 Thread 0x00000211170da470 Exception <a 'sun/nio/fs/WindowsException'{0x0000000090af2c20}> (0x0000000090af2c20) 
thrown [s\src\hotspot\share\prims\jni.cpp, line 537]
Event: 41.596 Thread 0x00000211170da470 Exception <a 'sun/nio/fs/WindowsException'{0x0000000090af9dc8}> (0x0000000090af9dc8) 
thrown [s\src\hotspot\share\prims\jni.cpp, line 537]
Event: 41.704 Thread 0x00000211170da470 Exception <a 'sun/nio/fs/WindowsException'{0x00000000903e2760}> (0x00000000903e2760) 
thrown [s\src\hotspot\share\prims\jni.cpp, line 537]
Event: 41.783 Thread 0x000002110e248870 Exception <a 'sun/nio/fs/WindowsException'{0x000000008f997788}> (0x000000008f997788) 
thrown [s\src\hotspot\share\prims\jni.cpp, line 537]
Event: 41.784 Thread 0x000002110e248870 Exception <a 'sun/nio/fs/WindowsException'{0x000000008f99a618}> (0x000000008f99a618) 
thrown [s\src\hotspot\share\prims\jni.cpp, line 537]
Event: 41.790 Thread 0x000002110e248870 Exception <a 'sun/nio/fs/WindowsException'{0x000000008f84f180}> (0x000000008f84f180) 
thrown [s\src\hotspot\share\prims\jni.cpp, line 537]
Event: 41.791 Thread 0x000002110e248870 Exception <a 'sun/nio/fs/WindowsException'{0x000000008f852010}> (0x000000008f852010) 
thrown [s\src\hotspot\share\prims\jni.cpp, line 537]
Event: 41.806 Thread 0x000002110e248870 Exception <a 'sun/nio/fs/WindowsException'{0x000000008f596260}> (0x000000008f596260) 
thrown [s\src\hotspot\share\prims\jni.cpp, line 537]
Event: 41.807 Thread 0x000002110e248870 Exception <a 'sun/nio/fs/WindowsException'{0x000000008f5990f0}> (0x000000008f5990f0) 
thrown [s\src\hotspot\share\prims\jni.cpp, line 537]
Event: 42.116 Thread 0x00000211170da470 Exception <a 'sun/nio/fs/WindowsException'{0x000000008b1b5618}> (0x000000008b1b5618) 
thrown [s\src\hotspot\share\prims\jni.cpp, line 537]
Event: 42.128 Thread 0x000002110f984c10 Exception <a 'sun/nio/fs/WindowsException'{0x000000008b02b328}> (0x000000008b02b328) 
thrown [s\src\hotspot\share\prims\jni.cpp, line 537]
Event: 42.129 Thread 0x000002110ea1bf30 Exception <a 'sun/nio/fs/WindowsException'{0x000000008b011c50}> (0x000000008b011c50) 
thrown [s\src\hotspot\share\prims\jni.cpp, line 537]
Event: 42.131 Thread 0x000002110f984c10 Exception <a 'java/lang/IncompatibleClassChangeError'{0x000000008b02e988}: Found class java.lang.Object, but interface was expected> (0x000000008b02e988) 
thrown [s\src\hotspot\share\interpreter\linkResolver.cpp, line 851]
Event: 42.131 Thread 0x00000211101b0a00 Exception <a 'java/lang/IncompatibleClassChangeError'{0x000000008b03da98}: Found class java.lang.Object, but interface was expected> (0x000000008b03da98) 
thrown [s\src\hotspot\share\interpreter\linkResolver.cpp, line 851]
Event: 42.131 Thread 0x000002110ea1bf30 Exception <a 'sun/nio/fs/WindowsException'{0x000000008b016540}> (0x000000008b016540) 
thrown [s\src\hotspot\share\prims\jni.cpp, line 537]
Event: 42.132 Thread 0x000002110f984c10 Exception <a 'sun/nio/fs/WindowsException'{0x000000008b033bd0}> (0x000000008b033bd0) 
thrown [s\src\hotspot\share\prims\jni.cpp, line 537]
Event: 42.134 Thread 0x000002110ea1bf30 Exception <a 'sun/nio/fs/WindowsException'{0x000000008b01b260}> (0x000000008b01b260) 
thrown [s\src\hotspot\share\prims\jni.cpp, line 537]

ZGC Phase Switch (0 events):
No events

VM Operations (20 events):
Event: 38.810 Executing non-safepoint VM operation: HandshakeAllThreads (Deoptimize) done
Event: 38.829 Executing non-safepoint VM operation: HandshakeAllThreads (Deoptimize)
Event: 38.830 Executing non-safepoint VM operation: HandshakeAllThreads (Deoptimize) done
Event: 38.833 Executing non-safepoint VM operation: HandshakeAllThreads (Deoptimize)
Event: 38.834 Executing non-safepoint VM operation: HandshakeAllThreads (Deoptimize) done
Event: 38.857 Executing safepoint VM operation: G1CollectForAllocation (G1 Evacuation Pause)
Event: 38.870 Executing safepoint VM operation: G1CollectForAllocation (G1 Evacuation Pause) done
Event: 39.870 Executing safepoint VM operation: Cleanup
Event: 39.871 Executing safepoint VM operation: Cleanup done
Event: 40.019 Executing safepoint VM operation: G1CollectForAllocation (G1 Evacuation Pause)
Event: 40.032 Executing safepoint VM operation: G1CollectForAllocation (G1 Evacuation Pause) done
Event: 40.074 Executing non-safepoint VM operation: HandshakeAllThreads (Deoptimize)
Event: 40.075 Executing non-safepoint VM operation: HandshakeAllThreads (Deoptimize) done
Event: 40.172 Executing safepoint VM operation: G1TryInitiateConcMark (G1 Humongous Allocation)
Event: 40.180 Executing safepoint VM operation: G1TryInitiateConcMark (G1 Humongous Allocation) done
Event: 40.307 Executing safepoint VM operation: G1PauseRemark
Event: 41.324 Executing safepoint VM operation: G1PauseRemark done
Event: 41.377 Executing safepoint VM operation: G1PauseCleanup
Event: 41.378 Executing safepoint VM operation: G1PauseCleanup done
Event: 42.136 Executing safepoint VM operation: G1CollectForAllocation (G1 Evacuation Pause)

Memory protections (0 events):
No events

Nmethod flushes (20 events):
Event: 40.317 Thread 0x0000021104e8d900 flushing  nmethod 0x00000211709c0690
Event: 40.317 Thread 0x0000021104e8d900 flushing  nmethod 0x0000021170db2810
Event: 40.317 Thread 0x0000021104e8d900 flushing  nmethod 0x00000211710d9610
Event: 40.317 Thread 0x0000021104e8d900 flushing  nmethod 0x00000211716adf10
Event: 40.317 Thread 0x0000021104e8d900 flushing  nmethod 0x000002116ff90990
Event: 40.317 Thread 0x0000021104e8d900 flushing  nmethod 0x00000211704c5f10
Event: 40.317 Thread 0x0000021104e8d900 flushing  nmethod 0x0000021170663610
Event: 40.317 Thread 0x0000021104e8d900 flushing  nmethod 0x00000211706ab610
Event: 40.317 Thread 0x0000021104e8d900 flushing  nmethod 0x00000211707bfe10
Event: 40.317 Thread 0x0000021104e8d900 flushing  nmethod 0x00000211709b8390
Event: 40.317 Thread 0x0000021104e8d900 flushing  nmethod 0x0000021170e01890
Event: 40.317 Thread 0x0000021104e8d900 flushing  nmethod 0x0000021170e06090
Event: 40.317 Thread 0x0000021104e8d900 flushing  nmethod 0x0000021171437410
Event: 40.317 Thread 0x0000021104e8d900 flushing  nmethod 0x00000211714a3610
Event: 40.317 Thread 0x0000021104e8d900 flushing  nmethod 0x0000021171605490
Event: 40.317 Thread 0x0000021104e8d900 flushing  nmethod 0x0000021170525c90
Event: 40.317 Thread 0x0000021104e8d900 flushing  nmethod 0x000002117099a390
Event: 40.317 Thread 0x0000021104e8d900 flushing  nmethod 0x0000021170a37590
Event: 40.317 Thread 0x0000021104e8d900 flushing  nmethod 0x0000021170f53090
Event: 40.317 Thread 0x0000021104e8d900 flushing  nmethod 0x0000021177bbca90

Events (20 events):
Event: 38.509 Thread 0x000002110ade8e40 Thread exited: 0x000002110ade8e40
Event: 38.563 Thread 0x000002110e248f00 Thread added: 0x000002110ec49ae0
Event: 38.666 Thread 0x000002110ec49ae0 Thread added: 0x00000211170da470
Event: 38.667 Thread 0x000002110ec49ae0 Thread added: 0x00000211170dab00
Event: 38.849 Thread 0x000002110ec4a800 Thread added: 0x00000211119f94d0
Event: 41.326 Thread 0x00000211119f94d0 Thread exited: 0x00000211119f94d0
Event: 41.327 Thread 0x0000021111b684a0 Thread exited: 0x0000021111b684a0
Event: 41.327 Thread 0x0000021105467240 Thread exited: 0x0000021105467240
Event: 41.577 Thread 0x00000211052a5d90 Thread added: 0x000002110ade8e40
Event: 42.004 Thread 0x000002110ec4a800 Thread added: 0x000002110e26a300
Event: 42.124 Thread 0x00000211170da470 Thread added: 0x000002110f984c10
Event: 42.125 Thread 0x000002110f984c10 Thread added: 0x000002110ea1bf30
Event: 42.126 Thread 0x000002110ea1bf30 Thread added: 0x000002110f985930
Event: 42.128 Thread 0x000002110f985930 Thread added: 0x00000211101b0a00
Event: 42.129 Thread 0x00000211101b0a00 Thread added: 0x000002110ec4b520
Event: 42.130 Thread 0x000002110ec4b520 Thread added: 0x0000021105877380
Event: 42.131 Thread 0x0000021105877380 Thread added: 0x000002110ec480a0
Event: 42.131 Thread 0x000002110ec480a0 Thread added: 0x000002110ad9a6e0
Event: 42.133 Thread 0x000002110ad9a6e0 Thread added: 0x000002110ad9a050
Event: 42.135 Thread 0x000002110ad9a050 Thread added: 0x00000211101b1090


Dynamic libraries:
0x00007ff6a93a0000 - 0x00007ff6a93aa000 	C:\Program Files\Android\Android Studio\jbr\bin\java.exe
0x00007ffd8fde0000 - 0x00007ffd90047000 	C:\WINDOWS\SYSTEM32\ntdll.dll
0x00007ffd61fb0000 - 0x00007ffd61fd1000 	C:\Program Files\AVG\Antivirus\aswhook.dll
0x00007ffd8ed30000 - 0x00007ffd8edf9000 	C:\WINDOWS\System32\KERNEL32.DLL
0x00007ffd8d760000 - 0x00007ffd8db57000 	C:\WINDOWS\System32\KERNELBASE.dll
0x00007ffd8d370000 - 0x00007ffd8d4bb000 	C:\WINDOWS\System32\ucrtbase.dll
0x00007ffd3f7a0000 - 0x00007ffd3f7b8000 	C:\Program Files\Android\Android Studio\jbr\bin\jli.dll
0x00007ffd87e70000 - 0x00007ffd87e8b000 	C:\Program Files\Android\Android Studio\jbr\bin\VCRUNTIME140.dll
0x00007ffd8e850000 - 0x00007ffd8ea16000 	C:\WINDOWS\System32\USER32.dll
0x00007ffd8d340000 - 0x00007ffd8d367000 	C:\WINDOWS\System32\win32u.dll
0x00007ffd728b0000 - 0x00007ffd72b42000 	C:\WINDOWS\WinSxS\amd64_microsoft.windows.common-controls_6595b64144ccf1df_6.0.26100.8457_none_3e0b2faee331e92d\COMCTL32.dll
0x00007ffd8eb90000 - 0x00007ffd8ebbb000 	C:\WINDOWS\System32\GDI32.dll
0x00007ffd8ec80000 - 0x00007ffd8ed29000 	C:\WINDOWS\System32\msvcrt.dll
0x00007ffd8d570000 - 0x00007ffd8d69c000 	C:\WINDOWS\System32\gdi32full.dll
0x00007ffd8d4c0000 - 0x00007ffd8d563000 	C:\WINDOWS\System32\msvcp_win.dll
0x00007ffd8f540000 - 0x00007ffd8f572000 	C:\WINDOWS\System32\IMM32.DLL
0x00007ffd79dc0000 - 0x00007ffd79dcc000 	C:\Program Files\Android\Android Studio\jbr\bin\vcruntime140_1.dll
0x00007ffd03720000 - 0x00007ffd037ad000 	C:\Program Files\Android\Android Studio\jbr\bin\msvcp140.dll
0x00007ffce50e0000 - 0x00007ffce5d76000 	C:\Program Files\Android\Android Studio\jbr\bin\server\jvm.dll
0x00007ffd8ebc0000 - 0x00007ffd8ec76000 	C:\WINDOWS\System32\ADVAPI32.dll
0x00007ffd8ea20000 - 0x00007ffd8eac7000 	C:\WINDOWS\System32\sechost.dll
0x00007ffd8f070000 - 0x00007ffd8f188000 	C:\WINDOWS\System32\RPCRT4.dll
0x00007ffd8fc90000 - 0x00007ffd8fd10000 	C:\WINDOWS\System32\WS2_32.dll
0x00007ffd8c670000 - 0x00007ffd8c6ce000 	C:\WINDOWS\SYSTEM32\POWRPROF.dll
0x00007ffd865c0000 - 0x00007ffd865cb000 	C:\WINDOWS\SYSTEM32\VERSION.dll
0x00007ffd86580000 - 0x00007ffd865b6000 	C:\WINDOWS\SYSTEM32\WINMM.dll
0x00007ffd8c650000 - 0x00007ffd8c664000 	C:\WINDOWS\SYSTEM32\UMPDC.dll
0x00007ffd8b560000 - 0x00007ffd8b57b000 	C:\WINDOWS\SYSTEM32\kernel.appcore.dll
0x00007ffd79db0000 - 0x00007ffd79dba000 	C:\Program Files\Android\Android Studio\jbr\bin\jimage.dll
0x00007ffd807a0000 - 0x00007ffd809e2000 	C:\WINDOWS\SYSTEM32\DBGHELP.DLL
0x00007ffd8db60000 - 0x00007ffd8dee3000 	C:\WINDOWS\System32\combase.dll
0x00007ffd8f580000 - 0x00007ffd8f659000 	C:\WINDOWS\System32\OLEAUT32.dll
0x00007ffd7f720000 - 0x00007ffd7f75b000 	C:\WINDOWS\SYSTEM32\dbgcore.DLL
0x00007ffd8c8a0000 - 0x00007ffd8c948000 	C:\WINDOWS\System32\bcryptPrimitives.dll
0x00007ffd44770000 - 0x00007ffd4477e000 	C:\Program Files\Android\Android Studio\jbr\bin\instrument.dll
0x00007ffd74c60000 - 0x00007ffd74c80000 	C:\Program Files\Android\Android Studio\jbr\bin\java.dll
0x00007ffd74b60000 - 0x00007ffd74b78000 	C:\Program Files\Android\Android Studio\jbr\bin\zip.dll
0x00007ffd8def0000 - 0x00007ffd8e65e000 	C:\WINDOWS\System32\SHELL32.dll
0x00007ffd8cad0000 - 0x00007ffd8d33c000 	C:\WINDOWS\System32\windows.storage.dll
0x00007ffd8e680000 - 0x00007ffd8e776000 	C:\WINDOWS\System32\SHCORE.dll
0x00007ffd8e7e0000 - 0x00007ffd8e846000 	C:\WINDOWS\System32\shlwapi.dll
0x00007ffd8c730000 - 0x00007ffd8c759000 	C:\WINDOWS\SYSTEM32\profapi.dll
0x00007ffd74b50000 - 0x00007ffd74b60000 	C:\Program Files\Android\Android Studio\jbr\bin\net.dll
0x00007ffd86aa0000 - 0x00007ffd86bc9000 	C:\WINDOWS\SYSTEM32\WINHTTP.dll
0x00007ffd8bab0000 - 0x00007ffd8bb1c000 	C:\WINDOWS\system32\mswsock.dll
0x00007ffd74b30000 - 0x00007ffd74b46000 	C:\Program Files\Android\Android Studio\jbr\bin\nio.dll
0x00007ffd52d20000 - 0x00007ffd52d30000 	C:\Program Files\Android\Android Studio\jbr\bin\verify.dll
0x00007ffd3d450000 - 0x00007ffd3d477000 	C:\Users\Windows 10\.gradle\native\660c5614fbf4a5f2a75b1949f50a0caf5cd603558e7d8a26e50b933a0cfb79d1\windows-amd64\native-platform.dll
0x00007ffd01930000 - 0x00007ffd019a7000 	C:\Users\Windows 10\.gradle\native\0.2.8\x86_64-windows-gnu\gradle-fileevents.dll
0x00007ffd56890000 - 0x00007ffd56899000 	C:\Program Files\Android\Android Studio\jbr\bin\management.dll
0x00007ffd52d40000 - 0x00007ffd52d4b000 	C:\Program Files\Android\Android Studio\jbr\bin\management_ext.dll
0x00007ffd8f1b0000 - 0x00007ffd8f1b8000 	C:\WINDOWS\System32\PSAPI.DLL
0x00007ffd8afa0000 - 0x00007ffd8afd2000 	C:\WINDOWS\SYSTEM32\IPHLPAPI.DLL
0x00007ffd8e670000 - 0x00007ffd8e67a000 	C:\WINDOWS\System32\NSI.dll
0x00007ffd74b20000 - 0x00007ffd74b29000 	C:\Program Files\Android\Android Studio\jbr\bin\extnet.dll
0x00007ffd8beb0000 - 0x00007ffd8becb000 	C:\WINDOWS\SYSTEM32\CRYPTSP.dll
0x00007ffd8b4c0000 - 0x00007ffd8b4f9000 	C:\WINDOWS\system32\rsaenh.dll
0x00007ffd8bb60000 - 0x00007ffd8bb93000 	C:\WINDOWS\SYSTEM32\USERENV.dll
0x00007ffd8c700000 - 0x00007ffd8c72a000 	C:\WINDOWS\SYSTEM32\bcrypt.dll
0x00007ffd8bd10000 - 0x00007ffd8bd1c000 	C:\WINDOWS\SYSTEM32\CRYPTBASE.dll
0x00007ffd8a100000 - 0x00007ffd8a108000 	C:\WINDOWS\system32\wshunix.dll

JVMTI agents:
C:\Users\Windows 10\.gradle\wrapper\dists\gradle-9.3.1-bin\23ovyewtku6u96viwx3xl3oks\gradle-9.3.1\lib\agents\gradle-instrumentation-agent-9.3.1.jar path:C:\Program Files\Android\Android Studio\jbr\bin\instrument.dll, loaded, initialized, instrumentlib options:none

dbghelp: loaded successfully - version: 4.0.5 - missing functions: none
symbol engine: initialized successfully - sym options: 0x614 - pdb path: .;C:\Program Files\Android\Android Studio\jbr\bin;C:\WINDOWS\SYSTEM32;C:\Program Files\AVG\Antivirus;C:\WINDOWS\WinSxS\amd64_microsoft.windows.common-controls_6595b64144ccf1df_6.0.26100.8457_none_3e0b2faee331e92d;C:\Program Files\Android\Android Studio\jbr\bin\server;C:\Users\Windows 10\.gradle\native\660c5614fbf4a5f2a75b1949f50a0caf5cd603558e7d8a26e50b933a0cfb79d1\windows-amd64;C:\Users\Windows 10\.gradle\native\0.2.8\x86_64-windows-gnu

VM Arguments:
jvm_args: --add-opens=java.base/java.lang=ALL-UNNAMED --add-opens=java.base/java.lang.invoke=ALL-UNNAMED --add-opens=java.base/java.util=ALL-UNNAMED --add-opens=java.prefs/java.util.prefs=ALL-UNNAMED --add-exports=jdk.compiler/com.sun.tools.javac.api=ALL-UNNAMED --add-exports=jdk.compiler/com.sun.tools.javac.util=ALL-UNNAMED --add-opens=java.base/java.util=ALL-UNNAMED --add-opens=java.prefs/java.util.prefs=ALL-UNNAMED --add-opens=java.base/java.nio.charset=ALL-UNNAMED --add-opens=java.base/java.net=ALL-UNNAMED --add-opens=java.base/java.util.concurrent=ALL-UNNAMED --add-opens=java.base/java.util.concurrent.atomic=ALL-UNNAMED --add-opens=java.xml/javax.xml.namespace=ALL-UNNAMED --add-opens=java.base/java.time=ALL-UNNAMED -Xmx2048m -Dfile.encoding=UTF-8 -Duser.country=ZA -Duser.language=en -Duser.variant -javaagent:C:\Users\Windows 10\.gradle\wrapper\dists\gradle-9.3.1-bin\23ovyewtku6u96viwx3xl3oks\gradle-9.3.1\lib\agents\gradle-instrumentation-agent-9.3.1.jar 
java_command: org.gradle.launcher.daemon.bootstrap.GradleDaemon 9.3.1
java_class_path (initial): C:\Users\Windows 10\.gradle\wrapper\dists\gradle-9.3.1-bin\23ovyewtku6u96viwx3xl3oks\gradle-9.3.1\lib\gradle-daemon-main-9.3.1.jar
Launcher Type: SUN_STANDARD

[Global flags]
     intx CICompilerCount                          = 12                                        {product} {ergonomic}
     uint ConcGCThreads                            = 3                                         {product} {ergonomic}
     uint G1ConcRefinementThreads                  = 13                                        {product} {ergonomic}
   size_t G1HeapRegionSize                         = 1048576                                   {product} {ergonomic}
    uintx GCDrainStackTargetSize                   = 64                                        {product} {ergonomic}
   size_t InitialHeapSize                          = 123731968                                 {product} {ergonomic}
   size_t MarkStackSize                            = 4194304                                   {product} {ergonomic}
   size_t MaxHeapSize                              = 2147483648                                {product} {command line}
   size_t MaxNewSize                               = 1287651328                                {product} {ergonomic}
   size_t MinHeapDeltaBytes                        = 1048576                                   {product} {ergonomic}
   size_t MinHeapSize                              = 8388608                                   {product} {ergonomic}
    uintx NonNMethodCodeHeapSize                   = 7602480                                {pd product} {ergonomic}
    uintx NonProfiledCodeHeapSize                  = 122027880                              {pd product} {ergonomic}
    uintx ProfiledCodeHeapSize                     = 122027880                              {pd product} {ergonomic}
    uintx ReservedCodeCacheSize                    = 251658240                              {pd product} {ergonomic}
     bool SegmentedCodeCache                       = true                                      {product} {ergonomic}
   size_t SoftMaxHeapSize                          = 2147483648                             {manageable} {ergonomic}
     bool UseCompressedOops                        = true                           {product lp64_product} {ergonomic}
     bool UseG1GC                                  = true                                      {product} {ergonomic}
     bool UseLargePagesIndividualAllocation        = false                                  {pd product} {ergonomic}

Logging:
Log output configuration:
 #0: stdout all=warning uptime,level,tags foldmultilines=false
 #1: stderr all=off uptime,level,tags foldmultilines=false

Release file:
JAVA_VERSION="21.0.10" 
MODULES="java.base java.compiler java.datatransfer java.xml java.prefs java.desktop java.instrument java.logging java.management java.security.sasl java.naming java.rmi java.management.rmi java.net.http java.scripting java.security.jgss java.transaction.xa java.sql java.sql.rowset java.xml.crypto java.se java.smartcardio jdk.accessibility jdk.internal.jvmstat jdk.attach jdk.charsets jdk.internal.opt jdk.zipfs jdk.compiler jdk.crypto.ec jdk.crypto.cryptoki jdk.dynalink jdk.hotspot.agent jdk.httpserver jdk.internal.ed jdk.internal.le jdk.internal.vm.ci jdk.jartool jdk.javadoc jdk.jcmd jdk.jdeps jdk.jdwp.agent jdk.jdi jdk.jfr jdk.jlink jdk.jsobject jdk.localedata jdk.management jdk.management.agent jdk.management.jfr jdk.naming.dns jdk.naming.rmi jdk.net jdk.sctp jdk.security.auth jdk.security.jgss jdk.unsupported jdk.unsupported.desktop jdk.xml.dom" 
IMPLEMENTOR="JetBrains s.r.o." 
JAVA_RUNTIME_VERSION="21.0.10+-14961533-b1163.108" 
LIBC="default" 
OS_ARCH="x86_64" 
OS_NAME="Windows" 
SOURCE=".:git:1351622c2ff2" 

Environment Variables:
PATH=C:\app\dbhomeXE\bin;C:\Windows\dbhomeXE\bin;C:\Program Files (x86)\Common Files\Oracle\Java\javapath;C:\Program Files (x86)\NVIDIA Corporation\PhysX\Common;C:\Program Files\Common Files\Oracle\Java\javapath;C:\WINDOWS\system32;C:\WINDOWS;C:\WINDOWS\System32\Wbem;C:\WINDOWS\System32\WindowsPowerShell\v1.0\;C:\WINDOWS\System32\OpenSSH\;C:\Program Files (x86)\Microsoft SQL Server\160\DTS\Binn\;C:\Program Files\Azure Data Studio\bin;C:\Program Files\dotnet\;C:\Program Files\Microsoft SQL Server\150\Tools\Binn\;C:\Program Files\Microsoft SQL Server\Client SDK\ODBC\170\Tools\Binn\;C:\Program Files\Microsoft SQL Server\170\DTS\Binn\;C:\Program Files\Git\cmd;C:\Users\Windows 10\AppData\Local\Microsoft\WindowsApps;C:\Program Files\Azure Data Studio\bin;C:\Users\Windows 10\AppData\Local\Programs\Microsoft VS Code Insiders\bin;C:\Users\Windows 10\AppData\Local\GitHubDesktop\bin;C:\ProgramData\Windows 10\GitHubDesktop\bin;C:\Users\Windows 10\.dotnet\tools
USERNAME=Windows 10
OS=Windows_NT
PROCESSOR_IDENTIFIER=AMD64 Family 23 Model 104 Stepping 1, AuthenticAMD
TMP=C:\Users\WINDOW~1\AppData\Local\Temp
TEMP=C:\Users\WINDOW~1\AppData\Local\Temp




Periodic native trim disabled

JNI global refs:
JNI global refs: 36, weak refs: 19

JNI global refs memory usage: 835, weak refs: 833

Process memory usage:
Resident Set Size: 479000K (6% of 7681536K total physical memory with 510108K free physical memory)

OOME stack traces (most recent first):
Classloader memory used:
Loader org.gradle.internal.classloader.VisitableURLClassLoader                         : 46483K
Loader org.gradle.internal.classloader.VisitableURLClassLoader$InstrumentingVisitableURLClassLoader: 34553K
Loader bootstrap                                                                       : 29787K
Loader org.gradle.initialization.MixInLegacyTypesClassLoader                           : 13179K
Loader jdk.internal.reflect.DelegatingClassLoader                                      : 449K
Loader jdk.internal.loader.ClassLoaders$AppClassLoader                                 : 232K
Loader jdk.internal.loader.ClassLoaders$PlatformClassLoader                            : 177K
Loader org.gradle.internal.classloader.VisitableURLClassLoader                         : 165K
Loader org.gradle.groovy.scripts.internal.DefaultScriptCompilationHandler$ScriptClassLoader: 128K

Classes loaded by more than one classloader:
Class Program                                                                         : loaded 5 times (x 72B)
Class Build_gradle                                                                    : loaded 3 times (x 126B)
Class com.google.common.collect.RegularImmutableMap$KeySet                            : loaded 2 times (x 152B)
Class org.gradle.internal.classloader.FilteringClassLoader                            : loaded 2 times (x 105B)
Class [Lcom.google.common.base.AbstractIterator$State;                                : loaded 2 times (x 69B)
Class com.google.common.base.CharMatcher$IsEither                                     : loaded 2 times (x 111B)
Class org.gradle.internal.classloader.ClassLoaderHierarchy                            : loaded 2 times (x 70B)
Class com.google.common.collect.ImmutableEnumSet                                      : loaded 2 times (x 146B)
Class com.google.common.util.concurrent.ExecutionError                                : loaded 2 times (x 82B)
Class com.google.common.collect.ImmutableList$1                                       : loaded 2 times (x 97B)
Class org.gradle.api.internal.classpath.ManifestUtil                                  : loaded 2 times (x 71B)
Class com.google.common.collect.RegularImmutableMap                                   : loaded 2 times (x 121B)
Class com.google.common.collect.ImmutableMap$MapViewOfValuesAsSingletonSets           : loaded 2 times (x 126B)
Class [Lorg.objectweb.asm.Symbol;                                                     : loaded 2 times (x 69B)
Class org.objectweb.asm.ClassVisitor                                                  : loaded 2 times (x 88B)
Class com.google.common.collect.UnmodifiableListIterator                              : loaded 2 times (x 95B)
Class com.google.common.base.Platform$JdkPatternCompiler                              : loaded 2 times (x 75B)
Class org.objectweb.asm.MethodTooLargeException                                       : loaded 2 times (x 83B)
Class [Lcom.google.common.cache.CacheBuilder$OneWeigher;                              : loaded 2 times (x 69B)
Class com.google.common.base.Suppliers                                                : loaded 2 times (x 71B)
Class org.gradle.internal.classloader.DefaultClassLoaderFactory                       : loaded 2 times (x 82B)
Class com.google.common.base.CharMatcher$None                                         : loaded 2 times (x 112B)
Class org.gradle.internal.classloader.ClassLoaderVisitor                              : loaded 2 times (x 76B)
Class [Lcom.google.common.collect.ImmutableMapEntry;                                  : loaded 2 times (x 69B)
Class org.gradle.api.internal.classpath.EffectiveClassPath                            : loaded 2 times (x 90B)
Class com.google.common.collect.ListMultimap                                          : loaded 2 times (x 70B)
Class com.google.common.collect.ImmutableEnumMap                                      : loaded 2 times (x 126B)
Class com.google.common.base.Splitter                                                 : loaded 2 times (x 72B)
Class com.google.common.collect.ImmutableSet$SerializedForm                           : loaded 2 times (x 73B)
Class com.google.common.collect.Sets$1                                                : loaded 2 times (x 139B)
Class org.objectweb.asm.AnnotationVisitor                                             : loaded 2 times (x 78B)
Class ijKotlinCoroutineJvmDebugInit1_8d4id96t5brqjcnqa40zhtiq0                        : loaded 2 times (x 171B)
Class org.gradle.api.internal.DefaultClassPathProvider                                : loaded 2 times (x 76B)
Class com.google.common.collect.Maps$ViewCachingAbstractMap                           : loaded 2 times (x 125B)
Class com.google.common.collect.Sets$2                                                : loaded 2 times (x 139B)
Class [Lorg.gradle.api.internal.ClassPathProvider;                                    : loaded 2 times (x 69B)
Class org.gradle.api.internal.ClassPathProvider                                       : loaded 2 times (x 70B)
Class com.google.common.base.AbstractIterator$State                                   : loaded 2 times (x 79B)
Class [Lorg.objectweb.asm.AnnotationVisitor;                                          : loaded 2 times (x 69B)
Class com.google.common.collect.Sets$3                                                : loaded 2 times (x 139B)
Class com.google.common.cache.LocalCache$LocalLoadingCache                            : loaded 2 times (x 134B)
Class org.gradle.internal.service.UnknownServiceException                             : loaded 2 times (x 83B)
Class com.google.common.collect.Sets$4                                                : loaded 2 times (x 139B)
Class org.objectweb.asm.ModuleVisitor                                                 : loaded 2 times (x 81B)
Class com.google.common.cache.LocalCache$Strength$1                                   : loaded 2 times (x 81B)
Class com.google.common.util.concurrent.SettableFuture                                : loaded 2 times (x 114B)
Class com.google.common.cache.LocalCache$Strength$2                                   : loaded 2 times (x 81B)
Class com.google.common.collect.TransformedIterator                                   : loaded 2 times (x 80B)
Class com.google.common.base.Splitter$1                                               : loaded 2 times (x 77B)
Class com.google.common.cache.LocalCache$Strength$3                                   : loaded 2 times (x 81B)
Class com.google.common.collect.MapDifference                                         : loaded 2 times (x 70B)
Class org.objectweb.asm.FieldWriter                                                   : loaded 2 times (x 78B)
Class com.google.common.cache.CacheBuilder$NullListener                               : loaded 2 times (x 82B)
Class org.gradle.internal.classpath.TransformedClassPath                              : loaded 2 times (x 96B)
Class org.gradle.internal.classloader.InstrumentingClassLoader                        : loaded 2 times (x 70B)
Class com.google.common.cache.CacheLoader$FunctionToCacheLoader                       : loaded 2 times (x 75B)
Class com.google.common.collect.Iterators$ArrayItr                                    : loaded 2 times (x 97B)
Class com.google.common.collect.ImmutableCollection$Builder                           : loaded 2 times (x 76B)
Class com.google.common.base.Equivalence$Identity                                     : loaded 2 times (x 82B)
Class com.google.common.base.MoreObjects                                              : loaded 2 times (x 71B)
Class com.google.common.collect.Platform                                              : loaded 2 times (x 71B)
Class [Lorg.objectweb.asm.Type;                                                       : loaded 2 times (x 69B)
Class com.google.common.collect.UnmodifiableIterator                                  : loaded 2 times (x 80B)
Class org.gradle.internal.service.ServiceLocator                                      : loaded 2 times (x 70B)
Class com.google.common.base.Ascii                                                    : loaded 2 times (x 71B)
Class com.google.common.collect.SingletonImmutableBiMap                               : loaded 2 times (x 143B)
Class com.google.common.cache.LocalCache$1                                            : loaded 2 times (x 89B)
Class com.google.common.collect.Iterators$SingletonIterator                           : loaded 2 times (x 81B)
Class com.google.common.collect.AbstractMapEntry                                      : loaded 2 times (x 81B)
Class com.google.common.collect.Sets$ImprovedAbstractSet                              : loaded 2 times (x 135B)
Class com.google.common.collect.ImmutableList$Builder                                 : loaded 2 times (x 77B)
Class com.google.common.collect.AbstractMultimap                                      : loaded 2 times (x 123B)
Class com.google.common.cache.LocalCache$2                                            : loaded 2 times (x 142B)
Class ijKotlinCoroutineJvmDebugInit1_8d4id96t5brqjcnqa40zhtiq0$_run_closure1$_closure2: loaded 2 times (x 139B)
Class com.google.common.collect.RegularImmutableAsList                                : loaded 2 times (x 217B)
Class ijJvmDebugger1_b5rqkoi4cvyrocszbx6z13ivq                                        : loaded 2 times (x 171B)
Class com.google.common.util.concurrent.AbstractFuture$Trusted                        : loaded 2 times (x 70B)
Class com.google.common.collect.Iterators                                             : loaded 2 times (x 71B)
Class com.google.common.collect.Lists$StringAsImmutableList                           : loaded 2 times (x 207B)
Class com.google.common.util.concurrent.UncheckedExecutionException                   : loaded 2 times (x 82B)
Class org.gradle.kotlin.dsl.VersionCatalogAccessorsKt                                 : loaded 2 times (x 71B)
Class com.google.common.collect.AbstractMapBasedMultimap$KeySet$1                     : loaded 2 times (x 82B)
Class org.objectweb.asm.ClassWriter                                                   : loaded 2 times (x 106B)
Class com.google.common.cache.CacheLoader$UnsupportedLoadingOperationException        : loaded 2 times (x 82B)
Class com.google.common.base.CharMatcher$And                                          : loaded 2 times (x 112B)
Class org.gradle.internal.classloader.ClasspathUtil$1                                 : loaded 2 times (x 76B)
Class org.objectweb.asm.FieldVisitor                                                  : loaded 2 times (x 77B)
Class com.google.common.collect.IndexedImmutableSet                                   : loaded 2 times (x 152B)
Class com.google.common.collect.ImmutableMap$1                                        : loaded 2 times (x 81B)
Class com.google.common.collect.BiMap                                                 : loaded 2 times (x 70B)
Class org.gradle.api.internal.classpath.DefaultModuleRegistry$DefaultModule           : loaded 2 times (x 86B)
Class com.google.common.primitives.Ints                                               : loaded 2 times (x 71B)
Class com.google.common.collect.AbstractIterator                                      : loaded 2 times (x 82B)
Class com.google.common.collect.ObjectArrays                                          : loaded 2 times (x 71B)
Class com.google.common.math.MathPreconditions                                        : loaded 2 times (x 71B)
Class com.google.common.collect.Multiset                                              : loaded 2 times (x 70B)
Class com.google.common.collect.ArrayListMultimapGwtSerializationDependencies         : loaded 2 times (x 172B)
Class com.google.common.collect.AbstractIndexedListIterator                           : loaded 2 times (x 96B)
Class com.google.common.collect.ImmutableMapEntrySet                                  : loaded 2 times (x 152B)
Class org.gradle.api.internal.classpath.Module                                        : loaded 2 times (x 70B)
Class com.google.common.cache.Weigher                                                 : loaded 2 times (x 70B)
Class org.gradle.api.internal.classpath.UnknownModuleException                        : loaded 2 times (x 82B)
Class com.google.common.base.Stopwatch                                                : loaded 2 times (x 72B)
Class com.google.common.cache.LocalCache$Strength                                     : loaded 2 times (x 81B)
Class com.google.common.cache.Cache                                                   : loaded 2 times (x 70B)
Class com.google.common.base.NullnessCasts                                            : loaded 2 times (x 71B)
Class com.google.common.util.concurrent.AbstractFuture$Cancellation                   : loaded 2 times (x 72B)
Class com.google.common.collect.ImmutableMap$Builder                                  : loaded 2 times (x 82B)
Class com.google.common.cache.RemovalListener                                         : loaded 2 times (x 70B)
Class org.gradle.api.internal.DefaultClassPathRegistry                                : loaded 2 times (x 76B)
Class com.google.common.primitives.IntsMethodsForWeb                                  : loaded 2 times (x 71B)
Class com.google.common.collect.Multimap                                              : loaded 2 times (x 70B)
Class ijKotlinCoroutineJvmDebugInit1_8d4id96t5brqjcnqa40zhtiq0$_run_closure1          : loaded 2 times (x 139B)
Class org.gradle.api.internal.ClassPathRegistry                                       : loaded 2 times (x 70B)
Class org.gradle.internal.classpath.DefaultClassPath$ImmutableUniqueList              : loaded 2 times (x 199B)
Class com.google.common.base.Joiner                                                   : loaded 2 times (x 79B)
Class com.google.common.cache.CacheBuilder                                            : loaded 2 times (x 72B)
Class com.google.common.collect.SingletonImmutableList                                : loaded 2 times (x 207B)
Class Settings_gradle$1                                                               : loaded 2 times (x 74B)
Class org.gradle.internal.classpath.ClassPath                                         : loaded 2 times (x 70B)
Class com.google.common.base.JdkPattern                                               : loaded 2 times (x 75B)
Class com.google.common.collect.ImmutableList$ReverseImmutableList                    : loaded 2 times (x 209B)
Class org.objectweb.asm.SymbolTable$Entry                                             : loaded 2 times (x 74B)
Class org.objectweb.asm.Edge                                                          : loaded 2 times (x 72B)
Class com.google.common.base.Suppliers$SupplierOfInstance                             : loaded 2 times (x 79B)
Class com.google.common.collect.Iterators$1                                           : loaded 2 times (x 81B)
Class com.google.common.cache.LocalCache$ComputingValueReference                      : loaded 2 times (x 96B)
Class com.google.common.collect.SingletonImmutableSet                                 : loaded 2 times (x 146B)
Class com.google.common.collect.ImmutableMap$IteratorBasedImmutableMap                : loaded 2 times (x 126B)
Class com.google.common.cache.LocalCache$Segment                                      : loaded 2 times (x 154B)
Class com.google.common.collect.AbstractListMultimap                                  : loaded 2 times (x 172B)
Class [Lorg.objectweb.asm.SymbolTable$Entry;                                          : loaded 2 times (x 69B)
Class com.google.common.cache.CacheLoader                                             : loaded 2 times (x 74B)
Class com.google.common.collect.Iterators$4                                           : loaded 2 times (x 82B)
Class com.google.common.collect.ImmutableBiMap                                        : loaded 2 times (x 143B)
Class org.gradle.api.internal.classpath.ModuleRegistry                                : loaded 2 times (x 70B)
Class org.gradle.internal.installation.GradleInstallation$1                           : loaded 2 times (x 75B)
Class com.google.common.base.Splitter$SplittingIterator                               : loaded 2 times (x 84B)
Class com.google.common.collect.ImmutableSet$JdkBackedSetBuilderImpl                  : loaded 2 times (x 76B)
Class com.google.common.util.concurrent.internal.InternalFutureFailureAccess          : loaded 2 times (x 72B)
Class com.google.common.collect.Iterators$5                                           : loaded 2 times (x 82B)
Class com.google.common.cache.LocalCache$LocalManualCache$1                           : loaded 2 times (x 75B)
Class com.google.common.base.CharMatcher$ForPredicate                                 : loaded 2 times (x 112B)
Class com.google.common.base.CharMatcher$AnyOf                                        : loaded 2 times (x 112B)
Class com.google.common.collect.ImmutableCollection                                   : loaded 2 times (x 125B)
Class org.gradle.api.internal.classpath.DefaultModuleRegistry                         : loaded 2 times (x 86B)
Class com.google.common.collect.Lists                                                 : loaded 2 times (x 71B)
Class com.google.common.util.concurrent.ListenableFuture                              : loaded 2 times (x 70B)
Class com.google.common.cache.ReferenceEntry                                          : loaded 2 times (x 70B)
Class com.google.common.base.Converter                                                : loaded 2 times (x 90B)
Class com.google.common.collect.ImmutableSet$CachingAsList                            : loaded 2 times (x 148B)
Class com.google.common.collect.AbstractMapBasedMultimap                              : loaded 2 times (x 139B)
Class com.google.common.util.concurrent.AbstractFuture                                : loaded 2 times (x 106B)
Class com.google.common.base.FunctionalEquivalence                                    : loaded 2 times (x 83B)
Class com.google.common.collect.Iterators$9                                           : loaded 2 times (x 81B)
Class com.google.common.collect.ImmutableAsList                                       : loaded 2 times (x 209B)
Class org.objectweb.asm.RecordComponentVisitor                                        : loaded 2 times (x 77B)
Class com.google.common.cache.CacheLoader$SupplierToCacheLoader                       : loaded 2 times (x 75B)
Class ijJvmDebugger1_b5rqkoi4cvyrocszbx6z13ivq$_run_closure1$_closure2                : loaded 2 times (x 140B)
Class org.gradle.internal.service.ServiceLookupException                              : loaded 2 times (x 82B)
Class [Lcom.google.common.cache.LocalCache$EntryFactory;                              : loaded 2 times (x 69B)
Class org.gradle.internal.classloader.ClassLoaderFactory                              : loaded 2 times (x 70B)
Class com.google.common.base.CommonPattern                                            : loaded 2 times (x 74B)
Class com.google.common.cache.LocalCache$LocalManualCache                             : loaded 2 times (x 99B)
Class com.google.common.base.CharMatcher$IsNot                                        : loaded 2 times (x 111B)
Class org.gradle.internal.service.CachingServiceLocator                               : loaded 2 times (x 82B)
Class com.google.common.collect.AbstractMapBasedMultimap$KeySet                       : loaded 2 times (x 137B)
Class com.google.common.math.IntMath                                                  : loaded 2 times (x 71B)
Class com.google.common.collect.ImmutableMapEntry                                     : loaded 2 times (x 85B)
Class com.google.common.base.Equivalence                                              : loaded 2 times (x 82B)
Class com.google.common.base.Function                                                 : loaded 2 times (x 70B)
Class com.google.common.collect.ImmutableMapEntry$NonTerminalImmutableMapEntry        : loaded 2 times (x 85B)
Class com.google.common.cache.CacheBuilder$OneWeigher                                 : loaded 2 times (x 82B)
Class com.google.common.collect.RegularImmutableList                                  : loaded 2 times (x 213B)
Class org.gradle.internal.classloader.ClasspathUtil                                   : loaded 2 times (x 71B)
Class com.google.common.util.concurrent.Uninterruptibles                              : loaded 2 times (x 71B)
Class com.google.common.util.concurrent.LazyLogger                                    : loaded 2 times (x 72B)
Class com.google.common.collect.Maps                                                  : loaded 2 times (x 71B)
Class org.gradle.api.specs.Spec                                                       : loaded 2 times (x 70B)
Class [Lcom.google.common.collect.ImmutableEntry;                                     : loaded 2 times (x 69B)
Class com.google.common.cache.LocalCache$LoadingValueReference                        : loaded 2 times (x 96B)
Class com.google.common.base.Platform                                                 : loaded 2 times (x 71B)
Class [Lorg.objectweb.asm.AnnotationWriter;                                           : loaded 2 times (x 69B)
Class com.google.common.collect.Maps$8                                                : loaded 2 times (x 82B)
Class com.google.common.collect.Sets$SetView                                          : loaded 2 times (x 138B)
Class com.google.common.cache.LocalCache$StrongValueReference                         : loaded 2 times (x 90B)
Class org.objectweb.asm.Type                                                          : loaded 2 times (x 72B)
Class org.gradle.internal.classloader.VisitableURLClassLoader$InstrumentingVisitableURLClassLoader: loaded 2 times (x 123B)
Class com.google.common.math.IntMath$1                                                : loaded 2 times (x 71B)
Class org.objectweb.asm.ByteVector                                                    : loaded 2 times (x 79B)
Class [Lcom.google.common.cache.CacheBuilder$NullListener;                            : loaded 2 times (x 69B)
Class org.gradle.internal.classloader.VisitableURLClassLoader$Spec                    : loaded 2 times (x 74B)
Class org.gradle.internal.classpath.DefaultClassPath                                  : loaded 2 times (x 90B)
Class com.google.common.base.AbstractIterator                                         : loaded 2 times (x 80B)
Class org.objectweb.asm.Symbol                                                        : loaded 2 times (x 73B)
Class com.google.common.io.Closer                                                     : loaded 2 times (x 78B)
Class com.google.common.base.CharMatcher$BitSetMatcher                                : loaded 2 times (x 112B)
Class com.google.common.collect.ImmutableSet                                          : loaded 2 times (x 145B)
Class com.google.common.collect.RegularImmutableMap$Values                            : loaded 2 times (x 207B)
Class org.gradle.internal.classloader.ClassLoaderSpec                                 : loaded 2 times (x 71B)
Class org.objectweb.asm.AnnotationWriter                                              : loaded 2 times (x 79B)
Class com.google.common.cache.CacheStats                                              : loaded 2 times (x 71B)
Class com.google.common.io.Closer$Suppressor                                          : loaded 2 times (x 70B)
Class org.objectweb.asm.RecordComponentWriter                                         : loaded 2 times (x 78B)
Class com.google.common.util.concurrent.AbstractFuture$Listener                       : loaded 2 times (x 72B)
Class com.google.common.base.CharMatcher$Or                                           : loaded 2 times (x 112B)
Class Settings_gradle$1$1                                                             : loaded 2 times (x 74B)
Class org.objectweb.asm.Attribute                                                     : loaded 2 times (x 77B)
Class com.google.common.base.Supplier                                                 : loaded 2 times (x 70B)
Class ijJvmDebugger1_b5rqkoi4cvyrocszbx6z13ivq$_run_closure1                          : loaded 2 times (x 139B)
Class org.gradle.internal.classloader.VisitableURLClassLoader                         : loaded 2 times (x 117B)
Class Settings_gradle                                                                 : loaded 2 times (x 124B)
Class org.gradle.internal.Cast                                                        : loaded 2 times (x 71B)
Class org.gradle.api.Action                                                           : loaded 2 times (x 70B)
Class com.google.common.base.Strings                                                  : loaded 2 times (x 71B)
Class com.google.common.collect.Sets                                                  : loaded 2 times (x 71B)
Class org.objectweb.asm.Handler                                                       : loaded 2 times (x 72B)
Class com.google.common.base.Ticker                                                   : loaded 2 times (x 72B)
Class com.google.common.base.CharMatcher$FastMatcher                                  : loaded 2 times (x 111B)
Class [Lcom.google.common.cache.LocalCache$Segment;                                   : loaded 2 times (x 69B)
Class [Lcom.google.common.cache.LocalCache$Strength;                                  : loaded 2 times (x 69B)
Class com.google.common.cache.CacheBuilder$1                                          : loaded 2 times (x 85B)
Class com.google.common.base.Predicate                                                : loaded 2 times (x 70B)
Class com.google.common.collect.ImmutableMap                                          : loaded 2 times (x 120B)
Class org.gradle.internal.classpath.DefaultClassPath$ImmutableUniqueList$Builder      : loaded 2 times (x 75B)
Class com.google.common.cache.LocalCache                                              : loaded 2 times (x 187B)
Class com.google.common.cache.CacheBuilder$2                                          : loaded 2 times (x 79B)
Class com.google.common.base.CharMatcher$NegatedFastMatcher                           : loaded 2 times (x 113B)
Class com.google.common.collect.ArrayListMultimap                                     : loaded 2 times (x 172B)
Class com.google.common.cache.CacheBuilder$3                                          : loaded 2 times (x 72B)
Class [Lcom.google.common.collect.AbstractMapEntry;                                   : loaded 2 times (x 69B)
Class com.google.common.collect.ImmutableEntry                                        : loaded 2 times (x 82B)
Class org.gradle.api.GradleException                                                  : loaded 2 times (x 82B)
Class com.google.common.collect.CollectPreconditions                                  : loaded 2 times (x 71B)
Class com.google.common.collect.SortedMapDifference                                   : loaded 2 times (x 70B)
Class com.google.common.cache.LocalCache$EntryFactory                                 : loaded 2 times (x 83B)
Class com.google.common.cache.LocalCache$AbstractReferenceEntry                       : loaded 2 times (x 107B)
Class org.gradle.internal.IoActions                                                   : loaded 2 times (x 71B)
Class org.objectweb.asm.SymbolTable                                                   : loaded 2 times (x 72B)
Class com.google.common.cache.CacheLoader$InvalidCacheLoadException                   : loaded 2 times (x 82B)
Class com.google.common.collect.ImmutableSet$RegularSetBuilderImpl                    : loaded 2 times (x 77B)
Class org.gradle.internal.classloader.SystemClassLoaderSpec                           : loaded 2 times (x 71B)
Class com.google.common.cache.LocalCache$StrongEntry                                  : loaded 2 times (x 108B)
Class com.google.common.util.concurrent.AbstractFuture$TrustedFuture                  : loaded 2 times (x 114B)
Class com.google.common.cache.LoadingCache                                            : loaded 2 times (x 70B)
Class org.objectweb.asm.MethodWriter                                                  : loaded 2 times (x 106B)
Class [Lcom.google.common.cache.Weigher;                                              : loaded 2 times (x 69B)
Class com.google.common.collect.RegularImmutableMap$BucketOverflowException           : loaded 2 times (x 82B)
Class com.google.common.collect.RegularImmutableBiMap                                 : loaded 2 times (x 149B)
Class com.google.common.cache.LocalCache$ValueReference                               : loaded 2 times (x 70B)
Class com.google.common.base.CharMatcher$Negated                                      : loaded 2 times (x 113B)
Class com.google.common.base.CharMatcher$Is                                           : loaded 2 times (x 111B)
Class com.google.common.base.PatternCompiler                                          : loaded 2 times (x 70B)
Class com.google.common.util.concurrent.AbstractFuture$Failure                        : loaded 2 times (x 72B)
Class com.google.common.base.Equivalence$Equals                                       : loaded 2 times (x 82B)
Class com.google.common.collect.Hashing                                               : loaded 2 times (x 71B)
Class com.google.common.base.Preconditions                                            : loaded 2 times (x 71B)
Class com.google.common.base.Joiner$1                                                 : loaded 2 times (x 80B)
Class org.objectweb.asm.Label                                                         : loaded 2 times (x 73B)
Class org.objectweb.asm.CurrentFrame                                                  : loaded 2 times (x 73B)
Class org.objectweb.asm.ClassTooLargeException                                        : loaded 2 times (x 83B)
Class com.google.common.base.CharMatcher                                              : loaded 2 times (x 111B)
Class com.google.common.collect.PeekingIterator                                       : loaded 2 times (x 70B)
Class com.google.common.collect.Table                                                 : loaded 2 times (x 70B)
Class com.google.common.base.Joiner$2                                                 : loaded 2 times (x 79B)
Class org.objectweb.asm.Frame                                                         : loaded 2 times (x 73B)
Class org.objectweb.asm.MethodVisitor                                                 : loaded 2 times (x 105B)
Class com.google.common.cache.LocalCache$EntryFactory$1                               : loaded 2 times (x 83B)
Class [Lcom.google.common.cache.RemovalListener;                                      : loaded 2 times (x 69B)
Class com.google.common.base.CharMatcher$1                                            : loaded 2 times (x 113B)
Class com.google.common.base.CharMatcher$NamedFastMatcher                             : loaded 2 times (x 112B)
Class com.google.common.cache.LocalCache$EntryFactory$2                               : loaded 2 times (x 83B)
Class org.gradle.api.internal.classpath.GlobalCacheRootsProvider                      : loaded 2 times (x 70B)
Class org.objectweb.asm.ModuleWriter                                                  : loaded 2 times (x 82B)
Class com.google.common.cache.LocalCache$EntryFactory$3                               : loaded 2 times (x 83B)
Class com.google.common.base.Ticker$1                                                 : loaded 2 times (x 72B)
Class com.google.common.collect.Maps$BiMapConverter                                   : loaded 2 times (x 90B)
Class com.google.common.collect.ImmutableMapEntrySet$RegularEntrySet                  : loaded 2 times (x 152B)
Class com.google.common.collect.ImmutableSet$Builder                                  : loaded 2 times (x 85B)
Class com.google.common.cache.LocalCache$EntryFactory$4                               : loaded 2 times (x 83B)
Class com.google.common.base.CharMatcher$InRange                                      : loaded 2 times (x 111B)
Class com.google.common.cache.LocalCache$EntryFactory$5                               : loaded 2 times (x 83B)
Class com.google.common.base.PairwiseEquivalence                                      : loaded 2 times (x 83B)
Class com.google.common.cache.LocalCache$EntryFactory$6                               : loaded 2 times (x 83B)
Class org.gradle.internal.installation.CurrentGradleInstallationLocator               : loaded 2 times (x 71B)
Class com.google.common.collect.Maps$KeySet                                           : loaded 2 times (x 137B)
Class com.google.common.collect.ImmutableSet$EmptySetBuilderImpl                      : loaded 2 times (x 76B)
Class com.google.common.cache.LocalCache$EntryFactory$7                               : loaded 2 times (x 83B)
Class com.google.common.collect.ImmutableList                                         : loaded 2 times (x 206B)
Class org.gradle.internal.service.DefaultServiceLocator                               : loaded 2 times (x 83B)
Class com.google.common.cache.LocalCache$EntryFactory$8                               : loaded 2 times (x 83B)
Class com.google.common.collect.ImmutableSet$SetBuilderImpl                           : loaded 2 times (x 76B)
Class org.gradle.internal.installation.CurrentGradleInstallation                      : loaded 2 times (x 73B)
Class com.google.common.cache.CacheLoader$1                                           : loaded 2 times (x 75B)
Class com.google.common.collect.ForwardingObject                                      : loaded 2 times (x 72B)
Class com.google.common.collect.ImmutableList$SubList                                 : loaded 2 times (x 209B)
Class org.gradle.util.internal.GUtil                                                  : loaded 2 times (x 71B)
Class com.google.common.cache.AbstractCache$StatsCounter                              : loaded 2 times (x 70B)
Class com.google.common.collect.Iterators$MergingIterator                             : loaded 2 times (x 81B)
Class com.google.common.collect.RegularImmutableSet                                   : loaded 2 times (x 149B)
Class org.gradle.internal.installation.GradleInstallation                             : loaded 2 times (x 75B)
Class com.google.common.base.Splitter$Strategy                                        : loaded 2 times (x 70B)
Class com.google.common.collect.Iterables                                             : loaded 2 times (x 71B)

---------------  S Y S T E M  ---------------

OS:
 Windows 11 , 64 bit Build 26100 (10.0.26100.8328)
OS uptime: 0 days 9:07 hours
Hyper-V role detected

CPU: total 16 (initial active 16) (16 cores per cpu, 2 threads per core) family 23 model 104 stepping 1 microcode 0x8608107, cx8, cmov, fxsr, ht, mmx, 3dnowpref, sse, sse2, sse3, ssse3, sse4a, sse4.1, sse4.2, popcnt, lzcnt, tsc, tscinvbit, avx, avx2, aes, clmul, bmi1, bmi2, adx, sha, fma, vzeroupper, clflush, clflushopt, hv, rdtscp, rdpid, f16c
Processor Information for the first 16 processors :
  Max Mhz: 1801, Current Mhz: 1801, Mhz Limit: 1801

Memory: 4k page, system-wide physical 7501M (491M free)
TotalPageFile size 30029M (AvailPageFile size 1M)
current process WorkingSet (physical memory assigned to process): 469M, peak: 499M
current process commit charge ("private bytes"): 693M, peak: 697M

vm_info: OpenJDK 64-Bit Server VM (21.0.10+-14961533-b1163.108) for windows-amd64 JRE (21.0.10+-14961533-b1163.108), built on 2026-03-02T19:58:50Z by "builder" with MS VC++ 16.10 / 16.11 (VS2019)

END.
