#
# There is insufficient memory for the Java Runtime Environment to continue.
# Native memory allocation (mmap) failed to map 287309824 bytes. Error detail: G1 virtual space
# Possible reasons:
#   The system is out of physical RAM or swap space
#   This process is running with CompressedOops enabled, and the Java Heap may be blocking the growth of the native heap
# Possible solutions:
#   Reduce memory load on the system
#   Increase physical memory or swap space
#   Check if swap backing store is full
#   Decrease Java heap size (-Xmx/-Xms)
#   Decrease number of Java threads
#   Decrease Java thread stack sizes (-Xss)
#   Set larger code cache with -XX:ReservedCodeCacheSize=
#   JVM is running with Unscaled Compressed Oops mode in which the Java heap is
#     placed in the first 4GB address space. The Java Heap base address is the
#     maximum limit for the native heap growth. Please use -XX:HeapBaseMinAddress
#     to set the Java Heap base and to place the Java Heap above 4GB virtual address.
# This output file may be truncated or incomplete.
#
#  Out of Memory Error (os_windows.cpp:3926), pid=34088, tid=32268
#
# JRE version: OpenJDK Runtime Environment (21.0.10) (build 21.0.10+-14961533-b1163.108)
# Java VM: OpenJDK 64-Bit Server VM (21.0.10+-14961533-b1163.108, mixed mode, tiered, compressed oops, compressed class ptrs, g1 gc, windows-amd64)
# No core dump will be written. Minidumps are not enabled by default on client versions of Windows
#

---------------  S U M M A R Y ------------

Command Line: --add-opens=java.base/java.lang=ALL-UNNAMED --add-opens=java.base/java.lang.invoke=ALL-UNNAMED --add-opens=java.base/java.util=ALL-UNNAMED --add-opens=java.prefs/java.util.prefs=ALL-UNNAMED --add-exports=jdk.compiler/com.sun.tools.javac.api=ALL-UNNAMED --add-exports=jdk.compiler/com.sun.tools.javac.util=ALL-UNNAMED --add-opens=java.base/java.util=ALL-UNNAMED --add-opens=java.prefs/java.util.prefs=ALL-UNNAMED --add-opens=java.base/java.nio.charset=ALL-UNNAMED --add-opens=java.base/java.net=ALL-UNNAMED --add-opens=java.base/java.util.concurrent=ALL-UNNAMED --add-opens=java.base/java.util.concurrent.atomic=ALL-UNNAMED --add-opens=java.xml/javax.xml.namespace=ALL-UNNAMED --add-opens=java.base/java.time=ALL-UNNAMED -Xmx2048m -Dfile.encoding=UTF-8 -Duser.country=ZA -Duser.language=en -Duser.variant -javaagent:C:\Users\Windows 10\.gradle\wrapper\dists\gradle-9.3.1-bin\23ovyewtku6u96viwx3xl3oks\gradle-9.3.1\lib\agents\gradle-instrumentation-agent-9.3.1.jar org.gradle.launcher.daemon.bootstrap.GradleDaemon 9.3.1

Host: AMD Ryzen 7 5700U with Radeon Graphics         , 16 cores, 7G,  Windows 11 , 64 bit Build 26100 (10.0.26100.8328)
Time: Mon Jun  8 20:22:15 2026 South Africa Standard Time elapsed time: 36.987265 seconds (0d 0h 0m 36s)

---------------  T H R E A D  ---------------

Current thread (0x0000029858991540):  VMThread "VM Thread"          [id=32268, stack(0x000000ff28300000,0x000000ff28400000) (1024K)]

Stack: [0x000000ff28300000,0x000000ff28400000]
Native frames: (J=compiled Java code, j=interpreted, Vv=VM code, C=native code)
V  [jvm.dll+0x6d78a9]
V  [jvm.dll+0x8665b3]
V  [jvm.dll+0x868bde]
V  [jvm.dll+0x8692c3]
V  [jvm.dll+0x280ee6]
V  [jvm.dll+0x6d4165]
V  [jvm.dll+0x6c77fa]
V  [jvm.dll+0x358f4b]
V  [jvm.dll+0x360bc6]
V  [jvm.dll+0x3b2ea6]
V  [jvm.dll+0x3b3178]
V  [jvm.dll+0x32b65c]
V  [jvm.dll+0x32b6e7]
V  [jvm.dll+0x3715cc]
V  [jvm.dll+0x36fd7e]
V  [jvm.dll+0x32adb1]
V  [jvm.dll+0x36f7ab]
V  [jvm.dll+0x86f048]
V  [jvm.dll+0x870394]
V  [jvm.dll+0x8708d0]
V  [jvm.dll+0x870b63]
V  [jvm.dll+0x80fd28]
V  [jvm.dll+0x6d60fd]
C  [ucrtbase.dll+0x37b0]
C  [KERNEL32.DLL+0x2e957]
C  [ntdll.dll+0x427c]

VM_Operation (0x000000ff313f78a0): G1TryInitiateConcMark, mode: safepoint, requested by thread 0x0000029863f70200


---------------  P R O C E S S  ---------------

Threads class SMR info:
_java_thread_list=0x000002986ac075a0, length=224, elements={
0x000002983e346590, 0x0000029858a29ad0, 0x0000029858a3a330, 0x0000029858a307c0,
0x0000029858a76c30, 0x0000029858a77690, 0x0000029858a780f0, 0x0000029858a84060,
0x0000029858a84df0, 0x0000029858a85890, 0x000002985d0e3ee0, 0x000002985ef60f00,
0x000002985f8af010, 0x000002985f50a480, 0x000002985e4da740, 0x00000298587fa640,
0x000002985f69b450, 0x000002985f4af3a0, 0x000002985f4aed10, 0x000002985f4ae680,
0x000002985f4b0750, 0x000002985f4b1470, 0x000002985f4b0de0, 0x000002985f4afa30,
0x000002985e076f40, 0x000002985e077c60, 0x000002985e0782f0, 0x000002985e0775d0,
0x000002985e074e70, 0x000002985e075500, 0x000002985e076220, 0x000002985e0768b0,
0x000002986062f600, 0x000002986062fc90, 0x00000298606309b0, 0x000002986062ef70,
0x0000029860630320, 0x0000029860631040, 0x00000298606316d0, 0x0000029860631d60,
0x000002985f9e1ff0, 0x000002985f9e1960, 0x000002985f9dff20, 0x000002985f9e05b0,
0x000002985f9e0c40, 0x000002985f9df200, 0x000002985f9e12d0, 0x000002985f9e2680,
0x000002985f9df890, 0x000002985e8db340, 0x000002985e8da620, 0x000002985e8d7ec0,
0x000002985e8db9d0, 0x000002985e8d8550, 0x000002985e8d9270, 0x000002985e8d9900,
0x000002985e8dc060, 0x000002985e8dacb0, 0x000002985e8d8be0, 0x000002985e8dc6f0,
0x000002985e8dcd80, 0x000002985e8dd410, 0x000002985e8d9f90, 0x000002985e8ddaa0,
0x000002985e8de7c0, 0x000002985e8de130, 0x000002985e8dee50, 0x000002985e8df4e0,
0x0000029861f555f0, 0x0000029861f55c80, 0x0000029861f583e0, 0x0000029861f54f60,
0x0000029861f59e20, 0x0000029861f5a4b0, 0x0000029861f57030, 0x0000029861f59790,
0x0000029861f57d50, 0x0000029861f5c580, 0x0000029861f5bef0, 0x0000029861f5ab40,
0x0000029861f5b1d0, 0x0000029861f5b860, 0x00000298614f3b80, 0x00000298614f4f30,
0x00000298614f55c0, 0x00000298614f2e60, 0x00000298614f4210, 0x00000298614f5c50,
0x00000298614f48a0, 0x00000298614f27d0, 0x00000298614f62e0, 0x00000298614f6970,
0x00000298614f34f0, 0x00000298614f9760, 0x00000298614f7690, 0x00000298614f8a40,
0x00000298614f9df0, 0x00000298614f7000, 0x00000298614f7d20, 0x00000298614f83b0,
0x00000298614f90d0, 0x000002985eb30a00, 0x000002985eb33160, 0x000002985eb2fce0,
0x000002985eb31db0, 0x000002985eb32440, 0x000002985eb337f0, 0x000002985eb32ad0,
0x000002985eb31720, 0x000002985eb30370, 0x000002985eb33e80, 0x000002985eb34510,
0x000002985eb31090, 0x000002985eb36c70, 0x000002985eb37300, 0x000002985eb34ba0,
0x000002985eb365e0, 0x000002985eb35230, 0x0000029863f6f4e0, 0x0000029863f6cd80,
0x0000029863f72ff0, 0x0000029863f6e130, 0x0000029863f6c6f0, 0x0000029863f70890,
0x0000029863f70200, 0x0000029863f70f20, 0x0000029863f71c40, 0x0000029863f6e7c0,
0x0000029863f73680, 0x0000029863f72960, 0x0000029863666520, 0x00000298636685f0,
0x000002986366a6c0, 0x0000029863668c80, 0x00000298636699a0, 0x0000029863669310,
0x0000029863667f60, 0x000002986366ad50, 0x000002986366b3e0, 0x000002986366ba70,
0x000002986366c790, 0x000002986366ce20, 0x000002985ea55450, 0x000002985ea53a10,
0x000002985ea540a0, 0x000002985ea56e90, 0x000002985ea56170, 0x000002985ea55ae0,
0x000002985ea54730, 0x000002985ea56800, 0x000002985ea54dc0, 0x000002986a981ef0,
0x000002986a97fe20, 0x000002985fb7ecc0, 0x000002986a983930, 0x000002985fb7d850,
0x000002986a9811d0, 0x000002986a983fc0, 0x000002986a982580, 0x000002986a981860,
0x000002986a9832a0, 0x000002986a980b40, 0x000002986a984650, 0x000002986a984ce0,
0x000002986a985370, 0x000002986a985a00, 0x000002986a986090, 0x000002986a982c10,
0x000002986a986720, 0x000002986a986db0, 0x0000029863665e90, 0x0000029869943ec0,
0x0000029869942b10, 0x0000029869941df0, 0x0000029869945900, 0x0000029869943830,
0x0000029869944550, 0x0000029869945270, 0x0000029869944be0, 0x0000029869942480,
0x0000029869945f90, 0x0000029869946620, 0x00000298699431a0, 0x0000029869946cb0,
0x0000029869947340, 0x0000029863e15d30, 0x0000029863e156a0, 0x0000029863e163c0,
0x0000029863e135d0, 0x0000029863e16a50, 0x0000029863e13c60, 0x0000029863e14980,
0x0000029863e170e0, 0x0000029863e17770, 0x0000029863e15010, 0x0000029863e142f0,
0x0000029863e1a560, 0x0000029863e1b280, 0x0000029863e19ed0, 0x0000029863e17e00,
0x0000029863e1b910, 0x0000029863e1bfa0, 0x0000029863e191b0, 0x0000029863e18b20,
0x0000029863e1c630, 0x0000029863e18490, 0x0000029863e1ccc0, 0x0000029863e20140,
0x0000029863e19840, 0x0000029863e1e070, 0x0000029863e1e700, 0x0000029863e1f420,
0x0000029863e1ed90, 0x0000029863e207d0, 0x0000029863e1fab0, 0x0000029863e1d350,
0x0000029863e20e60, 0x0000029863e1d9e0, 0x0000029863e214f0, 0x0000029863e228a0,
0x0000029863e21b80, 0x0000029863e22210, 0x000002986993a140, 0x000002986366c100
}

Java Threads: ( => current thread )
  0x000002983e346590 JavaThread "main"                              [_thread_blocked, id=25396, stack(0x000000ff27c00000,0x000000ff27d00000) (1024K)]
  0x0000029858a29ad0 JavaThread "Common-Cleaner"             daemon [_thread_blocked, id=36596, stack(0x000000ff28400000,0x000000ff28500000) (1024K)]
  0x0000029858a3a330 JavaThread "Reference Handler"          daemon [_thread_blocked, id=4188, stack(0x000000ff28500000,0x000000ff28600000) (1024K)]
  0x0000029858a307c0 JavaThread "Finalizer"                  daemon [_thread_blocked, id=24328, stack(0x000000ff28600000,0x000000ff28700000) (1024K)]
  0x0000029858a76c30 JavaThread "Signal Dispatcher"          daemon [_thread_blocked, id=31712, stack(0x000000ff28700000,0x000000ff28800000) (1024K)]
  0x0000029858a77690 JavaThread "Attach Listener"            daemon [_thread_blocked, id=33072, stack(0x000000ff28800000,0x000000ff28900000) (1024K)]
  0x0000029858a780f0 JavaThread "Service Thread"             daemon [_thread_blocked, id=31048, stack(0x000000ff28900000,0x000000ff28a00000) (1024K)]
  0x0000029858a84060 JavaThread "Monitor Deflation Thread"   daemon [_thread_blocked, id=35744, stack(0x000000ff28a00000,0x000000ff28b00000) (1024K)]
  0x0000029858a84df0 JavaThread "C2 CompilerThread0"         daemon [_thread_blocked, id=32916, stack(0x000000ff28b00000,0x000000ff28c00000) (1024K)]
  0x0000029858a85890 JavaThread "C1 CompilerThread0"         daemon [_thread_blocked, id=25812, stack(0x000000ff28c00000,0x000000ff28d00000) (1024K)]
  0x000002985d0e3ee0 JavaThread "Notification Thread"        daemon [_thread_blocked, id=20488, stack(0x000000ff29000000,0x000000ff29100000) (1024K)]
  0x000002985ef60f00 JavaThread "Daemon health stats"               [_thread_blocked, id=36724, stack(0x000000ff29700000,0x000000ff29800000) (1024K)]
  0x000002985f8af010 JavaThread "Incoming local TCP Connector on port 59097"        [_thread_in_native, id=22564, stack(0x000000ff29800000,0x000000ff29900000) (1024K)]
  0x000002985f50a480 JavaThread "Daemon periodic checks"            [_thread_blocked, id=240, stack(0x000000ff29900000,0x000000ff29a00000) (1024K)]
  0x000002985e4da740 JavaThread "Daemon"                            [_thread_blocked, id=24140, stack(0x000000ff29a00000,0x000000ff29b00000) (1024K)]
  0x00000298587fa640 JavaThread "Handler for socket connection from /127.0.0.1:59097 to /127.0.0.1:59098"        [_thread_in_native, id=33108, stack(0x000000ff29b00000,0x000000ff29c00000) (1024K)]
  0x000002985f69b450 JavaThread "Cancel handler"                    [_thread_blocked, id=31884, stack(0x000000ff29c00000,0x000000ff29d00000) (1024K)]
  0x000002985f4af3a0 JavaThread "Daemon worker"                     [_thread_blocked, id=23880, stack(0x000000ff2a600000,0x000000ff2a700000) (1024K)]
  0x000002985f4aed10 JavaThread "Asynchronous log dispatcher for DefaultDaemonConnection: socket connection from /127.0.0.1:59097 to /127.0.0.1:59098"        [_thread_blocked, id=3372, stack(0x000000ff2a700000,0x000000ff2a800000) (1024K)]
  0x000002985f4ae680 JavaThread "Stdin handler"                     [_thread_blocked, id=35760, stack(0x000000ff2a800000,0x000000ff2a900000) (1024K)]
  0x000002985f4b0750 JavaThread "Daemon client event forwarder"        [_thread_blocked, id=34248, stack(0x000000ff2a900000,0x000000ff2aa00000) (1024K)]
  0x000002985f4b1470 JavaThread "Cache worker for journal cache (C:\Users\Windows 10\.gradle\caches\journal-1)"        [_thread_blocked, id=34932, stack(0x000000ff2aa00000,0x000000ff2ab00000) (1024K)]
  0x000002985f4b0de0 JavaThread "File lock request listener"        [_thread_in_native, id=9332, stack(0x000000ff2ab00000,0x000000ff2ac00000) (1024K)]
  0x000002985f4afa30 JavaThread "Cache worker for file hash cache (C:\Users\Windows 10\.gradle\caches\9.3.1\fileHashes)"        [_thread_blocked, id=26444, stack(0x000000ff2ac00000,0x000000ff2ad00000) (1024K)]
  0x000002985e076f40 JavaThread "Cache worker for file hash cache (C:\Users\Windows 10\Videos\smartcent2\.gradle\9.3.1\fileHashes)"        [_thread_blocked, id=3696, stack(0x000000ff2ad00000,0x000000ff2ae00000) (1024K)]
  0x000002985e077c60 JavaThread "Cache worker for Build Output Cleanup Cache (C:\Users\Windows 10\Videos\smartcent2\.gradle\buildOutputCleanup)"        [_thread_blocked, id=12868, stack(0x000000ff2ae00000,0x000000ff2af00000) (1024K)]
  0x000002985e0782f0 JavaThread "File watcher server"        daemon [_thread_blocked, id=2632, stack(0x000000ff2af00000,0x000000ff2b000000) (1024K)]
  0x000002985e0775d0 JavaThread "File watcher consumer"      daemon [_thread_blocked, id=23904, stack(0x000000ff2b000000,0x000000ff2b100000) (1024K)]
  0x000002985e074e70 JavaThread "Cache worker for checksums cache (C:\Users\Windows 10\Videos\smartcent2\.gradle\9.3.1\checksums)"        [_thread_blocked, id=28824, stack(0x000000ff29100000,0x000000ff29200000) (1024K)]
  0x000002985e075500 JavaThread "Cache worker for file content cache (C:\Users\Windows 10\.gradle\caches\9.3.1\fileContent)"        [_thread_blocked, id=23564, stack(0x000000ff2b100000,0x000000ff2b200000) (1024K)]
  0x000002985e076220 JavaThread "Cache worker for cache directory md-supplier (C:\Users\Windows 10\.gradle\caches\9.3.1\md-supplier)"        [_thread_blocked, id=13548, stack(0x000000ff2b300000,0x000000ff2b400000) (1024K)]
  0x000002985e0768b0 JavaThread "Cache worker for cache directory md-rule (C:\Users\Windows 10\.gradle\caches\9.3.1\md-rule)"        [_thread_blocked, id=36376, stack(0x000000ff2b400000,0x000000ff2b500000) (1024K)]
  0x000002986062f600 JavaThread "jar transforms"                    [_thread_blocked, id=34484, stack(0x000000ff2b500000,0x000000ff2b600000) (1024K)]
  0x000002986062fc90 JavaThread "jar transforms Thread 2"           [_thread_blocked, id=3496, stack(0x000000ff2b600000,0x000000ff2b700000) (1024K)]
  0x00000298606309b0 JavaThread "jar transforms Thread 3"           [_thread_blocked, id=32712, stack(0x000000ff2b700000,0x000000ff2b800000) (1024K)]
  0x000002986062ef70 JavaThread "Unconstrained build operations"        [_thread_blocked, id=32296, stack(0x000000ff2b800000,0x000000ff2b900000) (1024K)]
  0x0000029860630320 JavaThread "Unconstrained build operations Thread 2"        [_thread_blocked, id=30872, stack(0x000000ff2b900000,0x000000ff2ba00000) (1024K)]
  0x0000029860631040 JavaThread "Unconstrained build operations Thread 3"        [_thread_blocked, id=28164, stack(0x000000ff2ba00000,0x000000ff2bb00000) (1024K)]
  0x00000298606316d0 JavaThread "Unconstrained build operations Thread 4"        [_thread_blocked, id=28456, stack(0x000000ff2bb00000,0x000000ff2bc00000) (1024K)]
  0x0000029860631d60 JavaThread "Unconstrained build operations Thread 5"        [_thread_blocked, id=728, stack(0x000000ff2bc00000,0x000000ff2bd00000) (1024K)]
  0x000002985f9e1ff0 JavaThread "Unconstrained build operations Thread 6"        [_thread_blocked, id=35656, stack(0x000000ff2bd00000,0x000000ff2be00000) (1024K)]
  0x000002985f9e1960 JavaThread "Unconstrained build operations Thread 7"        [_thread_blocked, id=33616, stack(0x000000ff2be00000,0x000000ff2bf00000) (1024K)]
  0x000002985f9dff20 JavaThread "Unconstrained build operations Thread 8"        [_thread_blocked, id=18036, stack(0x000000ff2bf00000,0x000000ff2c000000) (1024K)]
  0x000002985f9e05b0 JavaThread "Unconstrained build operations Thread 9"        [_thread_blocked, id=32644, stack(0x000000ff2c000000,0x000000ff2c100000) (1024K)]
  0x000002985f9e0c40 JavaThread "Unconstrained build operations Thread 10"        [_thread_blocked, id=31052, stack(0x000000ff2c100000,0x000000ff2c200000) (1024K)]
  0x000002985f9df200 JavaThread "Unconstrained build operations Thread 11"        [_thread_blocked, id=26016, stack(0x000000ff2c200000,0x000000ff2c300000) (1024K)]
  0x000002985f9e12d0 JavaThread "Unconstrained build operations Thread 12"        [_thread_blocked, id=25996, stack(0x000000ff2c300000,0x000000ff2c400000) (1024K)]
  0x000002985f9e2680 JavaThread "Unconstrained build operations Thread 13"        [_thread_blocked, id=32724, stack(0x000000ff2c400000,0x000000ff2c500000) (1024K)]
  0x000002985f9df890 JavaThread "Unconstrained build operations Thread 14"        [_thread_blocked, id=5876, stack(0x000000ff2c500000,0x000000ff2c600000) (1024K)]
  0x000002985e8db340 JavaThread "Unconstrained build operations Thread 15"        [_thread_blocked, id=34884, stack(0x000000ff2c600000,0x000000ff2c700000) (1024K)]
  0x000002985e8da620 JavaThread "Unconstrained build operations Thread 16"        [_thread_blocked, id=32044, stack(0x000000ff2c700000,0x000000ff2c800000) (1024K)]
  0x000002985e8d7ec0 JavaThread "Unconstrained build operations Thread 17"        [_thread_blocked, id=21536, stack(0x000000ff2c800000,0x000000ff2c900000) (1024K)]
  0x000002985e8db9d0 JavaThread "Unconstrained build operations Thread 18"        [_thread_blocked, id=34536, stack(0x000000ff2c900000,0x000000ff2ca00000) (1024K)]
  0x000002985e8d8550 JavaThread "Unconstrained build operations Thread 19"        [_thread_blocked, id=29204, stack(0x000000ff2ca00000,0x000000ff2cb00000) (1024K)]
  0x000002985e8d9270 JavaThread "Unconstrained build operations Thread 20"        [_thread_blocked, id=33844, stack(0x000000ff2cb00000,0x000000ff2cc00000) (1024K)]
  0x000002985e8d9900 JavaThread "jar transforms Thread 4"           [_thread_blocked, id=34168, stack(0x000000ff2cc00000,0x000000ff2cd00000) (1024K)]
  0x000002985e8dc060 JavaThread "jar transforms Thread 5"           [_thread_blocked, id=33712, stack(0x000000ff2cd00000,0x000000ff2ce00000) (1024K)]
  0x000002985e8dacb0 JavaThread "Unconstrained build operations Thread 21"        [_thread_blocked, id=19428, stack(0x000000ff2ce00000,0x000000ff2cf00000) (1024K)]
  0x000002985e8d8be0 JavaThread "Unconstrained build operations Thread 22"        [_thread_blocked, id=35104, stack(0x000000ff2cf00000,0x000000ff2d000000) (1024K)]
  0x000002985e8dc6f0 JavaThread "Unconstrained build operations Thread 23"        [_thread_blocked, id=31084, stack(0x000000ff2d000000,0x000000ff2d100000) (1024K)]
  0x000002985e8dcd80 JavaThread "Unconstrained build operations Thread 24"        [_thread_blocked, id=34376, stack(0x000000ff2d100000,0x000000ff2d200000) (1024K)]
  0x000002985e8dd410 JavaThread "Unconstrained build operations Thread 25"        [_thread_blocked, id=34464, stack(0x000000ff2d200000,0x000000ff2d300000) (1024K)]
  0x000002985e8d9f90 JavaThread "Unconstrained build operations Thread 26"        [_thread_blocked, id=25124, stack(0x000000ff2d300000,0x000000ff2d400000) (1024K)]
  0x000002985e8ddaa0 JavaThread "Unconstrained build operations Thread 27"        [_thread_blocked, id=33484, stack(0x000000ff2d400000,0x000000ff2d500000) (1024K)]
  0x000002985e8de7c0 JavaThread "Unconstrained build operations Thread 28"        [_thread_blocked, id=33056, stack(0x000000ff2d500000,0x000000ff2d600000) (1024K)]
  0x000002985e8de130 JavaThread "Unconstrained build operations Thread 29"        [_thread_blocked, id=32416, stack(0x000000ff2d600000,0x000000ff2d700000) (1024K)]
  0x000002985e8dee50 JavaThread "Unconstrained build operations Thread 30"        [_thread_blocked, id=29904, stack(0x000000ff2d700000,0x000000ff2d800000) (1024K)]
  0x000002985e8df4e0 JavaThread "jar transforms Thread 6"           [_thread_blocked, id=35836, stack(0x000000ff2d800000,0x000000ff2d900000) (1024K)]
  0x0000029861f555f0 JavaThread "jar transforms Thread 7"           [_thread_blocked, id=18888, stack(0x000000ff2d900000,0x000000ff2da00000) (1024K)]
  0x0000029861f55c80 JavaThread "jar transforms Thread 8"           [_thread_blocked, id=35552, stack(0x000000ff2da00000,0x000000ff2db00000) (1024K)]
  0x0000029861f583e0 JavaThread "Unconstrained build operations Thread 31"        [_thread_blocked, id=30668, stack(0x000000ff2db00000,0x000000ff2dc00000) (1024K)]
  0x0000029861f54f60 JavaThread "Unconstrained build operations Thread 32"        [_thread_blocked, id=31472, stack(0x000000ff2dc00000,0x000000ff2dd00000) (1024K)]
  0x0000029861f59e20 JavaThread "Unconstrained build operations Thread 33"        [_thread_blocked, id=26324, stack(0x000000ff2dd00000,0x000000ff2de00000) (1024K)]
  0x0000029861f5a4b0 JavaThread "Unconstrained build operations Thread 34"        [_thread_blocked, id=36500, stack(0x000000ff2de00000,0x000000ff2df00000) (1024K)]
  0x0000029861f57030 JavaThread "Unconstrained build operations Thread 35"        [_thread_blocked, id=33752, stack(0x000000ff2df00000,0x000000ff2e000000) (1024K)]
  0x0000029861f59790 JavaThread "Unconstrained build operations Thread 36"        [_thread_blocked, id=31888, stack(0x000000ff2e000000,0x000000ff2e100000) (1024K)]
  0x0000029861f57d50 JavaThread "Unconstrained build operations Thread 37"        [_thread_blocked, id=32656, stack(0x000000ff2e100000,0x000000ff2e200000) (1024K)]
  0x0000029861f5c580 JavaThread "Unconstrained build operations Thread 38"        [_thread_blocked, id=9676, stack(0x000000ff2e200000,0x000000ff2e300000) (1024K)]
  0x0000029861f5bef0 JavaThread "Unconstrained build operations Thread 39"        [_thread_blocked, id=34576, stack(0x000000ff2e300000,0x000000ff2e400000) (1024K)]
  0x0000029861f5ab40 JavaThread "Unconstrained build operations Thread 40"        [_thread_blocked, id=30476, stack(0x000000ff2e400000,0x000000ff2e500000) (1024K)]
  0x0000029861f5b1d0 JavaThread "Unconstrained build operations Thread 41"        [_thread_blocked, id=29608, stack(0x000000ff2e500000,0x000000ff2e600000) (1024K)]
  0x0000029861f5b860 JavaThread "Unconstrained build operations Thread 42"        [_thread_blocked, id=31540, stack(0x000000ff2e600000,0x000000ff2e700000) (1024K)]
  0x00000298614f3b80 JavaThread "Unconstrained build operations Thread 43"        [_thread_blocked, id=30784, stack(0x000000ff2e700000,0x000000ff2e800000) (1024K)]
  0x00000298614f4f30 JavaThread "Unconstrained build operations Thread 44"        [_thread_blocked, id=28500, stack(0x000000ff2e800000,0x000000ff2e900000) (1024K)]
  0x00000298614f55c0 JavaThread "Unconstrained build operations Thread 45"        [_thread_blocked, id=34792, stack(0x000000ff2e900000,0x000000ff2ea00000) (1024K)]
  0x00000298614f2e60 JavaThread "Unconstrained build operations Thread 46"        [_thread_blocked, id=34940, stack(0x000000ff2ea00000,0x000000ff2eb00000) (1024K)]
  0x00000298614f4210 JavaThread "Unconstrained build operations Thread 47"        [_thread_blocked, id=32368, stack(0x000000ff2eb00000,0x000000ff2ec00000) (1024K)]
  0x00000298614f5c50 JavaThread "Unconstrained build operations Thread 48"        [_thread_blocked, id=36340, stack(0x000000ff2ec00000,0x000000ff2ed00000) (1024K)]
  0x00000298614f48a0 JavaThread "Unconstrained build operations Thread 49"        [_thread_blocked, id=36528, stack(0x000000ff2ed00000,0x000000ff2ee00000) (1024K)]
  0x00000298614f27d0 JavaThread "Unconstrained build operations Thread 50"        [_thread_blocked, id=35436, stack(0x000000ff2ee00000,0x000000ff2ef00000) (1024K)]
  0x00000298614f62e0 JavaThread "Unconstrained build operations Thread 51"        [_thread_blocked, id=21600, stack(0x000000ff2ef00000,0x000000ff2f000000) (1024K)]
  0x00000298614f6970 JavaThread "Unconstrained build operations Thread 52"        [_thread_blocked, id=11812, stack(0x000000ff2f000000,0x000000ff2f100000) (1024K)]
  0x00000298614f34f0 JavaThread "Unconstrained build operations Thread 53"        [_thread_blocked, id=31588, stack(0x000000ff2f100000,0x000000ff2f200000) (1024K)]
  0x00000298614f9760 JavaThread "Unconstrained build operations Thread 54"        [_thread_blocked, id=3168, stack(0x000000ff2f200000,0x000000ff2f300000) (1024K)]
  0x00000298614f7690 JavaThread "Unconstrained build operations Thread 55"        [_thread_blocked, id=14524, stack(0x000000ff2f300000,0x000000ff2f400000) (1024K)]
  0x00000298614f8a40 JavaThread "Unconstrained build operations Thread 56"        [_thread_blocked, id=19452, stack(0x000000ff2f400000,0x000000ff2f500000) (1024K)]
  0x00000298614f9df0 JavaThread "Unconstrained build operations Thread 57"        [_thread_blocked, id=31192, stack(0x000000ff2f500000,0x000000ff2f600000) (1024K)]
  0x00000298614f7000 JavaThread "Unconstrained build operations Thread 58"        [_thread_blocked, id=7364, stack(0x000000ff2f600000,0x000000ff2f700000) (1024K)]
  0x00000298614f7d20 JavaThread "Unconstrained build operations Thread 59"        [_thread_blocked, id=35600, stack(0x000000ff2f700000,0x000000ff2f800000) (1024K)]
  0x00000298614f83b0 JavaThread "Unconstrained build operations Thread 60"        [_thread_blocked, id=35588, stack(0x000000ff2f800000,0x000000ff2f900000) (1024K)]
  0x00000298614f90d0 JavaThread "Unconstrained build operations Thread 61"        [_thread_blocked, id=31604, stack(0x000000ff2f900000,0x000000ff2fa00000) (1024K)]
  0x000002985eb30a00 JavaThread "Unconstrained build operations Thread 62"        [_thread_blocked, id=32648, stack(0x000000ff2fa00000,0x000000ff2fb00000) (1024K)]
  0x000002985eb33160 JavaThread "Unconstrained build operations Thread 63"        [_thread_blocked, id=32220, stack(0x000000ff2fb00000,0x000000ff2fc00000) (1024K)]
  0x000002985eb2fce0 JavaThread "Unconstrained build operations Thread 64"        [_thread_blocked, id=11196, stack(0x000000ff2fc00000,0x000000ff2fd00000) (1024K)]
  0x000002985eb31db0 JavaThread "Unconstrained build operations Thread 65"        [_thread_blocked, id=18084, stack(0x000000ff2fd00000,0x000000ff2fe00000) (1024K)]
  0x000002985eb32440 JavaThread "Unconstrained build operations Thread 66"        [_thread_blocked, id=22052, stack(0x000000ff2fe00000,0x000000ff2ff00000) (1024K)]
  0x000002985eb337f0 JavaThread "Unconstrained build operations Thread 67"        [_thread_blocked, id=35632, stack(0x000000ff2ff00000,0x000000ff30000000) (1024K)]
  0x000002985eb32ad0 JavaThread "Unconstrained build operations Thread 68"        [_thread_blocked, id=26228, stack(0x000000ff30000000,0x000000ff30100000) (1024K)]
  0x000002985eb31720 JavaThread "Unconstrained build operations Thread 69"        [_thread_blocked, id=36444, stack(0x000000ff30100000,0x000000ff30200000) (1024K)]
  0x000002985eb30370 JavaThread "Unconstrained build operations Thread 70"        [_thread_blocked, id=33704, stack(0x000000ff30200000,0x000000ff30300000) (1024K)]
  0x000002985eb33e80 JavaThread "Unconstrained build operations Thread 71"        [_thread_blocked, id=2732, stack(0x000000ff30300000,0x000000ff30400000) (1024K)]
  0x000002985eb34510 JavaThread "Unconstrained build operations Thread 72"        [_thread_blocked, id=36472, stack(0x000000ff30400000,0x000000ff30500000) (1024K)]
  0x000002985eb31090 JavaThread "Unconstrained build operations Thread 73"        [_thread_blocked, id=29088, stack(0x000000ff30500000,0x000000ff30600000) (1024K)]
  0x000002985eb36c70 JavaThread "Unconstrained build operations Thread 74"        [_thread_blocked, id=24816, stack(0x000000ff30600000,0x000000ff30700000) (1024K)]
  0x000002985eb37300 JavaThread "Unconstrained build operations Thread 75"        [_thread_blocked, id=26944, stack(0x000000ff30700000,0x000000ff30800000) (1024K)]
  0x000002985eb34ba0 JavaThread "Unconstrained build operations Thread 76"        [_thread_blocked, id=13356, stack(0x000000ff30800000,0x000000ff30900000) (1024K)]
  0x000002985eb365e0 JavaThread "Unconstrained build operations Thread 77"        [_thread_blocked, id=29220, stack(0x000000ff30900000,0x000000ff30a00000) (1024K)]
  0x000002985eb35230 JavaThread "Unconstrained build operations Thread 78"        [_thread_blocked, id=26288, stack(0x000000ff30a00000,0x000000ff30b00000) (1024K)]
  0x0000029863f6f4e0 JavaThread "build event listener"              [_thread_blocked, id=33976, stack(0x000000ff30b00000,0x000000ff30c00000) (1024K)]
  0x0000029863f6cd80 JavaThread "Memory manager"                    [_thread_blocked, id=2572, stack(0x000000ff30c00000,0x000000ff30d00000) (1024K)]
  0x0000029863f72ff0 JavaThread "build event listener"              [_thread_blocked, id=27396, stack(0x000000ff30d00000,0x000000ff30e00000) (1024K)]
  0x0000029863f6e130 JavaThread "included builds"                   [_thread_blocked, id=11636, stack(0x000000ff31000000,0x000000ff31100000) (1024K)]
  0x0000029863f6c6f0 JavaThread "Execution worker"                  [_thread_blocked, id=33440, stack(0x000000ff31100000,0x000000ff31200000) (1024K)]
  0x0000029863f70890 JavaThread "Execution worker Thread 2"         [_thread_blocked, id=29336, stack(0x000000ff31200000,0x000000ff31300000) (1024K)]
  0x0000029863f70200 JavaThread "Execution worker Thread 3"         [_thread_blocked, id=21436, stack(0x000000ff31300000,0x000000ff31400000) (1024K)]
  0x0000029863f70f20 JavaThread "Execution worker Thread 4"         [_thread_blocked, id=21216, stack(0x000000ff31400000,0x000000ff31500000) (1024K)]
  0x0000029863f71c40 JavaThread "Execution worker Thread 5"         [_thread_blocked, id=21240, stack(0x000000ff31500000,0x000000ff31600000) (1024K)]
  0x0000029863f6e7c0 JavaThread "Execution worker Thread 6"         [_thread_blocked, id=25940, stack(0x000000ff31600000,0x000000ff31700000) (1024K)]
  0x0000029863f73680 JavaThread "Execution worker Thread 7"         [_thread_blocked, id=29372, stack(0x000000ff31700000,0x000000ff31800000) (1024K)]
  0x0000029863f72960 JavaThread "Execution worker Thread 8"         [_thread_blocked, id=36848, stack(0x000000ff31800000,0x000000ff31900000) (1024K)]
  0x0000029863666520 JavaThread "Execution worker Thread 9"         [_thread_blocked, id=35440, stack(0x000000ff31900000,0x000000ff31a00000) (1024K)]
  0x00000298636685f0 JavaThread "Execution worker Thread 10"        [_thread_blocked, id=33880, stack(0x000000ff31a00000,0x000000ff31b00000) (1024K)]
  0x000002986366a6c0 JavaThread "Execution worker Thread 11"        [_thread_blocked, id=36204, stack(0x000000ff31b00000,0x000000ff31c00000) (1024K)]
  0x0000029863668c80 JavaThread "Execution worker Thread 12"        [_thread_blocked, id=28540, stack(0x000000ff31c00000,0x000000ff31d00000) (1024K)]
  0x00000298636699a0 JavaThread "Execution worker Thread 13"        [_thread_blocked, id=23688, stack(0x000000ff31d00000,0x000000ff31e00000) (1024K)]
  0x0000029863669310 JavaThread "Execution worker Thread 14"        [_thread_blocked, id=26100, stack(0x000000ff31e00000,0x000000ff31f00000) (1024K)]
  0x0000029863667f60 JavaThread "Execution worker Thread 15"        [_thread_blocked, id=33816, stack(0x000000ff31f00000,0x000000ff32000000) (1024K)]
  0x000002986366ad50 JavaThread "Cache worker for execution history cache (C:\Users\Windows 10\Videos\smartcent2\.gradle\9.3.1\executionHistory)"        [_thread_blocked, id=31500, stack(0x000000ff32000000,0x000000ff32100000) (1024K)]
  0x000002986366b3e0 JavaThread "Unconstrained build operations Thread 79"        [_thread_blocked, id=15688, stack(0x000000ff32100000,0x000000ff32200000) (1024K)]
  0x000002986366ba70 JavaThread "Unconstrained build operations Thread 80"        [_thread_blocked, id=35292, stack(0x000000ff32200000,0x000000ff32300000) (1024K)]
  0x000002986366c790 JavaThread "Unconstrained build operations Thread 81"        [_thread_blocked, id=13260, stack(0x000000ff32300000,0x000000ff32400000) (1024K)]
  0x000002986366ce20 JavaThread "Unconstrained build operations Thread 82"        [_thread_blocked, id=30132, stack(0x000000ff32400000,0x000000ff32500000) (1024K)]
  0x000002985ea55450 JavaThread "Unconstrained build operations Thread 83"        [_thread_blocked, id=18328, stack(0x000000ff32500000,0x000000ff32600000) (1024K)]
  0x000002985ea53a10 JavaThread "Unconstrained build operations Thread 84"        [_thread_blocked, id=13848, stack(0x000000ff32600000,0x000000ff32700000) (1024K)]
  0x000002985ea540a0 JavaThread "Unconstrained build operations Thread 85"        [_thread_blocked, id=34148, stack(0x000000ff32700000,0x000000ff32800000) (1024K)]
  0x000002985ea56e90 JavaThread "Unconstrained build operations Thread 86"        [_thread_blocked, id=31860, stack(0x000000ff32800000,0x000000ff32900000) (1024K)]
  0x000002985ea56170 JavaThread "Unconstrained build operations Thread 87"        [_thread_blocked, id=28588, stack(0x000000ff32900000,0x000000ff32a00000) (1024K)]
  0x000002985ea55ae0 JavaThread "Unconstrained build operations Thread 88"        [_thread_blocked, id=35976, stack(0x000000ff32a00000,0x000000ff32b00000) (1024K)]
  0x000002985ea54730 JavaThread "Unconstrained build operations Thread 89"        [_thread_blocked, id=20296, stack(0x000000ff32b00000,0x000000ff32c00000) (1024K)]
  0x000002985ea56800 JavaThread "Unconstrained build operations Thread 90"        [_thread_blocked, id=11512, stack(0x000000ff32c00000,0x000000ff32d00000) (1024K)]
  0x000002985ea54dc0 JavaThread "Unconstrained build operations Thread 91"        [_thread_blocked, id=7672, stack(0x000000ff32d00000,0x000000ff32e00000) (1024K)]
  0x000002986a981ef0 JavaThread "Unconstrained build operations Thread 92"        [_thread_blocked, id=23648, stack(0x000000ff32e00000,0x000000ff32f00000) (1024K)]
  0x000002986a97fe20 JavaThread "Unconstrained build operations Thread 93"        [_thread_blocked, id=30140, stack(0x000000ff32f00000,0x000000ff33000000) (1024K)]
  0x000002985fb7ecc0 JavaThread "C1 CompilerThread1"         daemon [_thread_blocked, id=28128, stack(0x000000ff28d00000,0x000000ff28e00000) (1024K)]
  0x000002986a983930 JavaThread "Unconstrained build operations Thread 94"        [_thread_blocked, id=34832, stack(0x000000ff28e00000,0x000000ff28f00000) (1024K)]
  0x000002985fb7d850 JavaThread "C1 CompilerThread2"         daemon [_thread_blocked, id=7740, stack(0x000000ff28f00000,0x000000ff29000000) (1024K)]
  0x000002986a9811d0 JavaThread "Unconstrained build operations Thread 95"        [_thread_blocked, id=31040, stack(0x000000ff2b200000,0x000000ff2b300000) (1024K)]
  0x000002986a983fc0 JavaThread "Unconstrained build operations Thread 96"        [_thread_blocked, id=18820, stack(0x000000ff30e00000,0x000000ff30f00000) (1024K)]
  0x000002986a982580 JavaThread "Unconstrained build operations Thread 97"        [_thread_blocked, id=25504, stack(0x000000ff30f00000,0x000000ff31000000) (1024K)]
  0x000002986a981860 JavaThread "Unconstrained build operations Thread 98"        [_thread_blocked, id=30308, stack(0x000000ff33000000,0x000000ff33100000) (1024K)]
  0x000002986a9832a0 JavaThread "Unconstrained build operations Thread 99"        [_thread_blocked, id=2332, stack(0x000000ff33100000,0x000000ff33200000) (1024K)]
  0x000002986a980b40 JavaThread "Unconstrained build operations Thread 100"        [_thread_blocked, id=18700, stack(0x000000ff33200000,0x000000ff33300000) (1024K)]
  0x000002986a984650 JavaThread "Unconstrained build operations Thread 101"        [_thread_blocked, id=7496, stack(0x000000ff33300000,0x000000ff33400000) (1024K)]
  0x000002986a984ce0 JavaThread "Unconstrained build operations Thread 102"        [_thread_blocked, id=11560, stack(0x000000ff33400000,0x000000ff33500000) (1024K)]
  0x000002986a985370 JavaThread "Unconstrained build operations Thread 103"        [_thread_blocked, id=33324, stack(0x000000ff33500000,0x000000ff33600000) (1024K)]
  0x000002986a985a00 JavaThread "Unconstrained build operations Thread 104"        [_thread_blocked, id=16220, stack(0x000000ff33600000,0x000000ff33700000) (1024K)]
  0x000002986a986090 JavaThread "Unconstrained build operations Thread 105"        [_thread_blocked, id=28664, stack(0x000000ff33700000,0x000000ff33800000) (1024K)]
  0x000002986a982c10 JavaThread "Unconstrained build operations Thread 106"        [_thread_blocked, id=16980, stack(0x000000ff33800000,0x000000ff33900000) (1024K)]
  0x000002986a986720 JavaThread "Unconstrained build operations Thread 107"        [_thread_blocked, id=18288, stack(0x000000ff33900000,0x000000ff33a00000) (1024K)]
  0x000002986a986db0 JavaThread "Unconstrained build operations Thread 108"        [_thread_blocked, id=22732, stack(0x000000ff33a00000,0x000000ff33b00000) (1024K)]
  0x0000029863665e90 JavaThread "Unconstrained build operations Thread 109"        [_thread_blocked, id=32760, stack(0x000000ff33b00000,0x000000ff33c00000) (1024K)]
  0x0000029869943ec0 JavaThread "Unconstrained build operations Thread 110"        [_thread_blocked, id=8380, stack(0x000000ff33c00000,0x000000ff33d00000) (1024K)]
  0x0000029869942b10 JavaThread "Unconstrained build operations Thread 111"        [_thread_blocked, id=31324, stack(0x000000ff33d00000,0x000000ff33e00000) (1024K)]
  0x0000029869941df0 JavaThread "Unconstrained build operations Thread 112"        [_thread_blocked, id=33892, stack(0x000000ff33e00000,0x000000ff33f00000) (1024K)]
  0x0000029869945900 JavaThread "Unconstrained build operations Thread 113"        [_thread_blocked, id=19116, stack(0x000000ff33f00000,0x000000ff34000000) (1024K)]
  0x0000029869943830 JavaThread "Unconstrained build operations Thread 114"        [_thread_blocked, id=14916, stack(0x000000ff34000000,0x000000ff34100000) (1024K)]
  0x0000029869944550 JavaThread "Unconstrained build operations Thread 115"        [_thread_blocked, id=32884, stack(0x000000ff34100000,0x000000ff34200000) (1024K)]
  0x0000029869945270 JavaThread "Unconstrained build operations Thread 116"        [_thread_blocked, id=12816, stack(0x000000ff34200000,0x000000ff34300000) (1024K)]
  0x0000029869944be0 JavaThread "Unconstrained build operations Thread 117"        [_thread_blocked, id=28776, stack(0x000000ff34300000,0x000000ff34400000) (1024K)]
  0x0000029869942480 JavaThread "Unconstrained build operations Thread 118"        [_thread_blocked, id=8736, stack(0x000000ff34400000,0x000000ff34500000) (1024K)]
  0x0000029869945f90 JavaThread "Unconstrained build operations Thread 119"        [_thread_blocked, id=36764, stack(0x000000ff34500000,0x000000ff34600000) (1024K)]
  0x0000029869946620 JavaThread "Unconstrained build operations Thread 120"        [_thread_blocked, id=11228, stack(0x000000ff34600000,0x000000ff34700000) (1024K)]
  0x00000298699431a0 JavaThread "Unconstrained build operations Thread 121"        [_thread_blocked, id=20220, stack(0x000000ff34700000,0x000000ff34800000) (1024K)]
  0x0000029869946cb0 JavaThread "Unconstrained build operations Thread 122"        [_thread_blocked, id=34808, stack(0x000000ff34800000,0x000000ff34900000) (1024K)]
  0x0000029869947340 JavaThread "Unconstrained build operations Thread 123"        [_thread_blocked, id=28820, stack(0x000000ff34900000,0x000000ff34a00000) (1024K)]
  0x0000029863e15d30 JavaThread "Unconstrained build operations Thread 124"        [_thread_blocked, id=34664, stack(0x000000ff34a00000,0x000000ff34b00000) (1024K)]
  0x0000029863e156a0 JavaThread "Unconstrained build operations Thread 125"        [_thread_blocked, id=32516, stack(0x000000ff34b00000,0x000000ff34c00000) (1024K)]
  0x0000029863e163c0 JavaThread "Unconstrained build operations Thread 126"        [_thread_blocked, id=31100, stack(0x000000ff34c00000,0x000000ff34d00000) (1024K)]
  0x0000029863e135d0 JavaThread "Unconstrained build operations Thread 127"        [_thread_blocked, id=28408, stack(0x000000ff34d00000,0x000000ff34e00000) (1024K)]
  0x0000029863e16a50 JavaThread "Unconstrained build operations Thread 128"        [_thread_blocked, id=33432, stack(0x000000ff34e00000,0x000000ff34f00000) (1024K)]
  0x0000029863e13c60 JavaThread "Unconstrained build operations Thread 129"        [_thread_blocked, id=31240, stack(0x000000ff34f00000,0x000000ff35000000) (1024K)]
  0x0000029863e14980 JavaThread "Unconstrained build operations Thread 130"        [_thread_blocked, id=33416, stack(0x000000ff35000000,0x000000ff35100000) (1024K)]
  0x0000029863e170e0 JavaThread "Unconstrained build operations Thread 131"        [_thread_blocked, id=29580, stack(0x000000ff35100000,0x000000ff35200000) (1024K)]
  0x0000029863e17770 JavaThread "Unconstrained build operations Thread 132"        [_thread_blocked, id=33632, stack(0x000000ff35200000,0x000000ff35300000) (1024K)]
  0x0000029863e15010 JavaThread "Unconstrained build operations Thread 133"        [_thread_blocked, id=33044, stack(0x000000ff35300000,0x000000ff35400000) (1024K)]
  0x0000029863e142f0 JavaThread "Unconstrained build operations Thread 134"        [_thread_blocked, id=36672, stack(0x000000ff35400000,0x000000ff35500000) (1024K)]
  0x0000029863e1a560 JavaThread "WorkerExecutor Queue"              [_thread_blocked, id=24116, stack(0x000000ff35500000,0x000000ff35600000) (1024K)]
  0x0000029863e1b280 JavaThread "Unconstrained build operations Thread 135"        [_thread_blocked, id=22572, stack(0x000000ff35600000,0x000000ff35700000) (1024K)]
  0x0000029863e19ed0 JavaThread "Unconstrained build operations Thread 136"        [_thread_blocked, id=33080, stack(0x000000ff35700000,0x000000ff35800000) (1024K)]
  0x0000029863e17e00 JavaThread "Unconstrained build operations Thread 137"        [_thread_blocked, id=28804, stack(0x000000ff35800000,0x000000ff35900000) (1024K)]
  0x0000029863e1b910 JavaThread "Unconstrained build operations Thread 138"        [_thread_blocked, id=36336, stack(0x000000ff35900000,0x000000ff35a00000) (1024K)]
  0x0000029863e1bfa0 JavaThread "Unconstrained build operations Thread 139"        [_thread_blocked, id=3984, stack(0x000000ff35a00000,0x000000ff35b00000) (1024K)]
  0x0000029863e191b0 JavaThread "Unconstrained build operations Thread 140"        [_thread_blocked, id=28168, stack(0x000000ff35b00000,0x000000ff35c00000) (1024K)]
  0x0000029863e18b20 JavaThread "Unconstrained build operations Thread 141"        [_thread_blocked, id=21716, stack(0x000000ff35c00000,0x000000ff35d00000) (1024K)]
  0x0000029863e1c630 JavaThread "Unconstrained build operations Thread 142"        [_thread_blocked, id=32212, stack(0x000000ff35d00000,0x000000ff35e00000) (1024K)]
  0x0000029863e18490 JavaThread "Unconstrained build operations Thread 143"        [_thread_blocked, id=17000, stack(0x000000ff35e00000,0x000000ff35f00000) (1024K)]
  0x0000029863e1ccc0 JavaThread "Unconstrained build operations Thread 144"        [_thread_blocked, id=31796, stack(0x000000ff35f00000,0x000000ff36000000) (1024K)]
  0x0000029863e20140 JavaThread "Unconstrained build operations Thread 145"        [_thread_blocked, id=33496, stack(0x000000ff36000000,0x000000ff36100000) (1024K)]
  0x0000029863e19840 JavaThread "Unconstrained build operations Thread 146"        [_thread_blocked, id=36448, stack(0x000000ff36100000,0x000000ff36200000) (1024K)]
  0x0000029863e1e070 JavaThread "Unconstrained build operations Thread 147"        [_thread_blocked, id=24072, stack(0x000000ff36200000,0x000000ff36300000) (1024K)]
  0x0000029863e1e700 JavaThread "Unconstrained build operations Thread 148"        [_thread_blocked, id=29004, stack(0x000000ff36300000,0x000000ff36400000) (1024K)]
  0x0000029863e1f420 JavaThread "Unconstrained build operations Thread 149"        [_thread_blocked, id=33572, stack(0x000000ff36400000,0x000000ff36500000) (1024K)]
  0x0000029863e1ed90 JavaThread "Unconstrained build operations Thread 150"        [_thread_blocked, id=30584, stack(0x000000ff36500000,0x000000ff36600000) (1024K)]
  0x0000029863e207d0 JavaThread "Unconstrained build operations Thread 151"        [_thread_blocked, id=31804, stack(0x000000ff36600000,0x000000ff36700000) (1024K)]
  0x0000029863e1fab0 JavaThread "Unconstrained build operations Thread 152"        [_thread_blocked, id=36784, stack(0x000000ff36700000,0x000000ff36800000) (1024K)]
  0x0000029863e1d350 JavaThread "Unconstrained build operations Thread 153"        [_thread_blocked, id=31260, stack(0x000000ff36800000,0x000000ff36900000) (1024K)]
  0x0000029863e20e60 JavaThread "Unconstrained build operations Thread 154"        [_thread_blocked, id=31444, stack(0x000000ff36900000,0x000000ff36a00000) (1024K)]
  0x0000029863e1d9e0 JavaThread "Unconstrained build operations Thread 155"        [_thread_blocked, id=35152, stack(0x000000ff36a00000,0x000000ff36b00000) (1024K)]
  0x0000029863e214f0 JavaThread "Unconstrained build operations Thread 156"        [_thread_blocked, id=29376, stack(0x000000ff36b00000,0x000000ff36c00000) (1024K)]
  0x0000029863e228a0 JavaThread "Unconstrained build operations Thread 157"        [_thread_blocked, id=29396, stack(0x000000ff36c00000,0x000000ff36d00000) (1024K)]
  0x0000029863e21b80 JavaThread "Unconstrained build operations Thread 158"        [_thread_blocked, id=4176, stack(0x000000ff36d00000,0x000000ff36e00000) (1024K)]
  0x0000029863e22210 JavaThread "Unconstrained build operations Thread 159"        [_thread_blocked, id=32184, stack(0x000000ff36e00000,0x000000ff36f00000) (1024K)]
  0x000002986993a140 JavaThread "Unconstrained build operations Thread 160"        [_thread_blocked, id=35164, stack(0x000000ff36f00000,0x000000ff37000000) (1024K)]
  0x000002986366c100 JavaThread "Thread-207"                        [_thread_in_native, id=30632, stack(0x000000ff37000000,0x000000ff37100000) (1024K)]
Total: 224

Other Threads:
=>0x0000029858991540 VMThread "VM Thread"                           [id=32268, stack(0x000000ff28300000,0x000000ff28400000) (1024K)]
  0x00000298587d3920 WatcherThread "VM Periodic Task Thread"        [id=33504, stack(0x000000ff28200000,0x000000ff28300000) (1024K)]
  0x00000298406dc870 WorkerThread "GC Thread#0"                     [id=26136, stack(0x000000ff27d00000,0x000000ff27e00000) (1024K)]
  0x000002985d2232c0 WorkerThread "GC Thread#1"                     [id=29024, stack(0x000000ff29200000,0x000000ff29300000) (1024K)]
  0x000002985d33b590 WorkerThread "GC Thread#2"                     [id=27264, stack(0x000000ff29300000,0x000000ff29400000) (1024K)]
  0x000002985ddedd40 WorkerThread "GC Thread#3"                     [id=5272, stack(0x000000ff29400000,0x000000ff29500000) (1024K)]
  0x000002985dbd38d0 WorkerThread "GC Thread#4"                     [id=1040, stack(0x000000ff29500000,0x000000ff29600000) (1024K)]
  0x000002985e2bb6e0 WorkerThread "GC Thread#5"                     [id=27200, stack(0x000000ff29600000,0x000000ff29700000) (1024K)]
  0x000002985f59e160 WorkerThread "GC Thread#6"                     [id=32340, stack(0x000000ff29d00000,0x000000ff29e00000) (1024K)]
  0x000002985f59e8c0 WorkerThread "GC Thread#7"                     [id=19680, stack(0x000000ff29e00000,0x000000ff29f00000) (1024K)]
  0x000002985f59f3d0 WorkerThread "GC Thread#8"                     [id=2044, stack(0x000000ff29f00000,0x000000ff2a000000) (1024K)]
  0x000002985f59f780 WorkerThread "GC Thread#9"                     [id=13264, stack(0x000000ff2a000000,0x000000ff2a100000) (1024K)]
  0x000002985f59e510 WorkerThread "GC Thread#10"                    [id=26128, stack(0x000000ff2a100000,0x000000ff2a200000) (1024K)]
  0x000002985f59ec70 WorkerThread "GC Thread#11"                    [id=25168, stack(0x000000ff2a200000,0x000000ff2a300000) (1024K)]
  0x000002985f59f020 WorkerThread "GC Thread#12"                    [id=30036, stack(0x000000ff2a300000,0x000000ff2a400000) (1024K)]
  0x00000298406ed770 ConcurrentGCThread "G1 Main Marker"            [id=25856, stack(0x000000ff27e00000,0x000000ff27f00000) (1024K)]
  0x00000298406ef770 WorkerThread "G1 Conc#0"                       [id=26708, stack(0x000000ff27f00000,0x000000ff28000000) (1024K)]
  0x000002985f5d6ce0 WorkerThread "G1 Conc#1"                       [id=27056, stack(0x000000ff2a400000,0x000000ff2a500000) (1024K)]
  0x000002985f5d77f0 WorkerThread "G1 Conc#2"                       [id=32388, stack(0x000000ff2a500000,0x000000ff2a600000) (1024K)]
  0x00000298586a21f0 ConcurrentGCThread "G1 Refine#0"               [id=27156, stack(0x000000ff28000000,0x000000ff28100000) (1024K)]
  0x00000298586a3740 ConcurrentGCThread "G1 Service"                [id=26424, stack(0x000000ff28100000,0x000000ff28200000) (1024K)]
Total: 21

Threads with active compile tasks:
C2 CompilerThread0  37045 15318       4       org.gradle.internal.snapshot.ChildMap$Entry::handlePath (135 bytes)
Total: 1

VM state: at safepoint (normal execution)

VM Mutex/Monitor currently owned by a thread:  ([mutex/lock_event])
[0x00007ffce5c986d0] Threads_lock - owner thread: 0x0000029858991540
[0x00007ffce5c987d0] Heap_lock - owner thread: 0x0000029863f70200

Heap address: 0x0000000080000000, size: 2048 MB, Compressed Oops mode: 32-bit

CDS archive(s) not mapped
Compressed class space mapped at: 0x0000000100000000-0x0000000140000000, reserved size: 1073741824
Narrow klass base: 0x0000000000000000, Narrow klass shift: 3, Narrow klass range: 0x140000000

GC Precious Log:
 CardTable entry size: 512
 Card Set container configuration: InlinePtr #cards 5 size 8 Array Of Cards #cards 12 size 40 Howl #buckets 4 coarsen threshold 1843 Howl Bitmap #cards 512 size 80 coarsen threshold 460 Card regions per heap region 1 cards per card region 2048
 CPUs: 16 total, 16 available
 Memory: 7501M
 Large Page Support: Disabled
 NUMA Support: Disabled
 Compressed Oops: Enabled (32-bit)
 Heap Region Size: 1M
 Heap Min Capacity: 8M
 Heap Initial Capacity: 118M
 Heap Max Capacity: 2G
 Pre-touch: Disabled
 Parallel Workers: 13
 Concurrent Workers: 3
 Concurrent Refinement Workers: 13
 Periodic GC: Disabled

Heap:
 garbage-first heap   total 199680K, used 120074K [0x0000000080000000, 0x0000000100000000)
  region size 1024K, 4 young (4096K), 4 survivors (4096K)
 Metaspace       used 118228K, committed 120576K, reserved 1179648K
  class space    used 16770K, committed 17920K, reserved 1048576K

Heap Regions: E=young(eden), S=young(survivor), O=old, HS=humongous(starts), HC=humongous(continues), CS=collection set, F=free, TAMS=top-at-mark-start, PB=parsable bottom
|   0|0x0000000080000000, 0x0000000080100000, 0x0000000080100000|100%|HS|  |TAMS 0x0000000080100000| PB 0x0000000080000000| Complete 
|   1|0x0000000080100000, 0x0000000080200000, 0x0000000080200000|100%|HC|  |TAMS 0x0000000080200000| PB 0x0000000080100000| Complete 
|   2|0x0000000080200000, 0x0000000080300000, 0x0000000080300000|100%|HC|  |TAMS 0x0000000080300000| PB 0x0000000080200000| Complete 
|   3|0x0000000080300000, 0x0000000080400000, 0x0000000080400000|100%|HC|  |TAMS 0x0000000080400000| PB 0x0000000080300000| Complete 
|   4|0x0000000080400000, 0x0000000080500000, 0x0000000080500000|100%| O|  |TAMS 0x0000000080500000| PB 0x0000000080400000| Untracked 
|   5|0x0000000080500000, 0x0000000080600000, 0x0000000080600000|100%| O|  |TAMS 0x0000000080600000| PB 0x0000000080500000| Untracked 
|   6|0x0000000080600000, 0x0000000080700000, 0x0000000080700000|100%| O|  |TAMS 0x0000000080700000| PB 0x0000000080600000| Untracked 
|   7|0x0000000080700000, 0x0000000080800000, 0x0000000080800000|100%|HS|  |TAMS 0x0000000080800000| PB 0x0000000080700000| Complete 
|   8|0x0000000080800000, 0x0000000080900000, 0x0000000080900000|100%| O|  |TAMS 0x0000000080900000| PB 0x0000000080800000| Untracked 
|   9|0x0000000080900000, 0x0000000080a00000, 0x0000000080a00000|100%| O|  |TAMS 0x0000000080a00000| PB 0x0000000080900000| Untracked 
|  10|0x0000000080a00000, 0x0000000080b00000, 0x0000000080b00000|100%| O|  |TAMS 0x0000000080b00000| PB 0x0000000080a00000| Untracked 
|  11|0x0000000080b00000, 0x0000000080c00000, 0x0000000080c00000|100%| O|  |TAMS 0x0000000080c00000| PB 0x0000000080b00000| Untracked 
|  12|0x0000000080c00000, 0x0000000080d00000, 0x0000000080d00000|100%| O|  |TAMS 0x0000000080d00000| PB 0x0000000080c00000| Untracked 
|  13|0x0000000080d00000, 0x0000000080e00000, 0x0000000080e00000|100%| O|  |TAMS 0x0000000080e00000| PB 0x0000000080d00000| Untracked 
|  14|0x0000000080e00000, 0x0000000080f00000, 0x0000000080f00000|100%| O|  |TAMS 0x0000000080f00000| PB 0x0000000080e00000| Untracked 
|  15|0x0000000080f00000, 0x0000000081000000, 0x0000000081000000|100%| O|  |TAMS 0x0000000081000000| PB 0x0000000080f00000| Untracked 
|  16|0x0000000081000000, 0x0000000081100000, 0x0000000081100000|100%| O|  |TAMS 0x0000000081100000| PB 0x0000000081000000| Untracked 
|  17|0x0000000081100000, 0x0000000081200000, 0x0000000081200000|100%| O|  |TAMS 0x0000000081200000| PB 0x0000000081100000| Untracked 
|  18|0x0000000081200000, 0x0000000081300000, 0x0000000081300000|100%| O|  |TAMS 0x0000000081300000| PB 0x0000000081200000| Untracked 
|  19|0x0000000081300000, 0x0000000081400000, 0x0000000081400000|100%| O|  |TAMS 0x0000000081400000| PB 0x0000000081300000| Untracked 
|  20|0x0000000081400000, 0x0000000081500000, 0x0000000081500000|100%| O|  |TAMS 0x0000000081500000| PB 0x0000000081400000| Untracked 
|  21|0x0000000081500000, 0x0000000081600000, 0x0000000081600000|100%| O|  |TAMS 0x0000000081600000| PB 0x0000000081500000| Untracked 
|  22|0x0000000081600000, 0x0000000081700000, 0x0000000081700000|100%| O|  |TAMS 0x0000000081700000| PB 0x0000000081600000| Untracked 
|  23|0x0000000081700000, 0x0000000081800000, 0x0000000081800000|100%| O|  |TAMS 0x0000000081800000| PB 0x0000000081700000| Untracked 
|  24|0x0000000081800000, 0x0000000081900000, 0x0000000081900000|100%| O|  |TAMS 0x0000000081900000| PB 0x0000000081800000| Untracked 
|  25|0x0000000081900000, 0x0000000081a00000, 0x0000000081a00000|100%| O|  |TAMS 0x0000000081a00000| PB 0x0000000081900000| Untracked 
|  26|0x0000000081a00000, 0x0000000081b00000, 0x0000000081b00000|100%| O|  |TAMS 0x0000000081b00000| PB 0x0000000081a00000| Untracked 
|  27|0x0000000081b00000, 0x0000000081c00000, 0x0000000081c00000|100%| O|  |TAMS 0x0000000081c00000| PB 0x0000000081b00000| Untracked 
|  28|0x0000000081c00000, 0x0000000081d00000, 0x0000000081d00000|100%|HS|  |TAMS 0x0000000081d00000| PB 0x0000000081c00000| Complete 
|  29|0x0000000081d00000, 0x0000000081e00000, 0x0000000081e00000|100%|HC|  |TAMS 0x0000000081e00000| PB 0x0000000081d00000| Complete 
|  30|0x0000000081e00000, 0x0000000081f00000, 0x0000000081f00000|100%| O|  |TAMS 0x0000000081f00000| PB 0x0000000081e00000| Untracked 
|  31|0x0000000081f00000, 0x0000000082000000, 0x0000000082000000|100%| O|  |TAMS 0x0000000082000000| PB 0x0000000081f00000| Untracked 
|  32|0x0000000082000000, 0x0000000082100000, 0x0000000082100000|100%| O|  |TAMS 0x0000000082100000| PB 0x0000000082000000| Untracked 
|  33|0x0000000082100000, 0x0000000082200000, 0x0000000082200000|100%| O|  |TAMS 0x0000000082200000| PB 0x0000000082100000| Untracked 
|  34|0x0000000082200000, 0x0000000082300000, 0x0000000082300000|100%|HS|  |TAMS 0x0000000082300000| PB 0x0000000082200000| Complete 
|  35|0x0000000082300000, 0x0000000082400000, 0x0000000082400000|100%|HS|  |TAMS 0x0000000082400000| PB 0x0000000082300000| Complete 
|  36|0x0000000082400000, 0x0000000082500000, 0x0000000082500000|100%| O|  |TAMS 0x0000000082500000| PB 0x0000000082400000| Untracked 
|  37|0x0000000082500000, 0x0000000082600000, 0x0000000082600000|100%| O|  |TAMS 0x0000000082600000| PB 0x0000000082500000| Untracked 
|  38|0x0000000082600000, 0x0000000082700000, 0x0000000082700000|100%| O|  |TAMS 0x0000000082700000| PB 0x0000000082600000| Untracked 
|  39|0x0000000082700000, 0x0000000082800000, 0x0000000082800000|100%| O|  |TAMS 0x0000000082800000| PB 0x0000000082700000| Untracked 
|  40|0x0000000082800000, 0x0000000082900000, 0x0000000082900000|100%| O|  |TAMS 0x0000000082900000| PB 0x0000000082800000| Untracked 
|  41|0x0000000082900000, 0x0000000082a00000, 0x0000000082a00000|100%| O|  |TAMS 0x0000000082a00000| PB 0x0000000082900000| Untracked 
|  42|0x0000000082a00000, 0x0000000082b00000, 0x0000000082b00000|100%| O|  |TAMS 0x0000000082b00000| PB 0x0000000082a00000| Untracked 
|  43|0x0000000082b00000, 0x0000000082c00000, 0x0000000082c00000|100%| O|  |TAMS 0x0000000082c00000| PB 0x0000000082b00000| Untracked 
|  44|0x0000000082c00000, 0x0000000082d00000, 0x0000000082d00000|100%| O|  |TAMS 0x0000000082d00000| PB 0x0000000082c00000| Untracked 
|  45|0x0000000082d00000, 0x0000000082e00000, 0x0000000082e00000|100%| O|  |TAMS 0x0000000082e00000| PB 0x0000000082d00000| Untracked 
|  46|0x0000000082e00000, 0x0000000082f00000, 0x0000000082f00000|100%|HS|  |TAMS 0x0000000082f00000| PB 0x0000000082e00000| Complete 
|  47|0x0000000082f00000, 0x0000000083000000, 0x0000000083000000|100%| O|  |TAMS 0x0000000083000000| PB 0x0000000082f00000| Untracked 
|  48|0x0000000083000000, 0x00000000830ffff8, 0x0000000083100000| 99%| O|  |TAMS 0x00000000830ffff8| PB 0x0000000083000000| Untracked 
|  49|0x0000000083100000, 0x0000000083200000, 0x0000000083200000|100%| O|  |TAMS 0x0000000083200000| PB 0x0000000083100000| Untracked 
|  50|0x0000000083200000, 0x0000000083300000, 0x0000000083300000|100%| O|  |TAMS 0x0000000083300000| PB 0x0000000083200000| Untracked 
|  51|0x0000000083300000, 0x0000000083400000, 0x0000000083400000|100%| O|  |TAMS 0x0000000083400000| PB 0x0000000083300000| Untracked 
|  52|0x0000000083400000, 0x0000000083500000, 0x0000000083500000|100%|HS|  |TAMS 0x0000000083500000| PB 0x0000000083400000| Complete 
|  53|0x0000000083500000, 0x0000000083600000, 0x0000000083600000|100%|HC|  |TAMS 0x0000000083600000| PB 0x0000000083500000| Complete 
|  54|0x0000000083600000, 0x0000000083700000, 0x0000000083700000|100%|HS|  |TAMS 0x0000000083700000| PB 0x0000000083600000| Complete 
|  55|0x0000000083700000, 0x0000000083800000, 0x0000000083800000|100%| O|  |TAMS 0x0000000083800000| PB 0x0000000083700000| Untracked 
|  56|0x0000000083800000, 0x0000000083900000, 0x0000000083900000|100%|HS|  |TAMS 0x0000000083900000| PB 0x0000000083800000| Complete 
|  57|0x0000000083900000, 0x0000000083a00000, 0x0000000083a00000|100%|HS|  |TAMS 0x0000000083a00000| PB 0x0000000083900000| Complete 
|  58|0x0000000083a00000, 0x0000000083b00000, 0x0000000083b00000|100%|HS|  |TAMS 0x0000000083b00000| PB 0x0000000083a00000| Complete 
|  59|0x0000000083b00000, 0x0000000083c00000, 0x0000000083c00000|100%|HC|  |TAMS 0x0000000083c00000| PB 0x0000000083b00000| Complete 
|  60|0x0000000083c00000, 0x0000000083d00000, 0x0000000083d00000|100%| O|  |TAMS 0x0000000083d00000| PB 0x0000000083c00000| Untracked 
|  61|0x0000000083d00000, 0x0000000083e00000, 0x0000000083e00000|100%|HS|  |TAMS 0x0000000083e00000| PB 0x0000000083d00000| Complete 
|  62|0x0000000083e00000, 0x0000000083f00000, 0x0000000083f00000|100%| O|  |TAMS 0x0000000083f00000| PB 0x0000000083e00000| Untracked 
|  63|0x0000000083f00000, 0x0000000084000000, 0x0000000084000000|100%| O|  |TAMS 0x0000000084000000| PB 0x0000000083f00000| Untracked 
|  64|0x0000000084000000, 0x0000000084100000, 0x0000000084100000|100%| O|  |TAMS 0x0000000084100000| PB 0x0000000084000000| Untracked 
|  65|0x0000000084100000, 0x0000000084200000, 0x0000000084200000|100%| O|  |TAMS 0x0000000084200000| PB 0x0000000084100000| Untracked 
|  66|0x0000000084200000, 0x0000000084300000, 0x0000000084300000|100%| O|  |TAMS 0x0000000084300000| PB 0x0000000084200000| Untracked 
|  67|0x0000000084300000, 0x0000000084400000, 0x0000000084400000|100%| O|  |TAMS 0x0000000084400000| PB 0x0000000084300000| Untracked 
|  68|0x0000000084400000, 0x0000000084500000, 0x0000000084500000|100%| O|  |TAMS 0x0000000084500000| PB 0x0000000084400000| Untracked 
|  69|0x0000000084500000, 0x0000000084600000, 0x0000000084600000|100%| O|  |TAMS 0x0000000084600000| PB 0x0000000084500000| Untracked 
|  70|0x0000000084600000, 0x0000000084700000, 0x0000000084700000|100%| O|  |TAMS 0x0000000084700000| PB 0x0000000084600000| Untracked 
|  71|0x0000000084700000, 0x0000000084800000, 0x0000000084800000|100%| O|  |TAMS 0x0000000084800000| PB 0x0000000084700000| Untracked 
|  72|0x0000000084800000, 0x0000000084900000, 0x0000000084900000|100%| O|  |TAMS 0x0000000084900000| PB 0x0000000084800000| Untracked 
|  73|0x0000000084900000, 0x0000000084a00000, 0x0000000084a00000|100%| O|  |TAMS 0x0000000084a00000| PB 0x0000000084900000| Untracked 
|  74|0x0000000084a00000, 0x0000000084b00000, 0x0000000084b00000|100%| O|  |TAMS 0x0000000084b00000| PB 0x0000000084a00000| Untracked 
|  75|0x0000000084b00000, 0x0000000084c00000, 0x0000000084c00000|100%| O|  |TAMS 0x0000000084c00000| PB 0x0000000084b00000| Untracked 
|  76|0x0000000084c00000, 0x0000000084d00000, 0x0000000084d00000|100%| O|  |TAMS 0x0000000084d00000| PB 0x0000000084c00000| Untracked 
|  77|0x0000000084d00000, 0x0000000084e00000, 0x0000000084e00000|100%| O|  |TAMS 0x0000000084e00000| PB 0x0000000084d00000| Untracked 
|  78|0x0000000084e00000, 0x0000000084f00000, 0x0000000084f00000|100%| O|  |TAMS 0x0000000084f00000| PB 0x0000000084e00000| Untracked 
|  79|0x0000000084f00000, 0x0000000085000000, 0x0000000085000000|100%| O|  |TAMS 0x0000000085000000| PB 0x0000000084f00000| Untracked 
|  80|0x0000000085000000, 0x0000000085100000, 0x0000000085100000|100%| O|  |TAMS 0x0000000085100000| PB 0x0000000085000000| Untracked 
|  81|0x0000000085100000, 0x0000000085200000, 0x0000000085200000|100%| O|  |TAMS 0x0000000085200000| PB 0x0000000085100000| Untracked 
|  82|0x0000000085200000, 0x0000000085300000, 0x0000000085300000|100%| O|  |TAMS 0x0000000085300000| PB 0x0000000085200000| Untracked 
|  83|0x0000000085300000, 0x0000000085400000, 0x0000000085400000|100%| O|  |TAMS 0x0000000085400000| PB 0x0000000085300000| Untracked 
|  84|0x0000000085400000, 0x0000000085500000, 0x0000000085500000|100%| O|  |TAMS 0x0000000085500000| PB 0x0000000085400000| Untracked 
|  85|0x0000000085500000, 0x0000000085600000, 0x0000000085600000|100%| O|  |TAMS 0x0000000085600000| PB 0x0000000085500000| Untracked 
|  86|0x0000000085600000, 0x0000000085700000, 0x0000000085700000|100%| O|  |TAMS 0x0000000085700000| PB 0x0000000085600000| Untracked 
|  87|0x0000000085700000, 0x0000000085800000, 0x0000000085800000|100%| O|  |TAMS 0x0000000085800000| PB 0x0000000085700000| Untracked 
|  88|0x0000000085800000, 0x0000000085900000, 0x0000000085900000|100%| O|  |TAMS 0x0000000085900000| PB 0x0000000085800000| Untracked 
|  89|0x0000000085900000, 0x0000000085a00000, 0x0000000085a00000|100%| O|  |TAMS 0x0000000085a00000| PB 0x0000000085900000| Untracked 
|  90|0x0000000085a00000, 0x0000000085b00000, 0x0000000085b00000|100%| O|  |TAMS 0x0000000085b00000| PB 0x0000000085a00000| Untracked 
|  91|0x0000000085b00000, 0x0000000085c00000, 0x0000000085c00000|100%| O|  |TAMS 0x0000000085c00000| PB 0x0000000085b00000| Untracked 
|  92|0x0000000085c00000, 0x0000000085d00000, 0x0000000085d00000|100%| O|  |TAMS 0x0000000085d00000| PB 0x0000000085c00000| Untracked 
|  93|0x0000000085d00000, 0x0000000085e00000, 0x0000000085e00000|100%| O|  |TAMS 0x0000000085e00000| PB 0x0000000085d00000| Untracked 
|  94|0x0000000085e00000, 0x0000000085f00000, 0x0000000085f00000|100%| O|  |TAMS 0x0000000085f00000| PB 0x0000000085e00000| Untracked 
|  95|0x0000000085f00000, 0x0000000086000000, 0x0000000086000000|100%| O|  |TAMS 0x0000000085f00000| PB 0x0000000085f00000| Untracked 
|  96|0x0000000086000000, 0x0000000086100000, 0x0000000086100000|100%| O|  |TAMS 0x0000000086100000| PB 0x0000000086000000| Untracked 
|  97|0x0000000086100000, 0x0000000086200000, 0x0000000086200000|100%| O|  |TAMS 0x0000000086200000| PB 0x0000000086100000| Untracked 
|  98|0x0000000086200000, 0x0000000086300000, 0x0000000086300000|100%| O|  |TAMS 0x0000000086200000| PB 0x0000000086200000| Untracked 
|  99|0x0000000086300000, 0x0000000086400000, 0x0000000086400000|100%| O|  |TAMS 0x0000000086400000| PB 0x0000000086300000| Untracked 
| 100|0x0000000086400000, 0x0000000086500000, 0x0000000086500000|100%| O|  |TAMS 0x0000000086500000| PB 0x0000000086400000| Untracked 
| 101|0x0000000086500000, 0x0000000086600000, 0x0000000086600000|100%| O|  |TAMS 0x000000008655ca40| PB 0x0000000086500000| Untracked 
| 102|0x0000000086600000, 0x000000008660e238, 0x0000000086700000|  5%| O|  |TAMS 0x0000000086600000| PB 0x0000000086600000| Untracked 
| 103|0x0000000086700000, 0x0000000086700000, 0x0000000086800000|  0%| F|  |TAMS 0x0000000086700000| PB 0x0000000086700000| Untracked 
| 104|0x0000000086800000, 0x0000000086800000, 0x0000000086900000|  0%| F|  |TAMS 0x0000000086800000| PB 0x0000000086800000| Untracked 
| 105|0x0000000086900000, 0x0000000086900000, 0x0000000086a00000|  0%| F|  |TAMS 0x0000000086900000| PB 0x0000000086900000| Untracked 
| 106|0x0000000086a00000, 0x0000000086a00000, 0x0000000086b00000|  0%| F|  |TAMS 0x0000000086a00000| PB 0x0000000086a00000| Untracked 
| 107|0x0000000086b00000, 0x0000000086b00000, 0x0000000086c00000|  0%| F|  |TAMS 0x0000000086b00000| PB 0x0000000086b00000| Untracked 
| 108|0x0000000086c00000, 0x0000000086c00000, 0x0000000086d00000|  0%| F|  |TAMS 0x0000000086c00000| PB 0x0000000086c00000| Untracked 
| 109|0x0000000086d00000, 0x0000000086d00000, 0x0000000086e00000|  0%| F|  |TAMS 0x0000000086d00000| PB 0x0000000086d00000| Untracked 
| 110|0x0000000086e00000, 0x0000000086e00000, 0x0000000086f00000|  0%| F|  |TAMS 0x0000000086e00000| PB 0x0000000086e00000| Untracked 
| 111|0x0000000086f00000, 0x0000000086f00000, 0x0000000087000000|  0%| F|  |TAMS 0x0000000086f00000| PB 0x0000000086f00000| Untracked 
| 112|0x0000000087000000, 0x0000000087000000, 0x0000000087100000|  0%| F|  |TAMS 0x0000000087000000| PB 0x0000000087000000| Untracked 
| 113|0x0000000087100000, 0x0000000087100000, 0x0000000087200000|  0%| F|  |TAMS 0x0000000087100000| PB 0x0000000087100000| Untracked 
| 114|0x0000000087200000, 0x0000000087200000, 0x0000000087300000|  0%| F|  |TAMS 0x0000000087200000| PB 0x0000000087200000| Untracked 
| 115|0x0000000087300000, 0x0000000087300000, 0x0000000087400000|  0%| F|  |TAMS 0x0000000087300000| PB 0x0000000087300000| Untracked 
| 116|0x0000000087400000, 0x0000000087400000, 0x0000000087500000|  0%| F|  |TAMS 0x0000000087400000| PB 0x0000000087400000| Untracked 
| 117|0x0000000087500000, 0x0000000087500000, 0x0000000087600000|  0%| F|  |TAMS 0x0000000087500000| PB 0x0000000087500000| Untracked 
| 118|0x0000000087600000, 0x0000000087600000, 0x0000000087700000|  0%| F|  |TAMS 0x0000000087600000| PB 0x0000000087600000| Untracked 
| 119|0x0000000087700000, 0x0000000087700000, 0x0000000087800000|  0%| F|  |TAMS 0x0000000087700000| PB 0x0000000087700000| Untracked 
| 120|0x0000000087800000, 0x0000000087800000, 0x0000000087900000|  0%| F|  |TAMS 0x0000000087800000| PB 0x0000000087800000| Untracked 
| 121|0x0000000087900000, 0x0000000087900000, 0x0000000087a00000|  0%| F|  |TAMS 0x0000000087900000| PB 0x0000000087900000| Untracked 
| 122|0x0000000087a00000, 0x0000000087a00000, 0x0000000087b00000|  0%| F|  |TAMS 0x0000000087a00000| PB 0x0000000087a00000| Untracked 
| 123|0x0000000087b00000, 0x0000000087b00000, 0x0000000087c00000|  0%| F|  |TAMS 0x0000000087b00000| PB 0x0000000087b00000| Untracked 
| 124|0x0000000087c00000, 0x0000000087c00000, 0x0000000087d00000|  0%| F|  |TAMS 0x0000000087c00000| PB 0x0000000087c00000| Untracked 
| 125|0x0000000087d00000, 0x0000000087d00000, 0x0000000087e00000|  0%| F|  |TAMS 0x0000000087d00000| PB 0x0000000087d00000| Untracked 
| 126|0x0000000087e00000, 0x0000000087e00000, 0x0000000087f00000|  0%| F|  |TAMS 0x0000000087e00000| PB 0x0000000087e00000| Untracked 
| 127|0x0000000087f00000, 0x0000000087f00000, 0x0000000088000000|  0%| F|  |TAMS 0x0000000087f00000| PB 0x0000000087f00000| Untracked 
| 128|0x0000000088000000, 0x0000000088000000, 0x0000000088100000|  0%| F|  |TAMS 0x0000000088000000| PB 0x0000000088000000| Untracked 
| 129|0x0000000088100000, 0x0000000088100000, 0x0000000088200000|  0%| F|  |TAMS 0x0000000088100000| PB 0x0000000088100000| Untracked 
| 130|0x0000000088200000, 0x0000000088200000, 0x0000000088300000|  0%| F|  |TAMS 0x0000000088200000| PB 0x0000000088200000| Untracked 
| 131|0x0000000088300000, 0x0000000088300000, 0x0000000088400000|  0%| F|  |TAMS 0x0000000088300000| PB 0x0000000088300000| Untracked 
| 132|0x0000000088400000, 0x0000000088400000, 0x0000000088500000|  0%| F|  |TAMS 0x0000000088400000| PB 0x0000000088400000| Untracked 
| 133|0x0000000088500000, 0x0000000088500000, 0x0000000088600000|  0%| F|  |TAMS 0x0000000088500000| PB 0x0000000088500000| Untracked 
| 134|0x0000000088600000, 0x0000000088600000, 0x0000000088700000|  0%| F|  |TAMS 0x0000000088600000| PB 0x0000000088600000| Untracked 
| 135|0x0000000088700000, 0x0000000088700000, 0x0000000088800000|  0%| F|  |TAMS 0x0000000088700000| PB 0x0000000088700000| Untracked 
| 136|0x0000000088800000, 0x0000000088800000, 0x0000000088900000|  0%| F|  |TAMS 0x0000000088800000| PB 0x0000000088800000| Untracked 
| 137|0x0000000088900000, 0x0000000088900000, 0x0000000088a00000|  0%| F|  |TAMS 0x0000000088900000| PB 0x0000000088900000| Untracked 
| 138|0x0000000088a00000, 0x0000000088a00000, 0x0000000088b00000|  0%| F|  |TAMS 0x0000000088a00000| PB 0x0000000088a00000| Untracked 
| 139|0x0000000088b00000, 0x0000000088b346b0, 0x0000000088c00000| 20%| S|CS|TAMS 0x0000000088b00000| PB 0x0000000088b00000| Complete 
| 140|0x0000000088c00000, 0x0000000088d00000, 0x0000000088d00000|100%| S|CS|TAMS 0x0000000088c00000| PB 0x0000000088c00000| Complete 
| 141|0x0000000088d00000, 0x0000000088e00000, 0x0000000088e00000|100%| S|CS|TAMS 0x0000000088d00000| PB 0x0000000088d00000| Complete 
| 142|0x0000000088e00000, 0x0000000088f00000, 0x0000000088f00000|100%| S|CS|TAMS 0x0000000088e00000| PB 0x0000000088e00000| Complete 
| 143|0x0000000088f00000, 0x0000000088f00000, 0x0000000089000000|  0%| F|  |TAMS 0x0000000088f00000| PB 0x0000000088f00000| Untracked 
| 144|0x0000000089000000, 0x0000000089000000, 0x0000000089100000|  0%| F|  |TAMS 0x0000000089000000| PB 0x0000000089000000| Untracked 
| 145|0x0000000089100000, 0x0000000089100000, 0x0000000089200000|  0%| F|  |TAMS 0x0000000089100000| PB 0x0000000089100000| Untracked 
| 146|0x0000000089200000, 0x0000000089200000, 0x0000000089300000|  0%| F|  |TAMS 0x0000000089200000| PB 0x0000000089200000| Untracked 
| 147|0x0000000089300000, 0x0000000089300000, 0x0000000089400000|  0%| F|  |TAMS 0x0000000089300000| PB 0x0000000089300000| Untracked 
| 148|0x0000000089400000, 0x0000000089400000, 0x0000000089500000|  0%| F|  |TAMS 0x0000000089400000| PB 0x0000000089400000| Untracked 
| 149|0x0000000089500000, 0x0000000089500000, 0x0000000089600000|  0%| F|  |TAMS 0x0000000089500000| PB 0x0000000089500000| Untracked 
| 150|0x0000000089600000, 0x0000000089600000, 0x0000000089700000|  0%| F|  |TAMS 0x0000000089600000| PB 0x0000000089600000| Untracked 
| 151|0x0000000089700000, 0x0000000089700000, 0x0000000089800000|  0%| F|  |TAMS 0x0000000089700000| PB 0x0000000089700000| Untracked 
| 152|0x0000000089800000, 0x0000000089800000, 0x0000000089900000|  0%| F|  |TAMS 0x0000000089800000| PB 0x0000000089800000| Untracked 
| 153|0x0000000089900000, 0x0000000089900000, 0x0000000089a00000|  0%| F|  |TAMS 0x0000000089900000| PB 0x0000000089900000| Untracked 
| 154|0x0000000089a00000, 0x0000000089a00000, 0x0000000089b00000|  0%| F|  |TAMS 0x0000000089a00000| PB 0x0000000089a00000| Untracked 
| 155|0x0000000089b00000, 0x0000000089b00000, 0x0000000089c00000|  0%| F|  |TAMS 0x0000000089b00000| PB 0x0000000089b00000| Untracked 
| 156|0x0000000089c00000, 0x0000000089c00000, 0x0000000089d00000|  0%| F|  |TAMS 0x0000000089c00000| PB 0x0000000089c00000| Untracked 
| 157|0x0000000089d00000, 0x0000000089d00000, 0x0000000089e00000|  0%| F|  |TAMS 0x0000000089d00000| PB 0x0000000089d00000| Untracked 
| 158|0x0000000089e00000, 0x0000000089e00000, 0x0000000089f00000|  0%| F|  |TAMS 0x0000000089e00000| PB 0x0000000089e00000| Untracked 
| 159|0x0000000089f00000, 0x0000000089f00000, 0x000000008a000000|  0%| F|  |TAMS 0x0000000089f00000| PB 0x0000000089f00000| Untracked 
| 160|0x000000008a000000, 0x000000008a000000, 0x000000008a100000|  0%| F|  |TAMS 0x000000008a000000| PB 0x000000008a000000| Untracked 
| 161|0x000000008a100000, 0x000000008a100000, 0x000000008a200000|  0%| F|  |TAMS 0x000000008a100000| PB 0x000000008a100000| Untracked 
| 162|0x000000008a200000, 0x000000008a200000, 0x000000008a300000|  0%| F|  |TAMS 0x000000008a200000| PB 0x000000008a200000| Untracked 
| 163|0x000000008a300000, 0x000000008a300000, 0x000000008a400000|  0%| F|  |TAMS 0x000000008a300000| PB 0x000000008a300000| Untracked 
| 164|0x000000008a400000, 0x000000008a400000, 0x000000008a500000|  0%| F|  |TAMS 0x000000008a400000| PB 0x000000008a400000| Untracked 
| 165|0x000000008a500000, 0x000000008a500000, 0x000000008a600000|  0%| F|  |TAMS 0x000000008a500000| PB 0x000000008a500000| Untracked 
| 166|0x000000008a600000, 0x000000008a600000, 0x000000008a700000|  0%| F|  |TAMS 0x000000008a600000| PB 0x000000008a600000| Untracked 
| 167|0x000000008a700000, 0x000000008a700000, 0x000000008a800000|  0%| F|  |TAMS 0x000000008a700000| PB 0x000000008a700000| Untracked 
| 168|0x000000008a800000, 0x000000008a800000, 0x000000008a900000|  0%| F|  |TAMS 0x000000008a800000| PB 0x000000008a800000| Untracked 
| 169|0x000000008a900000, 0x000000008a900000, 0x000000008aa00000|  0%| F|  |TAMS 0x000000008a900000| PB 0x000000008a900000| Untracked 
| 170|0x000000008aa00000, 0x000000008aa00000, 0x000000008ab00000|  0%| F|  |TAMS 0x000000008aa00000| PB 0x000000008aa00000| Untracked 
| 171|0x000000008ab00000, 0x000000008ab00000, 0x000000008ac00000|  0%| F|  |TAMS 0x000000008ab00000| PB 0x000000008ab00000| Untracked 
| 172|0x000000008ac00000, 0x000000008ac00000, 0x000000008ad00000|  0%| F|  |TAMS 0x000000008ac00000| PB 0x000000008ac00000| Untracked 
| 173|0x000000008ad00000, 0x000000008ad00000, 0x000000008ae00000|  0%| F|  |TAMS 0x000000008ad00000| PB 0x000000008ad00000| Untracked 
| 174|0x000000008ae00000, 0x000000008ae00000, 0x000000008af00000|  0%| F|  |TAMS 0x000000008ae00000| PB 0x000000008ae00000| Untracked 
| 175|0x000000008af00000, 0x000000008af00000, 0x000000008b000000|  0%| F|  |TAMS 0x000000008af00000| PB 0x000000008af00000| Untracked 
| 176|0x000000008b000000, 0x000000008b000000, 0x000000008b100000|  0%| F|  |TAMS 0x000000008b000000| PB 0x000000008b000000| Untracked 
| 177|0x000000008b100000, 0x000000008b100000, 0x000000008b200000|  0%| F|  |TAMS 0x000000008b100000| PB 0x000000008b100000| Untracked 
| 178|0x000000008b200000, 0x000000008b200000, 0x000000008b300000|  0%| F|  |TAMS 0x000000008b200000| PB 0x000000008b200000| Untracked 
| 179|0x000000008b300000, 0x000000008b300000, 0x000000008b400000|  0%| F|  |TAMS 0x000000008b300000| PB 0x000000008b300000| Untracked 
| 180|0x000000008b400000, 0x000000008b400000, 0x000000008b500000|  0%| F|  |TAMS 0x000000008b400000| PB 0x000000008b400000| Untracked 
| 181|0x000000008b500000, 0x000000008b500000, 0x000000008b600000|  0%| F|  |TAMS 0x000000008b500000| PB 0x000000008b500000| Untracked 
|2035|0x00000000ff300000, 0x00000000ff400000, 0x00000000ff400000|100%| O|  |TAMS 0x00000000ff400000| PB 0x00000000ff300000| Untracked 
|2036|0x00000000ff400000, 0x00000000ff400000, 0x00000000ff500000|  0%| F|  |TAMS 0x00000000ff400000| PB 0x00000000ff400000| Untracked 
|2037|0x00000000ff500000, 0x00000000ff600000, 0x00000000ff600000|100%| O|  |TAMS 0x00000000ff600000| PB 0x00000000ff500000| Untracked 
|2038|0x00000000ff600000, 0x00000000ff700000, 0x00000000ff700000|100%| O|  |TAMS 0x00000000ff700000| PB 0x00000000ff600000| Untracked 
|2039|0x00000000ff700000, 0x00000000ff800000, 0x00000000ff800000|100%| O|  |TAMS 0x00000000ff800000| PB 0x00000000ff700000| Untracked 
|2040|0x00000000ff800000, 0x00000000ff900000, 0x00000000ff900000|100%| O|  |TAMS 0x00000000ff900000| PB 0x00000000ff800000| Untracked 
|2041|0x00000000ff900000, 0x00000000ffa00000, 0x00000000ffa00000|100%| O|  |TAMS 0x00000000ffa00000| PB 0x00000000ff900000| Untracked 
|2042|0x00000000ffa00000, 0x00000000ffb00000, 0x00000000ffb00000|100%| O|  |TAMS 0x00000000ffb00000| PB 0x00000000ffa00000| Untracked 
|2043|0x00000000ffb00000, 0x00000000ffc00000, 0x00000000ffc00000|100%| O|  |TAMS 0x00000000ffc00000| PB 0x00000000ffb00000| Untracked 
|2044|0x00000000ffc00000, 0x00000000ffd00000, 0x00000000ffd00000|100%| O|  |TAMS 0x00000000ffd00000| PB 0x00000000ffc00000| Untracked 
|2045|0x00000000ffd00000, 0x00000000ffe00000, 0x00000000ffe00000|100%| O|  |TAMS 0x00000000ffe00000| PB 0x00000000ffd00000| Untracked 
|2046|0x00000000ffe00000, 0x00000000fff00000, 0x00000000fff00000|100%| O|  |TAMS 0x00000000fff00000| PB 0x00000000ffe00000| Untracked 
|2047|0x00000000fff00000, 0x0000000100000000, 0x0000000100000000|100%| O|  |TAMS 0x0000000100000000| PB 0x00000000fff00000| Untracked 

Card table byte_map: [0x0000029853460000,0x0000029853860000] _byte_map_base: 0x0000029853060000

Marking Bits: (CMBitMap*) 0x00000298406dce90
 Bits: [0x0000029853860000, 0x0000029855860000)

Polling page: 0x000002983e4b0000

Metaspace:

Usage:
  Non-class:     99.08 MB used.
      Class:     16.38 MB used.
       Both:    115.46 MB used.

Virtual space:
  Non-class space:      128.00 MB reserved,     100.25 MB ( 78%) committed,  2 nodes.
      Class space:        1.00 GB reserved,      17.50 MB (  2%) committed,  1 nodes.
             Both:        1.12 GB reserved,     117.75 MB ( 10%) committed. 

Chunk freelists:
   Non-Class:  11.16 MB
       Class:  14.54 MB
        Both:  25.69 MB

MaxMetaspaceSize: unlimited
CompressedClassSpaceSize: 1.00 GB
Initial GC threshold: 21.00 MB
Current GC threshold: 196.06 MB
CDS: off
 - commit_granule_bytes: 65536.
 - commit_granule_words: 8192.
 - virtual_space_node_default_size: 8388608.
 - enlarge_chunks_in_place: 1.
 - use_allocation_guard: 0.


Internal statistics:

num_allocs_failed_limit: 12.
num_arena_births: 4668.
num_arena_deaths: 0.
num_vsnodes_births: 3.
num_vsnodes_deaths: 0.
num_space_committed: 1884.
num_space_uncommitted: 0.
num_chunks_returned_to_freelist: 12.
num_chunks_taken_from_freelist: 10012.
num_chunk_merges: 9.
num_chunk_splits: 6395.
num_chunks_enlarged: 3853.
num_inconsistent_stats: 0.

CodeHeap 'non-profiled nmethods': size=119168Kb used=8144Kb max_used=8330Kb free=111023Kb
 bounds [0x000002984b380000, 0x000002984bbc0000, 0x00000298527e0000]
CodeHeap 'profiled nmethods': size=119104Kb used=23926Kb max_used=24402Kb free=95177Kb
 bounds [0x00000298437e0000, 0x0000029844fc0000, 0x000002984ac30000]
CodeHeap 'non-nmethods': size=7488Kb used=3158Kb max_used=3768Kb free=4329Kb
 bounds [0x000002984ac30000, 0x000002984aff0000, 0x000002984b380000]
CodeCache: size=245760Kb, used=35228Kb, max_used=36500Kb, free=210529Kb
 total_blobs=13570, nmethods=12655, adapters=817, full_count=0
Compilation: enabled, stopped_count=0, restarted_count=0

Compilation events (20 events):
Event: 34.942 Thread 0x000002985fb7ecc0 15386       3       org.gradle.internal.snapshot.RelativePathTrackingFileSystemSnapshotHierarchyVisitor::leaveDirectory (1 bytes)
Event: 34.942 Thread 0x0000029858a85890 nmethod 15383 0x0000029844218490 code [0x0000029844218640, 0x0000029844218860]
Event: 34.942 Thread 0x0000029858a85890 15387       3       org.gradle.internal.fingerprint.DirectorySensitivity::shouldFingerprint (11 bytes)
Event: 34.942 Thread 0x000002985fb7ecc0 nmethod 15386 0x00000298445e0e10 code [0x00000298445e0fa0, 0x00000298445e10a8]
Event: 34.942 Thread 0x000002985fb7ecc0 15381       3       com.google.common.collect.Iterators::emptyIterator (4 bytes)
Event: 34.942 Thread 0x0000029858a85890 nmethod 15387 0x000002984424b890 code [0x000002984424ba40, 0x000002984424bc10]
Event: 34.942 Thread 0x000002985fb7ecc0 nmethod 15381 0x00000298442c6f10 code [0x00000298442c70c0, 0x00000298442c7210]
Event: 34.944 Thread 0x000002985fb7d850 nmethod 15382 0x0000029844e20990 code [0x0000029844e20d40, 0x0000029844e228f0]
Event: 34.944 Thread 0x000002985fb7d850 15388       1       org.gradle.api.internal.tasks.properties.DefaultInputFilePropertySpec::getBehavior (5 bytes)
Event: 34.944 Thread 0x000002985fb7ecc0 15389       1       org.gradle.api.internal.tasks.properties.AbstractFilePropertySpec::getNormalizer (5 bytes)
Event: 34.944 Thread 0x0000029858a85890 15390       1       org.gradle.api.internal.tasks.properties.DefaultInputFilePropertySpec::getDirectorySensitivity (5 bytes)
Event: 34.945 Thread 0x000002985fb7ecc0 nmethod 15389 0x000002984b87d710 code [0x000002984b87d8a0, 0x000002984b87d968]
Event: 34.945 Thread 0x000002985fb7d850 nmethod 15388 0x000002984b5b9c10 code [0x000002984b5b9da0, 0x000002984b5b9e68]
Event: 34.945 Thread 0x000002985fb7d850 15391       1       org.gradle.api.internal.tasks.properties.DefaultInputFilePropertySpec::getLineEndingNormalization (5 bytes)
Event: 34.945 Thread 0x0000029858a85890 nmethod 15390 0x000002984b5b9910 code [0x000002984b5b9aa0, 0x000002984b5b9b68]
Event: 34.945 Thread 0x000002985fb7d850 nmethod 15391 0x000002984b5b9590 code [0x000002984b5b9720, 0x000002984b5b97e8]
Event: 34.946 Thread 0x000002985fb7d850 15392       1       org.gradle.internal.execution.history.impl.AbstractInputExecutionState::getInputFileProperties (5 bytes)
Event: 34.947 Thread 0x000002985fb7d850 nmethod 15392 0x000002984b828e90 code [0x000002984b829020, 0x000002984b8290e8]
Event: 34.950 Thread 0x000002985fb7d850 15393       3       org.gradle.api.services.internal.RegisteredBuildServiceProvider::calculateOwnValue (8 bytes)
Event: 34.950 Thread 0x000002985fb7d850 nmethod 15393 0x0000029843d46210 code [0x0000029843d46400, 0x0000029843d46858]

GC Heap History (20 events):
Event: 30.594 GC heap after
{Heap after GC invocations=49 (full 0):
 garbage-first heap   total 188416K, used 112029K [0x0000000080000000, 0x0000000100000000)
  region size 1024K, 3 young (3072K), 3 survivors (3072K)
 Metaspace       used 113937K, committed 116224K, reserved 1179648K
  class space    used 16231K, committed 17344K, reserved 1048576K
}
Event: 31.507 GC heap before
{Heap before GC invocations=49 (full 0):
 garbage-first heap   total 188416K, used 177565K [0x0000000080000000, 0x0000000100000000)
  region size 1024K, 67 young (68608K), 3 survivors (3072K)
 Metaspace       used 114271K, committed 116608K, reserved 1179648K
  class space    used 16278K, committed 17408K, reserved 1048576K
}
Event: 31.515 GC heap after
{Heap after GC invocations=50 (full 0):
 garbage-first heap   total 188416K, used 113137K [0x0000000080000000, 0x0000000100000000)
  region size 1024K, 4 young (4096K), 4 survivors (4096K)
 Metaspace       used 114271K, committed 116608K, reserved 1179648K
  class space    used 16278K, committed 17408K, reserved 1048576K
}
Event: 32.290 GC heap before
{Heap before GC invocations=51 (full 0):
 garbage-first heap   total 189440K, used 177649K [0x0000000080000000, 0x0000000100000000)
  region size 1024K, 67 young (68608K), 4 survivors (4096K)
 Metaspace       used 114340K, committed 116736K, reserved 1179648K
  class space    used 16284K, committed 17408K, reserved 1048576K
}
Event: 32.296 GC heap after
{Heap after GC invocations=52 (full 0):
 garbage-first heap   total 189440K, used 113748K [0x0000000080000000, 0x0000000100000000)
  region size 1024K, 5 young (5120K), 5 survivors (5120K)
 Metaspace       used 114340K, committed 116736K, reserved 1179648K
  class space    used 16284K, committed 17408K, reserved 1048576K
}
Event: 32.837 GC heap before
{Heap before GC invocations=52 (full 0):
 garbage-first heap   total 189440K, used 177236K [0x0000000080000000, 0x0000000100000000)
  region size 1024K, 68 young (69632K), 5 survivors (5120K)
 Metaspace       used 115429K, committed 117760K, reserved 1179648K
  class space    used 16432K, committed 17536K, reserved 1048576K
}
Event: 32.842 GC heap after
{Heap after GC invocations=53 (full 0):
 garbage-first heap   total 189440K, used 114650K [0x0000000080000000, 0x0000000100000000)
  region size 1024K, 6 young (6144K), 6 survivors (6144K)
 Metaspace       used 115429K, committed 117760K, reserved 1179648K
  class space    used 16432K, committed 17536K, reserved 1048576K
}
Event: 33.849 GC heap before
{Heap before GC invocations=53 (full 0):
 garbage-first heap   total 189440K, used 177114K [0x0000000080000000, 0x0000000100000000)
  region size 1024K, 68 young (69632K), 6 survivors (6144K)
 Metaspace       used 117994K, committed 120384K, reserved 1179648K
  class space    used 16742K, committed 17920K, reserved 1048576K
}
Event: 33.857 GC heap after
{Heap after GC invocations=54 (full 0):
 garbage-first heap   total 189440K, used 117467K [0x0000000080000000, 0x0000000100000000)
  region size 1024K, 8 young (8192K), 8 survivors (8192K)
 Metaspace       used 117994K, committed 120384K, reserved 1179648K
  class space    used 16742K, committed 17920K, reserved 1048576K
}
Event: 34.038 GC heap before
{Heap before GC invocations=55 (full 0):
 garbage-first heap   total 196608K, used 176859K [0x0000000080000000, 0x0000000100000000)
  region size 1024K, 67 young (68608K), 8 survivors (8192K)
 Metaspace       used 118021K, committed 120448K, reserved 1179648K
  class space    used 16742K, committed 17920K, reserved 1048576K
}
Event: 34.047 GC heap after
{Heap after GC invocations=56 (full 0):
 garbage-first heap   total 196608K, used 118212K [0x0000000080000000, 0x0000000100000000)
  region size 1024K, 6 young (6144K), 6 survivors (6144K)
 Metaspace       used 118021K, committed 120448K, reserved 1179648K
  class space    used 16742K, committed 17920K, reserved 1048576K
}
Event: 34.176 GC heap before
{Heap before GC invocations=56 (full 0):
 garbage-first heap   total 196608K, used 183748K [0x0000000080000000, 0x0000000100000000)
  region size 1024K, 71 young (72704K), 6 survivors (6144K)
 Metaspace       used 118021K, committed 120448K, reserved 1179648K
  class space    used 16742K, committed 17920K, reserved 1048576K
}
Event: 34.184 GC heap after
{Heap after GC invocations=57 (full 0):
 garbage-first heap   total 196608K, used 118209K [0x0000000080000000, 0x0000000100000000)
  region size 1024K, 6 young (6144K), 6 survivors (6144K)
 Metaspace       used 118021K, committed 120448K, reserved 1179648K
  class space    used 16742K, committed 17920K, reserved 1048576K
}
Event: 34.477 GC heap before
{Heap before GC invocations=57 (full 0):
 garbage-first heap   total 196608K, used 183745K [0x0000000080000000, 0x0000000100000000)
  region size 1024K, 70 young (71680K), 6 survivors (6144K)
 Metaspace       used 118024K, committed 120448K, reserved 1179648K
  class space    used 16742K, committed 17920K, reserved 1048576K
}
Event: 34.485 GC heap after
{Heap after GC invocations=58 (full 0):
 garbage-first heap   total 196608K, used 118438K [0x0000000080000000, 0x0000000100000000)
  region size 1024K, 5 young (5120K), 5 survivors (5120K)
 Metaspace       used 118024K, committed 120448K, reserved 1179648K
  class space    used 16742K, committed 17920K, reserved 1048576K
}
Event: 34.729 GC heap before
{Heap before GC invocations=59 (full 0):
 garbage-first heap   total 199680K, used 182950K [0x0000000080000000, 0x0000000100000000)
  region size 1024K, 69 young (70656K), 5 survivors (5120K)
 Metaspace       used 118102K, committed 120448K, reserved 1179648K
  class space    used 16753K, committed 17920K, reserved 1048576K
}
Event: 34.734 GC heap after
{Heap after GC invocations=60 (full 0):
 garbage-first heap   total 199680K, used 119228K [0x0000000080000000, 0x0000000100000000)
  region size 1024K, 5 young (5120K), 5 survivors (5120K)
 Metaspace       used 118102K, committed 120448K, reserved 1179648K
  class space    used 16753K, committed 17920K, reserved 1048576K
}
Event: 34.878 GC heap before
{Heap before GC invocations=60 (full 0):
 garbage-first heap   total 199680K, used 186812K [0x0000000080000000, 0x0000000100000000)
  region size 1024K, 72 young (73728K), 5 survivors (5120K)
 Metaspace       used 118142K, committed 120512K, reserved 1179648K
  class space    used 16762K, committed 17920K, reserved 1048576K
}
Event: 34.885 GC heap after
{Heap after GC invocations=61 (full 0):
 garbage-first heap   total 199680K, used 119154K [0x0000000080000000, 0x0000000100000000)
  region size 1024K, 5 young (5120K), 5 survivors (5120K)
 Metaspace       used 118142K, committed 120512K, reserved 1179648K
  class space    used 16762K, committed 17920K, reserved 1048576K
}
Event: 34.964 GC heap before
{Heap before GC invocations=61 (full 0):
 garbage-first heap   total 199680K, used 158066K [0x0000000080000000, 0x0000000100000000)
  region size 1024K, 45 young (46080K), 5 survivors (5120K)
 Metaspace       used 118228K, committed 120576K, reserved 1179648K
  class space    used 16770K, committed 17920K, reserved 1048576K
}

Dll operation events (3 events):
Event: 0.014 Loaded shared library C:\Program Files\Android\Android Studio\jbr\bin\java.dll
Event: 0.020 Loaded shared library C:\Program Files\Android\Android Studio\jbr\bin\zip.dll
Event: 1.100 Loaded shared library C:\Program Files\Android\Android Studio\jbr\bin\verify.dll

Deoptimization events (20 events):
Event: 33.807 Thread 0x0000029863e1b280 DEOPT PACKING pc=0x0000029844f7e4e6 sp=0x000000ff356fd180
Event: 33.807 Thread 0x0000029863e1b280 DEOPT UNPACKING pc=0x000002984ac84b42 sp=0x000000ff356fc6c8 mode 0
Event: 33.811 Thread 0x0000029863e20140 DEOPT PACKING pc=0x0000029844f7e4e6 sp=0x000000ff360fcaa0
Event: 33.811 Thread 0x0000029863e20140 DEOPT UNPACKING pc=0x000002984ac84b42 sp=0x000000ff360fbfe8 mode 0
Event: 33.818 Thread 0x000002985f50a480 DEOPT PACKING pc=0x0000029843ac88d1 sp=0x000000ff299fe810
Event: 33.818 Thread 0x000002985f50a480 DEOPT UNPACKING pc=0x000002984ac84b42 sp=0x000000ff299fdd50 mode 0
Event: 33.921 Thread 0x0000029863f70200 Uncommon trap: trap_request=0xffffffc6 fr.pc=0x000002984b7a0f30 relative=0x0000000000000110
Event: 33.921 Thread 0x0000029863f70200 Uncommon trap: reason=bimorphic_or_optimized_type_check action=maybe_recompile pc=0x000002984b7a0f30 method=com.google.common.collect.RegularImmutableMap.checkNoConflictInKeyBucket(Ljava/lang/Object;Ljava/lang/Object;Lcom/google/common/collect/ImmutableMa
Event: 33.921 Thread 0x0000029863f70200 DEOPT PACKING pc=0x000002984b7a0f30 sp=0x000000ff313fcfd0
Event: 33.921 Thread 0x0000029863f70200 DEOPT UNPACKING pc=0x000002984ac843a2 sp=0x000000ff313fcf88 mode 2
Event: 34.572 Thread 0x0000029863f70200 Uncommon trap: trap_request=0xffffffc6 fr.pc=0x000002984b5f7640 relative=0x0000000000000260
Event: 34.572 Thread 0x0000029863f70200 Uncommon trap: reason=bimorphic_or_optimized_type_check action=maybe_recompile pc=0x000002984b5f7640 method=java.util.Spliterators$IteratorSpliterator.tryAdvance(Ljava/util/function/Consumer;)Z @ 50 c2
Event: 34.572 Thread 0x0000029863f70200 DEOPT PACKING pc=0x000002984b5f7640 sp=0x000000ff313fe350
Event: 34.572 Thread 0x0000029863f70200 DEOPT UNPACKING pc=0x000002984ac843a2 sp=0x000000ff313fe2f0 mode 2
Event: 34.708 Thread 0x000002985f9e1960 DEOPT PACKING pc=0x00000298446e3a64 sp=0x000000ff2befc130
Event: 34.708 Thread 0x000002985f9e1960 DEOPT UNPACKING pc=0x000002984ac84b42 sp=0x000000ff2befb668 mode 0
Event: 34.764 Thread 0x000002986366c100 Uncommon trap: trap_request=0xffffffde fr.pc=0x000002984b5aac94 relative=0x0000000000000854
Event: 34.764 Thread 0x000002986366c100 Uncommon trap: reason=class_check action=maybe_recompile pc=0x000002984b5aac94 method=java.lang.ThreadLocal.setInitialValue(Ljava/lang/Thread;)Ljava/lang/Object; @ 27 c2
Event: 34.764 Thread 0x000002986366c100 DEOPT PACKING pc=0x000002984b5aac94 sp=0x000000ff370fe7f0
Event: 34.764 Thread 0x000002986366c100 DEOPT UNPACKING pc=0x000002984ac843a2 sp=0x000000ff370fe7c0 mode 2

Classes loaded (20 events):
Event: 33.497 Loading class java/rmi/server/RMIClientSocketFactory
Event: 33.497 Loading class java/rmi/server/RMIClientSocketFactory done
Event: 33.565 Loading class java/lang/IllegalThreadStateException
Event: 33.565 Loading class java/lang/IllegalThreadStateException done
Event: 33.661 Loading class java/lang/ProcessImpl
Event: 33.663 Loading class java/lang/ProcessImpl done
Event: 34.698 Loading class java/lang/ProcessHandleImpl
Event: 34.700 Loading class java/lang/ProcessHandleImpl done
Event: 34.702 Loading class java/lang/ProcessImpl$2
Event: 34.702 Loading class java/lang/ProcessImpl$2 done
Event: 34.703 Loading class java/lang/Process$PipeInputStream
Event: 34.703 Loading class java/lang/Process$PipeInputStream done
Event: 34.711 Loading class java/lang/ProcessBuilder$NullInputStream
Event: 34.711 Loading class java/lang/ProcessBuilder$NullInputStream done
Event: 34.712 Loading class jdk/internal/event/ProcessStartEvent
Event: 34.716 Loading class jdk/internal/event/ProcessStartEvent done
Event: 34.718 Loading class java/util/concurrent/Semaphore$NonfairSync
Event: 34.720 Loading class java/util/concurrent/Semaphore$Sync
Event: 34.720 Loading class java/util/concurrent/Semaphore$Sync done
Event: 34.720 Loading class java/util/concurrent/Semaphore$NonfairSync done

Classes unloaded (0 events):
No events

Classes redefined (0 events):
No events

Internal exceptions (20 events):
Event: 34.903 Thread 0x000002985f9e1960 Exception <a 'sun/nio/fs/WindowsException'{0x000000008a560198}> (0x000000008a560198) 
thrown [s\src\hotspot\share\prims\jni.cpp, line 537]
Event: 34.908 Thread 0x0000029860630320 Exception <a 'sun/nio/fs/WindowsException'{0x000000008a2c6e60}> (0x000000008a2c6e60) 
thrown [s\src\hotspot\share\prims\jni.cpp, line 537]
Event: 34.911 Thread 0x000002985e8da620 Exception <a 'sun/nio/fs/WindowsException'{0x0000000089fbb2c0}> (0x0000000089fbb2c0) 
thrown [s\src\hotspot\share\prims\jni.cpp, line 537]
Event: 34.911 Thread 0x0000029860631d60 Exception <a 'sun/nio/fs/WindowsException'{0x0000000089e5f5c8}> (0x0000000089e5f5c8) 
thrown [s\src\hotspot\share\prims\jni.cpp, line 537]
Event: 34.913 Thread 0x000002985f9e05b0 Exception <a 'sun/nio/fs/WindowsException'{0x0000000089cc4950}> (0x0000000089cc4950) 
thrown [s\src\hotspot\share\prims\jni.cpp, line 537]
Event: 34.914 Thread 0x000002985f9dff20 Exception <a 'sun/nio/fs/WindowsException'{0x0000000089a0eb58}> (0x0000000089a0eb58) 
thrown [s\src\hotspot\share\prims\jni.cpp, line 537]
Event: 34.915 Thread 0x000002985e8db340 Exception <a 'sun/nio/fs/WindowsException'{0x000000008994ab10}> (0x000000008994ab10) 
thrown [s\src\hotspot\share\prims\jni.cpp, line 537]
Event: 34.918 Thread 0x000002985e8d7ec0 Exception <a 'sun/nio/fs/WindowsException'{0x00000000898975a8}> (0x00000000898975a8) 
thrown [s\src\hotspot\share\prims\jni.cpp, line 537]
Event: 34.920 Thread 0x000002985e8d9270 Exception <a 'sun/nio/fs/WindowsException'{0x0000000089744d68}> (0x0000000089744d68) 
thrown [s\src\hotspot\share\prims\jni.cpp, line 537]
Event: 34.923 Thread 0x000002985f9df200 Exception <a 'sun/nio/fs/WindowsException'{0x000000008957b570}> (0x000000008957b570) 
thrown [s\src\hotspot\share\prims\jni.cpp, line 537]
Event: 34.926 Thread 0x000002985f9e2680 Exception <a 'sun/nio/fs/WindowsException'{0x00000000894e3468}> (0x00000000894e3468) 
thrown [s\src\hotspot\share\prims\jni.cpp, line 537]
Event: 34.929 Thread 0x000002985f9e1ff0 Exception <a 'sun/nio/fs/WindowsException'{0x00000000892cd6a0}> (0x00000000892cd6a0) 
thrown [s\src\hotspot\share\prims\jni.cpp, line 537]
Event: 34.945 Thread 0x0000029863f70200 Exception <a 'sun/nio/fs/WindowsException'{0x000000008900a0e0}> (0x000000008900a0e0) 
thrown [s\src\hotspot\share\prims\jni.cpp, line 537]
Event: 34.948 Thread 0x0000029863f70200 Exception <a 'sun/nio/fs/WindowsException'{0x00000000890116c0}> (0x00000000890116c0) 
thrown [s\src\hotspot\share\prims\jni.cpp, line 537]
Event: 34.948 Thread 0x0000029863f70200 Exception <a 'sun/nio/fs/WindowsException'{0x0000000089013038}> (0x0000000089013038) 
thrown [s\src\hotspot\share\prims\jni.cpp, line 537]
Event: 34.948 Thread 0x0000029863f70200 Exception <a 'sun/nio/fs/WindowsException'{0x0000000089016de8}> (0x0000000089016de8) 
thrown [s\src\hotspot\share\prims\jni.cpp, line 537]
Event: 34.954 Thread 0x0000029863f70200 Exception <a 'sun/nio/fs/WindowsException'{0x000000008905c340}> (0x000000008905c340) 
thrown [s\src\hotspot\share\prims\jni.cpp, line 537]
Event: 34.957 Thread 0x0000029863f70200 Exception <a 'sun/nio/fs/WindowsException'{0x000000008907dce0}> (0x000000008907dce0) 
thrown [s\src\hotspot\share\prims\jni.cpp, line 537]
Event: 34.959 Thread 0x0000029863f70200 Exception <a 'sun/nio/fs/WindowsException'{0x0000000089088eb8}> (0x0000000089088eb8) 
thrown [s\src\hotspot\share\prims\jni.cpp, line 537]
Event: 34.962 Thread 0x0000029863f70200 Exception <a 'sun/nio/fs/WindowsException'{0x00000000890be3d8}> (0x00000000890be3d8) 
thrown [s\src\hotspot\share\prims\jni.cpp, line 537]

ZGC Phase Switch (0 events):
No events

VM Operations (20 events):
Event: 34.047 Executing safepoint VM operation: G1CollectForAllocation (G1 Evacuation Pause) done
Event: 34.176 Executing safepoint VM operation: G1CollectForAllocation (G1 Evacuation Pause)
Event: 34.184 Executing safepoint VM operation: G1CollectForAllocation (G1 Evacuation Pause) done
Event: 34.477 Executing safepoint VM operation: G1CollectForAllocation (G1 Evacuation Pause)
Event: 34.485 Executing safepoint VM operation: G1CollectForAllocation (G1 Evacuation Pause) done
Event: 34.594 Executing safepoint VM operation: G1PauseRemark
Event: 34.604 Executing safepoint VM operation: G1PauseRemark done
Event: 34.648 Executing safepoint VM operation: G1PauseCleanup
Event: 34.649 Executing safepoint VM operation: G1PauseCleanup done
Event: 34.709 Executing non-safepoint VM operation: HandshakeAllThreads (Deoptimize)
Event: 34.711 Executing non-safepoint VM operation: HandshakeAllThreads (Deoptimize) done
Event: 34.729 Executing safepoint VM operation: G1CollectForAllocation (G1 Evacuation Pause)
Event: 34.735 Executing safepoint VM operation: G1CollectForAllocation (G1 Evacuation Pause) done
Event: 34.743 Executing non-safepoint VM operation: HandshakeAllThreads (Deoptimize)
Event: 34.744 Executing non-safepoint VM operation: HandshakeAllThreads (Deoptimize) done
Event: 34.748 Executing non-safepoint VM operation: HandshakeAllThreads (Deoptimize)
Event: 34.749 Executing non-safepoint VM operation: HandshakeAllThreads (Deoptimize) done
Event: 34.878 Executing safepoint VM operation: G1CollectForAllocation (G1 Evacuation Pause)
Event: 34.886 Executing safepoint VM operation: G1CollectForAllocation (G1 Evacuation Pause) done
Event: 34.964 Executing safepoint VM operation: G1TryInitiateConcMark (G1 Humongous Allocation)

Memory protections (0 events):
No events

Nmethod flushes (20 events):
Event: 34.600 Thread 0x0000029858991540 flushing  nmethod 0x000002984490c710
Event: 34.600 Thread 0x0000029858991540 flushing  nmethod 0x000002984490ce10
Event: 34.600 Thread 0x0000029858991540 flushing  nmethod 0x000002984b6fb590
Event: 34.600 Thread 0x0000029858991540 flushing  nmethod 0x000002984ba1bc90
Event: 34.600 Thread 0x0000029858991540 flushing  nmethod 0x0000029843d7b810
Event: 34.600 Thread 0x0000029858991540 flushing  nmethod 0x0000029843f10f90
Event: 34.600 Thread 0x0000029858991540 flushing  nmethod 0x00000298441da290
Event: 34.600 Thread 0x0000029858991540 flushing  nmethod 0x000002984454bf90
Event: 34.600 Thread 0x0000029858991540 flushing  nmethod 0x000002984491c790
Event: 34.600 Thread 0x0000029858991540 flushing  nmethod 0x000002984b449810
Event: 34.600 Thread 0x0000029858991540 flushing  nmethod 0x000002984b44b690
Event: 34.600 Thread 0x0000029858991540 flushing  nmethod 0x000002984b973c10
Event: 34.600 Thread 0x0000029858991540 flushing  nmethod 0x0000029843ac7890
Event: 34.600 Thread 0x0000029858991540 flushing  nmethod 0x0000029843e77a10
Event: 34.600 Thread 0x0000029858991540 flushing  nmethod 0x000002984445c190
Event: 34.600 Thread 0x0000029858991540 flushing  nmethod 0x000002984b828510
Event: 34.600 Thread 0x0000029858991540 flushing  nmethod 0x0000029843b8c490
Event: 34.600 Thread 0x0000029858991540 flushing  nmethod 0x0000029843cf3110
Event: 34.600 Thread 0x0000029858991540 flushing  nmethod 0x0000029843dae790
Event: 34.600 Thread 0x0000029858991540 flushing  nmethod 0x000002984492db90

Events (20 events):
Event: 33.382 Thread 0x0000029863f70200 Thread added: 0x0000029863e1c630
Event: 33.385 Thread 0x0000029863f70200 Thread added: 0x0000029863e18490
Event: 33.387 Thread 0x0000029863f70200 Thread added: 0x0000029863e1ccc0
Event: 33.389 Thread 0x0000029863f70200 Thread added: 0x0000029863e20140
Event: 33.392 Thread 0x0000029863f70200 Thread added: 0x0000029863e19840
Event: 33.394 Thread 0x0000029863f70200 Thread added: 0x0000029863e1e070
Event: 33.396 Thread 0x0000029863f70200 Thread added: 0x0000029863e1e700
Event: 33.400 Thread 0x0000029863f70200 Thread added: 0x0000029863e1f420
Event: 33.952 Thread 0x0000029863f70200 Thread added: 0x0000029863e1ed90
Event: 33.953 Thread 0x0000029863f70200 Thread added: 0x0000029863e207d0
Event: 33.955 Thread 0x0000029863f70200 Thread added: 0x0000029863e1fab0
Event: 33.956 Thread 0x0000029863f70200 Thread added: 0x0000029863e1d350
Event: 33.957 Thread 0x0000029863f70200 Thread added: 0x0000029863e20e60
Event: 33.959 Thread 0x0000029863f70200 Thread added: 0x0000029863e1d9e0
Event: 33.963 Thread 0x0000029863f70200 Thread added: 0x0000029863e214f0
Event: 33.968 Thread 0x0000029863f70200 Thread added: 0x0000029863e228a0
Event: 33.969 Thread 0x0000029863f70200 Thread added: 0x0000029863e21b80
Event: 33.970 Thread 0x0000029863f70200 Thread added: 0x0000029863e22210
Event: 33.972 Thread 0x0000029863f70200 Thread added: 0x000002986993a140
Event: 34.764 Thread 0x0000029863e1a560 Thread added: 0x000002986366c100


Dynamic libraries:
0x00007ff6f5ac0000 - 0x00007ff6f5aca000 	C:\Program Files\Android\Android Studio\jbr\bin\java.exe
0x00007ffd8fde0000 - 0x00007ffd90047000 	C:\WINDOWS\SYSTEM32\ntdll.dll
0x00007ffd61fb0000 - 0x00007ffd61fd1000 	C:\Program Files\AVG\Antivirus\aswhook.dll
0x00007ffd8ed30000 - 0x00007ffd8edf9000 	C:\WINDOWS\System32\KERNEL32.DLL
0x00007ffd8d760000 - 0x00007ffd8db57000 	C:\WINDOWS\System32\KERNELBASE.dll
0x00007ffd8d370000 - 0x00007ffd8d4bb000 	C:\WINDOWS\System32\ucrtbase.dll
0x00007ffd02210000 - 0x00007ffd02228000 	C:\Program Files\Android\Android Studio\jbr\bin\jli.dll
0x00007ffd87e70000 - 0x00007ffd87e8b000 	C:\Program Files\Android\Android Studio\jbr\bin\VCRUNTIME140.dll
0x00007ffd8e850000 - 0x00007ffd8ea16000 	C:\WINDOWS\System32\USER32.dll
0x00007ffd8d340000 - 0x00007ffd8d367000 	C:\WINDOWS\System32\win32u.dll
0x00007ffd8eb90000 - 0x00007ffd8ebbb000 	C:\WINDOWS\System32\GDI32.dll
0x00007ffd8d570000 - 0x00007ffd8d69c000 	C:\WINDOWS\System32\gdi32full.dll
0x00007ffd728b0000 - 0x00007ffd72b42000 	C:\WINDOWS\WinSxS\amd64_microsoft.windows.common-controls_6595b64144ccf1df_6.0.26100.8457_none_3e0b2faee331e92d\COMCTL32.dll
0x00007ffd8d4c0000 - 0x00007ffd8d563000 	C:\WINDOWS\System32\msvcp_win.dll
0x00007ffd8ec80000 - 0x00007ffd8ed29000 	C:\WINDOWS\System32\msvcrt.dll
0x00007ffd8f540000 - 0x00007ffd8f572000 	C:\WINDOWS\System32\IMM32.DLL
0x00007ffd79dc0000 - 0x00007ffd79dcc000 	C:\Program Files\Android\Android Studio\jbr\bin\vcruntime140_1.dll
0x00007ffd03720000 - 0x00007ffd037ad000 	C:\Program Files\Android\Android Studio\jbr\bin\msvcp140.dll
0x00007ffce50e0000 - 0x00007ffce5d76000 	C:\Program Files\Android\Android Studio\jbr\bin\server\jvm.dll
0x00007ffd8ebc0000 - 0x00007ffd8ec76000 	C:\WINDOWS\System32\ADVAPI32.dll
0x00007ffd8ea20000 - 0x00007ffd8eac7000 	C:\WINDOWS\System32\sechost.dll
0x00007ffd8f070000 - 0x00007ffd8f188000 	C:\WINDOWS\System32\RPCRT4.dll
0x00007ffd8fc90000 - 0x00007ffd8fd10000 	C:\WINDOWS\System32\WS2_32.dll
0x00007ffd8c670000 - 0x00007ffd8c6ce000 	C:\WINDOWS\SYSTEM32\POWRPROF.dll
0x00007ffd865c0000 - 0x00007ffd865cb000 	C:\WINDOWS\SYSTEM32\VERSION.dll
0x00007ffd86580000 - 0x00007ffd865b6000 	C:\WINDOWS\SYSTEM32\WINMM.dll
0x00007ffd8c650000 - 0x00007ffd8c664000 	C:\WINDOWS\SYSTEM32\UMPDC.dll
0x00007ffd8b560000 - 0x00007ffd8b57b000 	C:\WINDOWS\SYSTEM32\kernel.appcore.dll
0x00007ffd79db0000 - 0x00007ffd79dba000 	C:\Program Files\Android\Android Studio\jbr\bin\jimage.dll
0x00007ffd807a0000 - 0x00007ffd809e2000 	C:\WINDOWS\SYSTEM32\DBGHELP.DLL
0x00007ffd8db60000 - 0x00007ffd8dee3000 	C:\WINDOWS\System32\combase.dll
0x00007ffd8f580000 - 0x00007ffd8f659000 	C:\WINDOWS\System32\OLEAUT32.dll
0x00007ffd7f720000 - 0x00007ffd7f75b000 	C:\WINDOWS\SYSTEM32\dbgcore.DLL
0x00007ffd8c8a0000 - 0x00007ffd8c948000 	C:\WINDOWS\System32\bcryptPrimitives.dll
0x00007ffd44770000 - 0x00007ffd4477e000 	C:\Program Files\Android\Android Studio\jbr\bin\instrument.dll
0x00007ffd74c60000 - 0x00007ffd74c80000 	C:\Program Files\Android\Android Studio\jbr\bin\java.dll
0x00007ffd74b60000 - 0x00007ffd74b78000 	C:\Program Files\Android\Android Studio\jbr\bin\zip.dll
0x00007ffd8def0000 - 0x00007ffd8e65e000 	C:\WINDOWS\System32\SHELL32.dll
0x00007ffd8cad0000 - 0x00007ffd8d33c000 	C:\WINDOWS\System32\windows.storage.dll
0x00007ffd8e680000 - 0x00007ffd8e776000 	C:\WINDOWS\System32\SHCORE.dll
0x00007ffd8e7e0000 - 0x00007ffd8e846000 	C:\WINDOWS\System32\shlwapi.dll
0x00007ffd8c730000 - 0x00007ffd8c759000 	C:\WINDOWS\SYSTEM32\profapi.dll
0x00007ffd74b50000 - 0x00007ffd74b60000 	C:\Program Files\Android\Android Studio\jbr\bin\net.dll
0x00007ffd86aa0000 - 0x00007ffd86bc9000 	C:\WINDOWS\SYSTEM32\WINHTTP.dll
0x00007ffd8bab0000 - 0x00007ffd8bb1c000 	C:\WINDOWS\system32\mswsock.dll
0x00007ffd74b30000 - 0x00007ffd74b46000 	C:\Program Files\Android\Android Studio\jbr\bin\nio.dll
0x00007ffd52d20000 - 0x00007ffd52d30000 	C:\Program Files\Android\Android Studio\jbr\bin\verify.dll
0x00007ffd3d450000 - 0x00007ffd3d477000 	C:\Users\Windows 10\.gradle\native\660c5614fbf4a5f2a75b1949f50a0caf5cd603558e7d8a26e50b933a0cfb79d1\windows-amd64\native-platform.dll
0x00007ffd01930000 - 0x00007ffd019a7000 	C:\Users\Windows 10\.gradle\native\0.2.8\x86_64-windows-gnu\gradle-fileevents.dll
0x00007ffd56890000 - 0x00007ffd56899000 	C:\Program Files\Android\Android Studio\jbr\bin\management.dll
0x00007ffd52d40000 - 0x00007ffd52d4b000 	C:\Program Files\Android\Android Studio\jbr\bin\management_ext.dll
0x00007ffd8f1b0000 - 0x00007ffd8f1b8000 	C:\WINDOWS\System32\PSAPI.DLL
0x00007ffd8afa0000 - 0x00007ffd8afd2000 	C:\WINDOWS\SYSTEM32\IPHLPAPI.DLL
0x00007ffd8e670000 - 0x00007ffd8e67a000 	C:\WINDOWS\System32\NSI.dll
0x00007ffd74b20000 - 0x00007ffd74b29000 	C:\Program Files\Android\Android Studio\jbr\bin\extnet.dll
0x00007ffd8beb0000 - 0x00007ffd8becb000 	C:\WINDOWS\SYSTEM32\CRYPTSP.dll
0x00007ffd8b4c0000 - 0x00007ffd8b4f9000 	C:\WINDOWS\system32\rsaenh.dll
0x00007ffd8bb60000 - 0x00007ffd8bb93000 	C:\WINDOWS\SYSTEM32\USERENV.dll
0x00007ffd8c700000 - 0x00007ffd8c72a000 	C:\WINDOWS\SYSTEM32\bcrypt.dll
0x00007ffd8bd10000 - 0x00007ffd8bd1c000 	C:\WINDOWS\SYSTEM32\CRYPTBASE.dll
0x00007ffd8a100000 - 0x00007ffd8a108000 	C:\WINDOWS\system32\wshunix.dll

JVMTI agents:
C:\Users\Windows 10\.gradle\wrapper\dists\gradle-9.3.1-bin\23ovyewtku6u96viwx3xl3oks\gradle-9.3.1\lib\agents\gradle-instrumentation-agent-9.3.1.jar path:C:\Program Files\Android\Android Studio\jbr\bin\instrument.dll, loaded, initialized, instrumentlib options:none

dbghelp: loaded successfully - version: 4.0.5 - missing functions: none
symbol engine: initialized successfully - sym options: 0x614 - pdb path: .;C:\Program Files\Android\Android Studio\jbr\bin;C:\WINDOWS\SYSTEM32;C:\Program Files\AVG\Antivirus;C:\WINDOWS\WinSxS\amd64_microsoft.windows.common-controls_6595b64144ccf1df_6.0.26100.8457_none_3e0b2faee331e92d;C:\Program Files\Android\Android Studio\jbr\bin\server;C:\Users\Windows 10\.gradle\native\660c5614fbf4a5f2a75b1949f50a0caf5cd603558e7d8a26e50b933a0cfb79d1\windows-amd64;C:\Users\Windows 10\.gradle\native\0.2.8\x86_64-windows-gnu

VM Arguments:
jvm_args: --add-opens=java.base/java.lang=ALL-UNNAMED --add-opens=java.base/java.lang.invoke=ALL-UNNAMED --add-opens=java.base/java.util=ALL-UNNAMED --add-opens=java.prefs/java.util.prefs=ALL-UNNAMED --add-exports=jdk.compiler/com.sun.tools.javac.api=ALL-UNNAMED --add-exports=jdk.compiler/com.sun.tools.javac.util=ALL-UNNAMED --add-opens=java.base/java.util=ALL-UNNAMED --add-opens=java.prefs/java.util.prefs=ALL-UNNAMED --add-opens=java.base/java.nio.charset=ALL-UNNAMED --add-opens=java.base/java.net=ALL-UNNAMED --add-opens=java.base/java.util.concurrent=ALL-UNNAMED --add-opens=java.base/java.util.concurrent.atomic=ALL-UNNAMED --add-opens=java.xml/javax.xml.namespace=ALL-UNNAMED --add-opens=java.base/java.time=ALL-UNNAMED -Xmx2048m -Dfile.encoding=UTF-8 -Duser.country=ZA -Duser.language=en -Duser.variant -javaagent:C:\Users\Windows 10\.gradle\wrapper\dists\gradle-9.3.1-bin\23ovyewtku6u96viwx3xl3oks\gradle-9.3.1\lib\agents\gradle-instrumentation-agent-9.3.1.jar 
java_command: org.gradle.launcher.daemon.bootstrap.GradleDaemon 9.3.1
java_class_path (initial): C:\Users\Windows 10\.gradle\wrapper\dists\gradle-9.3.1-bin\23ovyewtku6u96viwx3xl3oks\gradle-9.3.1\lib\gradle-daemon-main-9.3.1.jar
Launcher Type: SUN_STANDARD

[Global flags]
     intx CICompilerCount                          = 12                                        {product} {ergonomic}
     uint ConcGCThreads                            = 3                                         {product} {ergonomic}
     uint G1ConcRefinementThreads                  = 13                                        {product} {ergonomic}
   size_t G1HeapRegionSize                         = 1048576                                   {product} {ergonomic}
    uintx GCDrainStackTargetSize                   = 64                                        {product} {ergonomic}
   size_t InitialHeapSize                          = 123731968                                 {product} {ergonomic}
   size_t MarkStackSize                            = 4194304                                   {product} {ergonomic}
   size_t MaxHeapSize                              = 2147483648                                {product} {command line}
   size_t MaxNewSize                               = 1287651328                                {product} {ergonomic}
   size_t MinHeapDeltaBytes                        = 1048576                                   {product} {ergonomic}
   size_t MinHeapSize                              = 8388608                                   {product} {ergonomic}
    uintx NonNMethodCodeHeapSize                   = 7602480                                {pd product} {ergonomic}
    uintx NonProfiledCodeHeapSize                  = 122027880                              {pd product} {ergonomic}
    uintx ProfiledCodeHeapSize                     = 122027880                              {pd product} {ergonomic}
    uintx ReservedCodeCacheSize                    = 251658240                              {pd product} {ergonomic}
     bool SegmentedCodeCache                       = true                                      {product} {ergonomic}
   size_t SoftMaxHeapSize                          = 2147483648                             {manageable} {ergonomic}
     bool UseCompressedOops                        = true                           {product lp64_product} {ergonomic}
     bool UseG1GC                                  = true                                      {product} {ergonomic}
     bool UseLargePagesIndividualAllocation        = false                                  {pd product} {ergonomic}

Logging:
Log output configuration:
 #0: stdout all=warning uptime,level,tags foldmultilines=false
 #1: stderr all=off uptime,level,tags foldmultilines=false

Release file:
JAVA_VERSION="21.0.10" 
MODULES="java.base java.compiler java.datatransfer java.xml java.prefs java.desktop java.instrument java.logging java.management java.security.sasl java.naming java.rmi java.management.rmi java.net.http java.scripting java.security.jgss java.transaction.xa java.sql java.sql.rowset java.xml.crypto java.se java.smartcardio jdk.accessibility jdk.internal.jvmstat jdk.attach jdk.charsets jdk.internal.opt jdk.zipfs jdk.compiler jdk.crypto.ec jdk.crypto.cryptoki jdk.dynalink jdk.hotspot.agent jdk.httpserver jdk.internal.ed jdk.internal.le jdk.internal.vm.ci jdk.jartool jdk.javadoc jdk.jcmd jdk.jdeps jdk.jdwp.agent jdk.jdi jdk.jfr jdk.jlink jdk.jsobject jdk.localedata jdk.management jdk.management.agent jdk.management.jfr jdk.naming.dns jdk.naming.rmi jdk.net jdk.sctp jdk.security.auth jdk.security.jgss jdk.unsupported jdk.unsupported.desktop jdk.xml.dom" 
IMPLEMENTOR="JetBrains s.r.o." 
JAVA_RUNTIME_VERSION="21.0.10+-14961533-b1163.108" 
LIBC="default" 
OS_ARCH="x86_64" 
OS_NAME="Windows" 
SOURCE=".:git:1351622c2ff2" 

Environment Variables:
PATH=C:\app\dbhomeXE\bin;C:\Windows\dbhomeXE\bin;C:\Program Files (x86)\Common Files\Oracle\Java\javapath;C:\Program Files (x86)\NVIDIA Corporation\PhysX\Common;C:\Program Files\Common Files\Oracle\Java\javapath;C:\WINDOWS\system32;C:\WINDOWS;C:\WINDOWS\System32\Wbem;C:\WINDOWS\System32\WindowsPowerShell\v1.0\;C:\WINDOWS\System32\OpenSSH\;C:\Program Files (x86)\Microsoft SQL Server\160\DTS\Binn\;C:\Program Files\Azure Data Studio\bin;C:\Program Files\dotnet\;C:\Program Files\Microsoft SQL Server\150\Tools\Binn\;C:\Program Files\Microsoft SQL Server\Client SDK\ODBC\170\Tools\Binn\;C:\Program Files\Microsoft SQL Server\170\DTS\Binn\;C:\Program Files\Git\cmd;C:\Users\Windows 10\AppData\Local\Microsoft\WindowsApps;C:\Program Files\Azure Data Studio\bin;C:\Users\Windows 10\AppData\Local\Programs\Microsoft VS Code Insiders\bin;C:\Users\Windows 10\AppData\Local\GitHubDesktop\bin;C:\ProgramData\Windows 10\GitHubDesktop\bin;C:\Users\Windows 10\.dotnet\tools
USERNAME=Windows 10
OS=Windows_NT
PROCESSOR_IDENTIFIER=AMD64 Family 23 Model 104 Stepping 1, AuthenticAMD
TMP=C:\Users\WINDOW~1\AppData\Local\Temp
TEMP=C:\Users\WINDOW~1\AppData\Local\Temp




Periodic native trim disabled

JNI global refs:
JNI global refs: 36, weak refs: 7

JNI global refs memory usage: 835, weak refs: 833

Process memory usage:
Resident Set Size: 419240K (5% of 7681536K total physical memory with 391292K free physical memory)

OOME stack traces (most recent first):
Classloader memory used:
Loader org.gradle.internal.classloader.VisitableURLClassLoader                         : 46409K
Loader bootstrap                                                                       : 28910K
Loader org.gradle.internal.classloader.VisitableURLClassLoader$InstrumentingVisitableURLClassLoader: 28611K
Loader org.gradle.initialization.MixInLegacyTypesClassLoader                           : 13176K
Loader jdk.internal.reflect.DelegatingClassLoader                                      : 425K
Loader jdk.internal.loader.ClassLoaders$AppClassLoader                                 : 231K
Loader org.gradle.internal.classloader.VisitableURLClassLoader                         : 166K
Loader jdk.internal.loader.ClassLoaders$PlatformClassLoader                            : 166K
Loader org.gradle.groovy.scripts.internal.DefaultScriptCompilationHandler$ScriptClassLoader: 127K

Classes loaded by more than one classloader:
Class Program                                                                         : loaded 5 times (x 72B)
Class Build_gradle                                                                    : loaded 3 times (x 126B)
Class com.google.common.collect.RegularImmutableMap$KeySet                            : loaded 2 times (x 152B)
Class org.gradle.internal.classloader.FilteringClassLoader                            : loaded 2 times (x 105B)
Class com.google.common.base.CharMatcher$IsEither                                     : loaded 2 times (x 111B)
Class org.gradle.internal.classloader.ClassLoaderHierarchy                            : loaded 2 times (x 70B)
Class com.google.common.collect.ImmutableEnumSet                                      : loaded 2 times (x 146B)
Class com.google.common.util.concurrent.ExecutionError                                : loaded 2 times (x 82B)
Class com.google.common.collect.ImmutableList$1                                       : loaded 2 times (x 97B)
Class org.gradle.api.internal.classpath.ManifestUtil                                  : loaded 2 times (x 71B)
Class com.google.common.collect.RegularImmutableMap                                   : loaded 2 times (x 121B)
Class com.google.common.collect.ImmutableMap$MapViewOfValuesAsSingletonSets           : loaded 2 times (x 126B)
Class [Lorg.objectweb.asm.Symbol;                                                     : loaded 2 times (x 69B)
Class org.objectweb.asm.ClassVisitor                                                  : loaded 2 times (x 88B)
Class com.google.common.collect.UnmodifiableListIterator                              : loaded 2 times (x 95B)
Class com.google.common.base.Platform$JdkPatternCompiler                              : loaded 2 times (x 75B)
Class org.objectweb.asm.MethodTooLargeException                                       : loaded 2 times (x 83B)
Class [Lcom.google.common.cache.CacheBuilder$OneWeigher;                              : loaded 2 times (x 69B)
Class com.google.common.base.Suppliers                                                : loaded 2 times (x 71B)
Class org.gradle.internal.classloader.DefaultClassLoaderFactory                       : loaded 2 times (x 82B)
Class org.gradle.internal.classloader.ClassLoaderVisitor                              : loaded 2 times (x 76B)
Class [Lcom.google.common.collect.ImmutableMapEntry;                                  : loaded 2 times (x 69B)
Class org.gradle.api.internal.classpath.EffectiveClassPath                            : loaded 2 times (x 90B)
Class com.google.common.collect.ListMultimap                                          : loaded 2 times (x 70B)
Class com.google.common.collect.ImmutableEnumMap                                      : loaded 2 times (x 126B)
Class com.google.common.collect.ImmutableSet$SerializedForm                           : loaded 2 times (x 73B)
Class com.google.common.collect.Sets$1                                                : loaded 2 times (x 139B)
Class org.objectweb.asm.AnnotationVisitor                                             : loaded 2 times (x 78B)
Class ijKotlinCoroutineJvmDebugInit1_8d4id96t5brqjcnqa40zhtiq0                        : loaded 2 times (x 171B)
Class org.gradle.api.internal.DefaultClassPathProvider                                : loaded 2 times (x 76B)
Class com.google.common.collect.Sets$2                                                : loaded 2 times (x 139B)
Class [Lorg.gradle.api.internal.ClassPathProvider;                                    : loaded 2 times (x 69B)
Class org.gradle.api.internal.ClassPathProvider                                       : loaded 2 times (x 70B)
Class [Lorg.objectweb.asm.AnnotationVisitor;                                          : loaded 2 times (x 69B)
Class com.google.common.collect.Sets$3                                                : loaded 2 times (x 139B)
Class com.google.common.cache.LocalCache$LocalLoadingCache                            : loaded 2 times (x 134B)
Class org.gradle.internal.service.UnknownServiceException                             : loaded 2 times (x 83B)
Class com.google.common.collect.Sets$4                                                : loaded 2 times (x 139B)
Class org.objectweb.asm.ModuleVisitor                                                 : loaded 2 times (x 81B)
Class com.google.common.cache.LocalCache$Strength$1                                   : loaded 2 times (x 81B)
Class com.google.common.util.concurrent.SettableFuture                                : loaded 2 times (x 114B)
Class com.google.common.cache.LocalCache$Strength$2                                   : loaded 2 times (x 81B)
Class com.google.common.cache.LocalCache$Strength$3                                   : loaded 2 times (x 81B)
Class com.google.common.collect.MapDifference                                         : loaded 2 times (x 70B)
Class org.objectweb.asm.FieldWriter                                                   : loaded 2 times (x 78B)
Class com.google.common.cache.CacheBuilder$NullListener                               : loaded 2 times (x 82B)
Class org.gradle.internal.classpath.TransformedClassPath                              : loaded 2 times (x 96B)
Class org.gradle.internal.classloader.InstrumentingClassLoader                        : loaded 2 times (x 70B)
Class com.google.common.cache.CacheLoader$FunctionToCacheLoader                       : loaded 2 times (x 75B)
Class com.google.common.collect.Iterators$ArrayItr                                    : loaded 2 times (x 97B)
Class com.google.common.collect.ImmutableCollection$Builder                           : loaded 2 times (x 76B)
Class com.google.common.base.Joiner                                                   : loaded 2 times (x 79B)
Class com.google.common.base.MoreObjects                                              : loaded 2 times (x 71B)
Class com.google.common.collect.Platform                                              : loaded 2 times (x 71B)
Class com.google.common.base.Equivalence$Identity                                     : loaded 2 times (x 82B)
Class com.google.common.collect.UnmodifiableIterator                                  : loaded 2 times (x 80B)
Class org.gradle.internal.service.ServiceLocator                                      : loaded 2 times (x 70B)
Class com.google.common.base.Ascii                                                    : loaded 2 times (x 71B)
Class com.google.common.collect.SingletonImmutableBiMap                               : loaded 2 times (x 143B)
Class com.google.common.cache.LocalCache$1                                            : loaded 2 times (x 89B)
Class com.google.common.collect.Iterators$SingletonIterator                           : loaded 2 times (x 81B)
Class com.google.common.collect.AbstractMapEntry                                      : loaded 2 times (x 81B)
Class com.google.common.collect.Sets$ImprovedAbstractSet                              : loaded 2 times (x 135B)
Class com.google.common.collect.ImmutableList$Builder                                 : loaded 2 times (x 77B)
Class com.google.common.collect.AbstractMultimap                                      : loaded 2 times (x 123B)
Class com.google.common.cache.LocalCache$2                                            : loaded 2 times (x 142B)
Class ijKotlinCoroutineJvmDebugInit1_8d4id96t5brqjcnqa40zhtiq0$_run_closure1$_closure2: loaded 2 times (x 139B)
Class com.google.common.collect.RegularImmutableAsList                                : loaded 2 times (x 217B)
Class ijJvmDebugger1_b5rqkoi4cvyrocszbx6z13ivq                                        : loaded 2 times (x 171B)
Class com.google.common.util.concurrent.AbstractFuture$Trusted                        : loaded 2 times (x 70B)
Class com.google.common.collect.Iterators                                             : loaded 2 times (x 71B)
Class com.google.common.collect.Lists$StringAsImmutableList                           : loaded 2 times (x 207B)
Class com.google.common.util.concurrent.UncheckedExecutionException                   : loaded 2 times (x 82B)
Class org.gradle.kotlin.dsl.VersionCatalogAccessorsKt                                 : loaded 2 times (x 71B)
Class com.google.common.collect.AbstractMapBasedMultimap$KeySet$1                     : loaded 2 times (x 82B)
Class org.objectweb.asm.ClassWriter                                                   : loaded 2 times (x 106B)
Class com.google.common.cache.CacheLoader$UnsupportedLoadingOperationException        : loaded 2 times (x 82B)
Class com.google.common.base.CharMatcher$And                                          : loaded 2 times (x 112B)
Class org.gradle.internal.classloader.ClasspathUtil$1                                 : loaded 2 times (x 76B)
Class org.objectweb.asm.FieldVisitor                                                  : loaded 2 times (x 77B)
Class com.google.common.collect.IndexedImmutableSet                                   : loaded 2 times (x 152B)
Class com.google.common.collect.ImmutableMap$1                                        : loaded 2 times (x 81B)
Class com.google.common.collect.BiMap                                                 : loaded 2 times (x 70B)
Class org.gradle.api.internal.classpath.DefaultModuleRegistry$DefaultModule           : loaded 2 times (x 86B)
Class com.google.common.primitives.Ints                                               : loaded 2 times (x 71B)
Class com.google.common.collect.AbstractIterator                                      : loaded 2 times (x 82B)
Class com.google.common.collect.ObjectArrays                                          : loaded 2 times (x 71B)
Class com.google.common.math.MathPreconditions                                        : loaded 2 times (x 71B)
Class com.google.common.collect.Multiset                                              : loaded 2 times (x 70B)
Class com.google.common.collect.ArrayListMultimapGwtSerializationDependencies         : loaded 2 times (x 172B)
Class com.google.common.collect.AbstractIndexedListIterator                           : loaded 2 times (x 96B)
Class com.google.common.collect.ImmutableMapEntrySet                                  : loaded 2 times (x 152B)
Class org.gradle.api.internal.classpath.Module                                        : loaded 2 times (x 70B)
Class com.google.common.cache.Weigher                                                 : loaded 2 times (x 70B)
Class org.gradle.api.internal.classpath.UnknownModuleException                        : loaded 2 times (x 82B)
Class com.google.common.base.Stopwatch                                                : loaded 2 times (x 72B)
Class com.google.common.cache.LocalCache$Strength                                     : loaded 2 times (x 81B)
Class com.google.common.cache.Cache                                                   : loaded 2 times (x 70B)
Class com.google.common.util.concurrent.AbstractFuture$Cancellation                   : loaded 2 times (x 72B)
Class com.google.common.collect.ImmutableMap$Builder                                  : loaded 2 times (x 82B)
Class com.google.common.cache.RemovalListener                                         : loaded 2 times (x 70B)
Class org.gradle.api.internal.DefaultClassPathRegistry                                : loaded 2 times (x 76B)
Class com.google.common.primitives.IntsMethodsForWeb                                  : loaded 2 times (x 71B)
Class com.google.common.collect.Multimap                                              : loaded 2 times (x 70B)
Class ijKotlinCoroutineJvmDebugInit1_8d4id96t5brqjcnqa40zhtiq0$_run_closure1          : loaded 2 times (x 139B)
Class org.gradle.api.internal.ClassPathRegistry                                       : loaded 2 times (x 70B)
Class org.gradle.internal.classpath.DefaultClassPath$ImmutableUniqueList              : loaded 2 times (x 199B)
Class [Lorg.objectweb.asm.Type;                                                       : loaded 2 times (x 69B)
Class com.google.common.cache.CacheBuilder                                            : loaded 2 times (x 72B)
Class com.google.common.collect.SingletonImmutableList                                : loaded 2 times (x 207B)
Class Settings_gradle$1                                                               : loaded 2 times (x 74B)
Class org.gradle.internal.classpath.ClassPath                                         : loaded 2 times (x 70B)
Class com.google.common.base.JdkPattern                                               : loaded 2 times (x 75B)
Class com.google.common.collect.ImmutableList$ReverseImmutableList                    : loaded 2 times (x 209B)
Class org.objectweb.asm.SymbolTable$Entry                                             : loaded 2 times (x 74B)
Class org.objectweb.asm.Edge                                                          : loaded 2 times (x 72B)
Class com.google.common.base.Suppliers$SupplierOfInstance                             : loaded 2 times (x 79B)
Class com.google.common.collect.Iterators$1                                           : loaded 2 times (x 81B)
Class com.google.common.cache.LocalCache$ComputingValueReference                      : loaded 2 times (x 96B)
Class com.google.common.collect.SingletonImmutableSet                                 : loaded 2 times (x 146B)
Class com.google.common.collect.ImmutableMap$IteratorBasedImmutableMap                : loaded 2 times (x 126B)
Class com.google.common.cache.LocalCache$Segment                                      : loaded 2 times (x 154B)
Class com.google.common.collect.AbstractListMultimap                                  : loaded 2 times (x 172B)
Class [Lorg.objectweb.asm.SymbolTable$Entry;                                          : loaded 2 times (x 69B)
Class com.google.common.cache.CacheLoader                                             : loaded 2 times (x 74B)
Class com.google.common.collect.Iterators$4                                           : loaded 2 times (x 82B)
Class com.google.common.collect.ImmutableBiMap                                        : loaded 2 times (x 143B)
Class org.gradle.api.internal.classpath.ModuleRegistry                                : loaded 2 times (x 70B)
Class org.gradle.internal.installation.GradleInstallation$1                           : loaded 2 times (x 75B)
Class com.google.common.collect.ImmutableSet$JdkBackedSetBuilderImpl                  : loaded 2 times (x 76B)
Class com.google.common.util.concurrent.internal.InternalFutureFailureAccess          : loaded 2 times (x 72B)
Class com.google.common.collect.Iterators$5                                           : loaded 2 times (x 82B)
Class com.google.common.cache.LocalCache$LocalManualCache$1                           : loaded 2 times (x 75B)
Class com.google.common.base.CharMatcher$ForPredicate                                 : loaded 2 times (x 112B)
Class com.google.common.base.CharMatcher$AnyOf                                        : loaded 2 times (x 112B)
Class com.google.common.collect.ImmutableCollection                                   : loaded 2 times (x 125B)
Class org.gradle.api.internal.classpath.DefaultModuleRegistry                         : loaded 2 times (x 86B)
Class com.google.common.collect.Lists                                                 : loaded 2 times (x 71B)
Class com.google.common.util.concurrent.ListenableFuture                              : loaded 2 times (x 70B)
Class com.google.common.cache.ReferenceEntry                                          : loaded 2 times (x 70B)
Class com.google.common.base.Converter                                                : loaded 2 times (x 90B)
Class com.google.common.collect.ImmutableSet$CachingAsList                            : loaded 2 times (x 148B)
Class com.google.common.collect.AbstractMapBasedMultimap                              : loaded 2 times (x 139B)
Class com.google.common.util.concurrent.AbstractFuture                                : loaded 2 times (x 106B)
Class com.google.common.base.FunctionalEquivalence                                    : loaded 2 times (x 83B)
Class com.google.common.collect.Iterators$9                                           : loaded 2 times (x 81B)
Class com.google.common.collect.ImmutableAsList                                       : loaded 2 times (x 209B)
Class org.objectweb.asm.RecordComponentVisitor                                        : loaded 2 times (x 77B)
Class com.google.common.cache.CacheLoader$SupplierToCacheLoader                       : loaded 2 times (x 75B)
Class ijJvmDebugger1_b5rqkoi4cvyrocszbx6z13ivq$_run_closure1$_closure2                : loaded 2 times (x 140B)
Class org.gradle.internal.service.ServiceLookupException                              : loaded 2 times (x 82B)
Class [Lcom.google.common.cache.LocalCache$EntryFactory;                              : loaded 2 times (x 69B)
Class org.gradle.internal.classloader.ClassLoaderFactory                              : loaded 2 times (x 70B)
Class com.google.common.base.CommonPattern                                            : loaded 2 times (x 74B)
Class com.google.common.cache.LocalCache$LocalManualCache                             : loaded 2 times (x 99B)
Class com.google.common.base.CharMatcher$IsNot                                        : loaded 2 times (x 111B)
Class org.gradle.internal.service.CachingServiceLocator                               : loaded 2 times (x 82B)
Class com.google.common.collect.AbstractMapBasedMultimap$KeySet                       : loaded 2 times (x 137B)
Class com.google.common.math.IntMath                                                  : loaded 2 times (x 71B)
Class com.google.common.collect.ImmutableMapEntry                                     : loaded 2 times (x 85B)
Class com.google.common.base.Equivalence                                              : loaded 2 times (x 82B)
Class com.google.common.base.Function                                                 : loaded 2 times (x 70B)
Class com.google.common.collect.ImmutableMapEntry$NonTerminalImmutableMapEntry        : loaded 2 times (x 85B)
Class com.google.common.cache.CacheBuilder$OneWeigher                                 : loaded 2 times (x 82B)
Class com.google.common.collect.RegularImmutableList                                  : loaded 2 times (x 213B)
Class org.gradle.internal.classloader.ClasspathUtil                                   : loaded 2 times (x 71B)
Class com.google.common.util.concurrent.Uninterruptibles                              : loaded 2 times (x 71B)
Class com.google.common.util.concurrent.LazyLogger                                    : loaded 2 times (x 72B)
Class com.google.common.collect.Maps                                                  : loaded 2 times (x 71B)
Class org.gradle.api.specs.Spec                                                       : loaded 2 times (x 70B)
Class [Lcom.google.common.collect.ImmutableEntry;                                     : loaded 2 times (x 69B)
Class com.google.common.cache.LocalCache$LoadingValueReference                        : loaded 2 times (x 96B)
Class com.google.common.base.Platform                                                 : loaded 2 times (x 71B)
Class [Lorg.objectweb.asm.AnnotationWriter;                                           : loaded 2 times (x 69B)
Class com.google.common.collect.Maps$8                                                : loaded 2 times (x 82B)
Class com.google.common.collect.Sets$SetView                                          : loaded 2 times (x 138B)
Class com.google.common.cache.LocalCache$StrongValueReference                         : loaded 2 times (x 90B)
Class org.objectweb.asm.Type                                                          : loaded 2 times (x 72B)
Class org.gradle.internal.classloader.VisitableURLClassLoader$InstrumentingVisitableURLClassLoader: loaded 2 times (x 123B)
Class com.google.common.math.IntMath$1                                                : loaded 2 times (x 71B)
Class org.objectweb.asm.ByteVector                                                    : loaded 2 times (x 79B)
Class [Lcom.google.common.cache.CacheBuilder$NullListener;                            : loaded 2 times (x 69B)
Class org.gradle.internal.classloader.VisitableURLClassLoader$Spec                    : loaded 2 times (x 74B)
Class org.gradle.internal.classpath.DefaultClassPath                                  : loaded 2 times (x 90B)
Class org.objectweb.asm.Symbol                                                        : loaded 2 times (x 73B)
Class com.google.common.base.CharMatcher$BitSetMatcher                                : loaded 2 times (x 112B)
Class com.google.common.collect.ImmutableSet                                          : loaded 2 times (x 145B)
Class com.google.common.collect.RegularImmutableMap$Values                            : loaded 2 times (x 207B)
Class org.gradle.internal.classloader.ClassLoaderSpec                                 : loaded 2 times (x 71B)
Class org.objectweb.asm.AnnotationWriter                                              : loaded 2 times (x 79B)
Class com.google.common.cache.CacheStats                                              : loaded 2 times (x 71B)
Class org.objectweb.asm.RecordComponentWriter                                         : loaded 2 times (x 78B)
Class com.google.common.util.concurrent.AbstractFuture$Listener                       : loaded 2 times (x 72B)
Class com.google.common.base.CharMatcher$Or                                           : loaded 2 times (x 112B)
Class Settings_gradle$1$1                                                             : loaded 2 times (x 74B)
Class org.objectweb.asm.Attribute                                                     : loaded 2 times (x 77B)
Class com.google.common.base.Supplier                                                 : loaded 2 times (x 70B)
Class ijJvmDebugger1_b5rqkoi4cvyrocszbx6z13ivq$_run_closure1                          : loaded 2 times (x 139B)
Class org.gradle.internal.classloader.VisitableURLClassLoader                         : loaded 2 times (x 117B)
Class Settings_gradle                                                                 : loaded 2 times (x 124B)
Class org.gradle.internal.Cast                                                        : loaded 2 times (x 71B)
Class org.gradle.api.Action                                                           : loaded 2 times (x 70B)
Class com.google.common.base.Strings                                                  : loaded 2 times (x 71B)
Class com.google.common.collect.Sets                                                  : loaded 2 times (x 71B)
Class org.objectweb.asm.Handler                                                       : loaded 2 times (x 72B)
Class com.google.common.base.Ticker                                                   : loaded 2 times (x 72B)
Class com.google.common.base.CharMatcher$FastMatcher                                  : loaded 2 times (x 111B)
Class [Lcom.google.common.cache.LocalCache$Segment;                                   : loaded 2 times (x 69B)
Class [Lcom.google.common.cache.LocalCache$Strength;                                  : loaded 2 times (x 69B)
Class com.google.common.cache.CacheBuilder$1                                          : loaded 2 times (x 85B)
Class com.google.common.base.Predicate                                                : loaded 2 times (x 70B)
Class com.google.common.collect.ImmutableMap                                          : loaded 2 times (x 120B)
Class org.gradle.internal.classpath.DefaultClassPath$ImmutableUniqueList$Builder      : loaded 2 times (x 75B)
Class com.google.common.cache.LocalCache                                              : loaded 2 times (x 187B)
Class com.google.common.cache.CacheBuilder$2                                          : loaded 2 times (x 79B)
Class com.google.common.base.CharMatcher$NegatedFastMatcher                           : loaded 2 times (x 113B)
Class com.google.common.collect.ArrayListMultimap                                     : loaded 2 times (x 172B)
Class com.google.common.cache.CacheBuilder$3                                          : loaded 2 times (x 72B)
Class [Lcom.google.common.collect.AbstractMapEntry;                                   : loaded 2 times (x 69B)
Class com.google.common.collect.ImmutableEntry                                        : loaded 2 times (x 82B)
Class org.gradle.api.GradleException                                                  : loaded 2 times (x 82B)
Class com.google.common.collect.CollectPreconditions                                  : loaded 2 times (x 71B)
Class com.google.common.collect.SortedMapDifference                                   : loaded 2 times (x 70B)
Class com.google.common.cache.LocalCache$EntryFactory                                 : loaded 2 times (x 83B)
Class com.google.common.cache.LocalCache$AbstractReferenceEntry                       : loaded 2 times (x 107B)
Class org.gradle.internal.IoActions                                                   : loaded 2 times (x 71B)
Class org.objectweb.asm.SymbolTable                                                   : loaded 2 times (x 72B)
Class com.google.common.cache.CacheLoader$InvalidCacheLoadException                   : loaded 2 times (x 82B)
Class com.google.common.collect.ImmutableSet$RegularSetBuilderImpl                    : loaded 2 times (x 77B)
Class org.gradle.internal.classloader.SystemClassLoaderSpec                           : loaded 2 times (x 71B)
Class com.google.common.cache.LocalCache$StrongEntry                                  : loaded 2 times (x 108B)
Class com.google.common.util.concurrent.AbstractFuture$TrustedFuture                  : loaded 2 times (x 114B)
Class com.google.common.cache.LoadingCache                                            : loaded 2 times (x 70B)
Class org.objectweb.asm.MethodWriter                                                  : loaded 2 times (x 106B)
Class [Lcom.google.common.cache.Weigher;                                              : loaded 2 times (x 69B)
Class com.google.common.collect.RegularImmutableMap$BucketOverflowException           : loaded 2 times (x 82B)
Class com.google.common.collect.RegularImmutableBiMap                                 : loaded 2 times (x 149B)
Class com.google.common.cache.LocalCache$ValueReference                               : loaded 2 times (x 70B)
Class com.google.common.base.CharMatcher$Negated                                      : loaded 2 times (x 113B)
Class com.google.common.base.CharMatcher$Is                                           : loaded 2 times (x 111B)
Class com.google.common.base.PatternCompiler                                          : loaded 2 times (x 70B)
Class com.google.common.util.concurrent.AbstractFuture$Failure                        : loaded 2 times (x 72B)
Class com.google.common.base.Equivalence$Equals                                       : loaded 2 times (x 82B)
Class com.google.common.collect.Hashing                                               : loaded 2 times (x 71B)
Class com.google.common.base.Preconditions                                            : loaded 2 times (x 71B)
Class com.google.common.base.Joiner$1                                                 : loaded 2 times (x 80B)
Class org.objectweb.asm.Label                                                         : loaded 2 times (x 73B)
Class org.objectweb.asm.CurrentFrame                                                  : loaded 2 times (x 73B)
Class org.objectweb.asm.ClassTooLargeException                                        : loaded 2 times (x 83B)
Class com.google.common.base.CharMatcher                                              : loaded 2 times (x 111B)
Class com.google.common.collect.PeekingIterator                                       : loaded 2 times (x 70B)
Class com.google.common.base.Joiner$2                                                 : loaded 2 times (x 79B)
Class org.objectweb.asm.Frame                                                         : loaded 2 times (x 73B)
Class org.objectweb.asm.MethodVisitor                                                 : loaded 2 times (x 105B)
Class com.google.common.cache.LocalCache$EntryFactory$1                               : loaded 2 times (x 83B)
Class [Lcom.google.common.cache.RemovalListener;                                      : loaded 2 times (x 69B)
Class com.google.common.base.CharMatcher$1                                            : loaded 2 times (x 113B)
Class com.google.common.base.CharMatcher$NamedFastMatcher                             : loaded 2 times (x 112B)
Class com.google.common.cache.LocalCache$EntryFactory$2                               : loaded 2 times (x 83B)
Class org.gradle.api.internal.classpath.GlobalCacheRootsProvider                      : loaded 2 times (x 70B)
Class org.objectweb.asm.ModuleWriter                                                  : loaded 2 times (x 82B)
Class com.google.common.cache.LocalCache$EntryFactory$3                               : loaded 2 times (x 83B)
Class com.google.common.base.Ticker$1                                                 : loaded 2 times (x 72B)
Class com.google.common.collect.Maps$BiMapConverter                                   : loaded 2 times (x 90B)
Class com.google.common.collect.ImmutableMapEntrySet$RegularEntrySet                  : loaded 2 times (x 152B)
Class com.google.common.collect.ImmutableSet$Builder                                  : loaded 2 times (x 85B)
Class com.google.common.cache.LocalCache$EntryFactory$4                               : loaded 2 times (x 83B)
Class com.google.common.base.CharMatcher$InRange                                      : loaded 2 times (x 111B)
Class com.google.common.cache.LocalCache$EntryFactory$5                               : loaded 2 times (x 83B)
Class com.google.common.base.PairwiseEquivalence                                      : loaded 2 times (x 83B)
Class com.google.common.cache.LocalCache$EntryFactory$6                               : loaded 2 times (x 83B)
Class org.gradle.internal.installation.CurrentGradleInstallationLocator               : loaded 2 times (x 71B)
Class com.google.common.collect.Maps$KeySet                                           : loaded 2 times (x 137B)
Class com.google.common.collect.ImmutableSet$EmptySetBuilderImpl                      : loaded 2 times (x 76B)
Class com.google.common.cache.LocalCache$EntryFactory$7                               : loaded 2 times (x 83B)
Class com.google.common.collect.ImmutableList                                         : loaded 2 times (x 206B)
Class org.gradle.internal.service.DefaultServiceLocator                               : loaded 2 times (x 83B)
Class com.google.common.cache.LocalCache$EntryFactory$8                               : loaded 2 times (x 83B)
Class com.google.common.collect.ImmutableSet$SetBuilderImpl                           : loaded 2 times (x 76B)
Class org.gradle.internal.installation.CurrentGradleInstallation                      : loaded 2 times (x 73B)
Class com.google.common.cache.CacheLoader$1                                           : loaded 2 times (x 75B)
Class com.google.common.collect.ForwardingObject                                      : loaded 2 times (x 72B)
Class com.google.common.collect.ImmutableList$SubList                                 : loaded 2 times (x 209B)
Class org.gradle.util.internal.GUtil                                                  : loaded 2 times (x 71B)
Class com.google.common.cache.AbstractCache$StatsCounter                              : loaded 2 times (x 70B)
Class com.google.common.collect.Iterators$MergingIterator                             : loaded 2 times (x 81B)
Class com.google.common.collect.RegularImmutableSet                                   : loaded 2 times (x 149B)
Class org.gradle.internal.installation.GradleInstallation                             : loaded 2 times (x 75B)
Class com.google.common.collect.Iterables                                             : loaded 2 times (x 71B)

---------------  S Y S T E M  ---------------

OS:
 Windows 11 , 64 bit Build 26100 (10.0.26100.8328)
OS uptime: 0 days 9:05 hours
Hyper-V role detected

CPU: total 16 (initial active 16) (16 cores per cpu, 2 threads per core) family 23 model 104 stepping 1 microcode 0x8608107, cx8, cmov, fxsr, ht, mmx, 3dnowpref, sse, sse2, sse3, ssse3, sse4a, sse4.1, sse4.2, popcnt, lzcnt, tsc, tscinvbit, avx, avx2, aes, clmul, bmi1, bmi2, adx, sha, fma, vzeroupper, clflush, clflushopt, hv, rdtscp, rdpid, f16c
Processor Information for the first 16 processors :
  Max Mhz: 1801, Current Mhz: 1801, Mhz Limit: 1801

Memory: 4k page, system-wide physical 7501M (380M free)
TotalPageFile size 30029M (AvailPageFile size 167M)
current process WorkingSet (physical memory assigned to process): 413M, peak: 434M
current process commit charge ("private bytes"): 552M, peak: 851M

vm_info: OpenJDK 64-Bit Server VM (21.0.10+-14961533-b1163.108) for windows-amd64 JRE (21.0.10+-14961533-b1163.108), built on 2026-03-02T19:58:50Z by "builder" with MS VC++ 16.10 / 16.11 (VS2019)

END.
